npm notice run tutore-backend@1.0.0 dev
npm notice run nodemon server.js
[33m[nodemon] 3.1.14[39m
[33m[nodemon] to restart at any time, enter `rs`[39m
[33m[nodemon] watching path(s): *.*[39m
[33m[nodemon] watching extensions: js,mjs,cjs,json[39m
[32m[nodemon] starting `node server.js`[39m
Serveur lancé sur localhost:3010
[06/09/2026 19:11:28] OPTIONS /api/notifications/count-unread
[06/09/2026 19:11:28] GET /api/notifications/count-unread
[0mGET /api/notifications/count-unread [32m200[0m 586.492 ms - 106[0m
[06/09/2026 19:11:53] POST /api/auth/login
[0mPOST /api/auth/login [32m200[0m 495.512 ms - 387[0m
[06/09/2026 19:12:28] OPTIONS /api/notifications/count-unread
[06/09/2026 19:12:28] GET /api/notifications/count-unread
[0mGET /api/notifications/count-unread [36m304[0m 182.132 ms - -[0m
[06/09/2026 19:13:27] POST /api/auth/login
[0mPOST /api/auth/login [32m200[0m 274.202 ms - 387[0m
[06/09/2026 19:13:27] GET /api/formations
[0mGET /api/formations [32m200[0m 165.809 ms - -[0m
[06/09/2026 19:13:27] GET /api/categories
[0mGET /api/categories [32m200[0m 168.957 ms - 351[0m
[06/09/2026 19:13:27] GET /api/formations/1
[0mGET /api/formations/1 [32m200[0m 166.203 ms - 469[0m
[06/09/2026 19:13:28] GET /api/chapters/formation/1
[06/09/2026 19:13:28] OPTIONS /api/notifications/count-unread
[06/09/2026 19:13:28] GET /api/notifications/count-unread
[0mGET /api/notifications/count-unread [36m304[0m 513.911 ms - -[0m
[0mGET /api/chapters/formation/1 [32m200[0m 3285.242 ms - 693[0m
[06/09/2026 19:13:31] POST /api/enrollments
[0mPOST /api/enrollments [33m409[0m 507.240 ms - 98[0m
[06/09/2026 19:13:31] GET /api/enrollments/user/6
[0mGET /api/enrollments/user/6 [32m200[0m 339.867 ms - 1022[0m
[06/09/2026 19:13:32] GET /api/progressions/me
[0mGET /api/progressions/me [32m200[0m 4530.524 ms - 510[0m
[06/09/2026 19:13:36] GET /api/chapters/1
[0mGET /api/chapters/1 [32m200[0m 1604.925 ms - 364[0m
[06/09/2026 19:13:38] GET /api/sections/chapter/1
Error: Unknown column 'contenu' in 'field list'
    at SectionRepository.findByChapter (file:///D:/E-LearnigLocal/backend/src/repositories/section.repository.js:53:31)
    at SectionService.getSectionsByChapter (file:///D:/E-LearnigLocal/backend/src/services/section.service.js:24:36)
    at process.processTicksAndRejections (node:internal/process/task_queues:104:5)
    at async byChapter (file:///D:/E-LearnigLocal/backend/src/controllers/section.controller.js:21:20) {
  code: 'ER_BAD_FIELD_ERROR',
  errno: 1054,
  sqlState: '42S22',
  sqlMessage: "Unknown column 'contenu' in 'field list'",
  sql: '\n' +
    '            SELECT\n' +
    '                id_section,\n' +
    '                id_chapitre,\n' +
    '                titre,\n' +
    '                description,\n' +
    '                contenu,\n' +
    '                ordre\n' +
    '            FROM sections\n' +
    "            WHERE id_chapitre = '1'\n" +
    '            ORDER BY ordre ASC, id_section ASC\n' +
    '            '
}
[0mGET /api/sections/chapter/1 [31m500[0m 761.792 ms - 76[0m
[06/09/2026 19:13:39] POST /api/auth/login
[0mPOST /api/auth/login [32m200[0m 405.398 ms - 384[0m
[06/09/2026 19:13:39] GET /api/categories
[0mGET /api/categories [32m200[0m 172.067 ms - 351[0m
[06/09/2026 19:13:39] POST /api/formations
[0mPOST /api/formations [32m200[0m 708.488 ms - 76[0m
[06/09/2026 19:14:28] OPTIONS /api/notifications/count-unread
[06/09/2026 19:14:28] GET /api/notifications/count-unread
[0mGET /api/notifications/count-unread [36m304[0m 157.067 ms - -[0m
[06/09/2026 19:15:28] OPTIONS /api/notifications/count-unread
[06/09/2026 19:15:28] GET /api/notifications/count-unread
[0mGET /api/notifications/count-unread [36m304[0m 169.015 ms - -[0m
[06/09/2026 19:16:28] OPTIONS /api/notifications/count-unread
[06/09/2026 19:16:28] GET /api/notifications/count-unread
[0mGET /api/notifications/count-unread [36m304[0m 165.239 ms - -[0m
[06/09/2026 19:17:28] OPTIONS /api/notifications/count-unread
[06/09/2026 19:17:28] GET /api/notifications/count-unread
[0mGET /api/notifications/count-unread [36m304[0m 166.528 ms - -[0m
[06/09/2026 19:18:28] OPTIONS /api/notifications/count-unread
[06/09/2026 19:18:28] GET /api/notifications/count-unread
[0mGET /api/notifications/count-unread [36m304[0m 158.594 ms - -[0m
[06/09/2026 19:19:28] OPTIONS /api/notifications/count-unread
[06/09/2026 19:19:28] GET /api/notifications/count-unread
[0mGET /api/notifications/count-unread [36m304[0m 201.637 ms - -[0m
[06/09/2026 19:20:28] OPTIONS /api/notifications/count-unread
[06/09/2026 19:20:28] GET /api/notifications/count-unread
[0mGET /api/notifications/count-unread [36m304[0m 202.057 ms - -[0m
[06/09/2026 19:21:28] OPTIONS /api/notifications/count-unread
[06/09/2026 19:21:28] GET /api/notifications/count-unread
[0mGET /api/notifications/count-unread [36m304[0m 392.861 ms - -[0m
[06/09/2026 19:22:28] OPTIONS /api/notifications/count-unread
[06/09/2026 19:22:28] GET /api/notifications/count-unread
[0mGET /api/notifications/count-unread [36m304[0m 405.864 ms - -[0m
[06/09/2026 19:23:28] OPTIONS /api/notifications/count-unread
[06/09/2026 19:23:28] GET /api/notifications/count-unread
[0mGET /api/notifications/count-unread [36m304[0m 193.838 ms - -[0m
[06/09/2026 19:23:30] POST /api/auth/login
[0mPOST /api/auth/login [33m422[0m 1.010 ms - 223[0m
[06/09/2026 19:23:56] POST /api/auth/login
[0mPOST /api/auth/login [32m200[0m 322.384 ms - 387[0m
[06/09/2026 19:23:57] POST /api/auth/login
[0mPOST /api/auth/login [32m200[0m 432.380 ms - 384[0m
[06/09/2026 19:23:57] GET /api/formations/1
[0mGET /api/formations/1 [32m200[0m 241.058 ms - 469[0m
[06/09/2026 19:23:57] GET /api/chapters/formation/1
[0mGET /api/chapters/formation/1 [32m200[0m 4081.752 ms - 693[0m
[06/09/2026 19:24:02] GET /api/sections/chapter/undefined
[0mGET /api/sections/chapter/undefined [33m404[0m 196.282 ms - 65[0m
[06/09/2026 19:24:02] GET /api/sous-sections/section/undefined
[0mGET /api/sous-sections/section/undefined [33m404[0m 201.332 ms - 64[0m
[06/09/2026 19:24:02] GET /api/sections/1
[0mGET /api/sections/1 [32m200[0m 608.840 ms - 269[0m
[06/09/2026 19:24:03] PUT /api/sections/1
[0mPUT /api/sections/1 [32m200[0m 1205.476 ms - 266[0m
[06/09/2026 19:24:04] GET /api/sections/1
[0mGET /api/sections/1 [32m200[0m 613.694 ms - 269[0m
[06/09/2026 19:24:04] POST /api/files/upload
[0mPOST /api/files/upload [32m201[0m 21.992 ms - 197[0m
[06/09/2026 19:24:04] GET /api/files/1788719044906-verification-test.png
[0mGET /api/files/1788719044906-verification-test.png [33m401[0m 0.993 ms - 70[0m
[06/09/2026 19:24:04] PUT /api/sections/1
[0mPUT /api/sections/1 [32m200[0m 1268.171 ms - 354[0m
[06/09/2026 19:24:06] GET /api/files/1788719044906-verification-test.png?token=eyJhbGciOiJIUzI1NiIsInR5cCI6IkpXVCJ9.eyJpZCI6Niwicm9sZSI6IkV0dWRpYW50IiwiZW1haWwiOiJncmFjZS53YXlpcmVAdHV0b3JlLmxvY2FsIiwiaWF0IjoxNzg4NzE5MDM3LCJleHAiOjE3ODg4MDU0Mzd9.rIOFrckKOJRZO3NHbARs7hD3HnZEH1RQULlmG0H-F6M
[0mGET /api/files/1788719044906-verification-test.png?token=eyJhbGciOiJIUzI1NiIsInR5cCI6IkpXVCJ9.eyJpZCI6Niwicm9sZSI6IkV0dWRpYW50IiwiZW1haWwiOiJncmFjZS53YXlpcmVAdHV0b3JlLmxvY2FsIiwiaWF0IjoxNzg4NzE5MDM3LCJleHAiOjE3ODg4MDU0Mzd9.rIOFrckKOJRZO3NHbARs7hD3HnZEH1RQULlmG0H-F6M [32m200[0m 1218.663 ms - 70[0m
[06/09/2026 19:24:07] GET /api/files/1788719044906-verification-test.png?token=eyJhbGciOiJIUzI1NiIsInR5cCI6IkpXVCJ9.eyJpZCI6NCwicm9sZSI6IkZvcm1hdGV1ciIsImVtYWlsIjoiamVhbi5wYXVsQHR1dG9yZS5sb2NhbCIsImlhdCI6MTc4ODcxOTAzNywiZXhwIjoxNzg4ODA1NDM3fQ._Numw-K9u4Xp7UoLsjhn5BbKU9FBWYLLYqewOYnuSAY
[0mGET /api/files/1788719044906-verification-test.png?token=eyJhbGciOiJIUzI1NiIsInR5cCI6IkpXVCJ9.eyJpZCI6NCwicm9sZSI6IkZvcm1hdGV1ciIsImVtYWlsIjoiamVhbi5wYXVsQHR1dG9yZS5sb2NhbCIsImlhdCI6MTc4ODcxOTAzNywiZXhwIjoxNzg4ODA1NDM3fQ._Numw-K9u4Xp7UoLsjhn5BbKU9FBWYLLYqewOYnuSAY [32m200[0m 503.095 ms - 70[0m
[06/09/2026 19:24:07] GET /api/files/1788719044906-verification-test.png?token=eyJhbGciOiJIUzI1NiIsInR5cCI6IkpXVCJ9.eyJpZCI6Niwicm9sZSI6IkV0dWRpYW50IiwiZW1haWwiOiJncmFjZS53YXlpcmVAdHV0b3JlLmxvY2FsIiwiaWF0IjoxNzg4NzE5MDM3LCJleHAiOjE3ODg4MDU0Mzd9.rIOFrckKOJRZO3NHbARs7hD3HnZEH1RQULlmG0H-F6M
[0mGET /api/files/1788719044906-verification-test.png?token=eyJhbGciOiJIUzI1NiIsInR5cCI6IkpXVCJ9.eyJpZCI6Niwicm9sZSI6IkV0dWRpYW50IiwiZW1haWwiOiJncmFjZS53YXlpcmVAdHV0b3JlLmxvY2FsIiwiaWF0IjoxNzg4NzE5MDM3LCJleHAiOjE3ODg4MDU0Mzd9.rIOFrckKOJRZO3NHbARs7hD3HnZEH1RQULlmG0H-F6M [32m206[0m 820.256 ms - 1[0m
[06/09/2026 19:24:08] PUT /api/sections/1
[0mPUT /api/sections/1 [32m200[0m 1303.802 ms - 266[0m
[06/09/2026 19:24:10] GET /api/sections/1
[0mGET /api/sections/1 [32m200[0m 1119.617 ms - 269[0m
[06/09/2026 19:24:11] GET /api/categories
[0mGET /api/categories [32m200[0m 404.346 ms - 351[0m
[06/09/2026 19:24:28] OPTIONS /api/notifications/count-unread
[06/09/2026 19:24:28] GET /api/notifications/count-unread
[06/09/2026 19:24:36] POST /api/auth/login
[0mGET /api/notifications/count-unread [36m304[0m 10040.285 ms - -[0m
[0mPOST /api/auth/login [32m200[0m 2746.077 ms - 387[0m
[06/09/2026 19:24:39] GET /api/chapters/formation/1
[0mGET /api/chapters/formation/1 [32m200[0m 4590.040 ms - 693[0m
[06/09/2026 19:25:17] POST /api/auth/login
[0mPOST /api/auth/login [32m200[0m 309.817 ms - 387[0m
[06/09/2026 19:25:17] POST /api/auth/login
[0mPOST /api/auth/login [32m200[0m 311.023 ms - 384[0m
[06/09/2026 19:25:17] GET /api/formations/1
[0mGET /api/formations/1 [32m200[0m 167.550 ms - 469[0m
[06/09/2026 19:25:17] GET /api/chapters/formation/1
[0mGET /api/chapters/formation/1 [32m200[0m 5161.605 ms - 693[0m
[06/09/2026 19:25:23] GET /api/sections/chapter/1
[0mGET /api/sections/chapter/1 [32m200[0m 852.279 ms - 361[0m
[06/09/2026 19:25:24] GET /api/sous-sections/section/1
[0mGET /api/sous-sections/section/1 [32m200[0m 1009.683 ms - 225[0m
[06/09/2026 19:25:25] GET /api/sections/1
[0mGET /api/sections/1 [32m200[0m 707.892 ms - 269[0m
[06/09/2026 19:25:25] PUT /api/sections/1
[0mPUT /api/sections/1 [32m200[0m 1417.308 ms - 266[0m
[06/09/2026 19:25:27] GET /api/sections/1
[0mGET /api/sections/1 [32m200[0m 700.612 ms - 269[0m
[06/09/2026 19:25:27] POST /api/files/upload
[0mPOST /api/files/upload [32m201[0m 10.009 ms - 197[0m
[06/09/2026 19:25:27] GET /api/files/1788719127921-verification-test.png
[0mGET /api/files/1788719127921-verification-test.png [33m404[0m 188.744 ms - 82[0m
[06/09/2026 19:25:28] PUT /api/sections/1
[06/09/2026 19:25:28] OPTIONS /api/notifications/count-unread
[06/09/2026 19:25:28] GET /api/notifications/count-unread
[0mGET /api/notifications/count-unread [36m304[0m 198.608 ms - -[0m
[0mPUT /api/sections/1 [32m200[0m 1196.924 ms - 354[0m
[06/09/2026 19:25:29] GET /api/files/1788719127921-verification-test.png?token=eyJhbGciOiJIUzI1NiIsInR5cCI6IkpXVCJ9.eyJpZCI6Niwicm9sZSI6IkV0dWRpYW50IiwiZW1haWwiOiJncmFjZS53YXlpcmVAdHV0b3JlLmxvY2FsIiwiaWF0IjoxNzg4NzE5MTE3LCJleHAiOjE3ODg4MDU1MTd9.40W33rEf69kWpksj33NPgH842RF8GdpVMdHTZOJcVG0
[0mGET /api/files/1788719127921-verification-test.png?token=eyJhbGciOiJIUzI1NiIsInR5cCI6IkpXVCJ9.eyJpZCI6Niwicm9sZSI6IkV0dWRpYW50IiwiZW1haWwiOiJncmFjZS53YXlpcmVAdHV0b3JlLmxvY2FsIiwiaWF0IjoxNzg4NzE5MTE3LCJleHAiOjE3ODg4MDU1MTd9.40W33rEf69kWpksj33NPgH842RF8GdpVMdHTZOJcVG0 [32m200[0m 631.242 ms - 70[0m
[06/09/2026 19:25:29] GET /api/files/1788719127921-verification-test.png?token=eyJhbGciOiJIUzI1NiIsInR5cCI6IkpXVCJ9.eyJpZCI6NCwicm9sZSI6IkZvcm1hdGV1ciIsImVtYWlsIjoiamVhbi5wYXVsQHR1dG9yZS5sb2NhbCIsImlhdCI6MTc4ODcxOTExNywiZXhwIjoxNzg4ODA1NTE3fQ.gYbiA6WwGo9ihL4wBGWlOSNHzmayoDIYIKlrAYWofbM
[0mGET /api/files/1788719127921-verification-test.png?token=eyJhbGciOiJIUzI1NiIsInR5cCI6IkpXVCJ9.eyJpZCI6NCwicm9sZSI6IkZvcm1hdGV1ciIsImVtYWlsIjoiamVhbi5wYXVsQHR1dG9yZS5sb2NhbCIsImlhdCI6MTc4ODcxOTExNywiZXhwIjoxNzg4ODA1NTE3fQ.gYbiA6WwGo9ihL4wBGWlOSNHzmayoDIYIKlrAYWofbM [32m200[0m 475.578 ms - 70[0m
[06/09/2026 19:25:30] GET /api/files/1788719127921-verification-test.png?token=eyJhbGciOiJIUzI1NiIsInR5cCI6IkpXVCJ9.eyJpZCI6Niwicm9sZSI6IkV0dWRpYW50IiwiZW1haWwiOiJncmFjZS53YXlpcmVAdHV0b3JlLmxvY2FsIiwiaWF0IjoxNzg4NzE5MTE3LCJleHAiOjE3ODg4MDU1MTd9.40W33rEf69kWpksj33NPgH842RF8GdpVMdHTZOJcVG0
[0mGET /api/files/1788719127921-verification-test.png?token=eyJhbGciOiJIUzI1NiIsInR5cCI6IkpXVCJ9.eyJpZCI6Niwicm9sZSI6IkV0dWRpYW50IiwiZW1haWwiOiJncmFjZS53YXlpcmVAdHV0b3JlLmxvY2FsIiwiaWF0IjoxNzg4NzE5MTE3LCJleHAiOjE3ODg4MDU1MTd9.40W33rEf69kWpksj33NPgH842RF8GdpVMdHTZOJcVG0 [32m206[0m 716.625 ms - 1[0m
[06/09/2026 19:25:31] PUT /api/sections/1
[0mPUT /api/sections/1 [32m200[0m 1305.327 ms - 266[0m
[06/09/2026 19:25:32] GET /api/sections/1
[0mGET /api/sections/1 [32m200[0m 529.337 ms - 269[0m
[06/09/2026 19:25:33] GET /api/categories
[0mGET /api/categories [32m200[0m 191.509 ms - 351[0m
[06/09/2026 19:26:28] OPTIONS /api/notifications/count-unread
[06/09/2026 19:26:28] GET /api/notifications/count-unread
[0mGET /api/notifications/count-unread [36m304[0m 1807.178 ms - -[0m
[06/09/2026 19:27:28] OPTIONS /api/notifications/count-unread
[06/09/2026 19:27:28] GET /api/notifications/count-unread
[0mGET /api/notifications/count-unread [36m304[0m 228.388 ms - -[0m
[06/09/2026 19:28:28] OPTIONS /api/notifications/count-unread
[06/09/2026 19:28:28] GET /api/notifications/count-unread
[0mGET /api/notifications/count-unread [36m304[0m 284.409 ms - -[0m
[06/09/2026 19:29:28] OPTIONS /api/notifications/count-unread
[06/09/2026 19:29:28] GET /api/notifications/count-unread
[0mGET /api/notifications/count-unread [36m304[0m 240.456 ms - -[0m
[06/09/2026 19:30:28] OPTIONS /api/notifications/count-unread
[06/09/2026 19:30:28] GET /api/notifications/count-unread
[0mGET /api/notifications/count-unread [36m304[0m 459.574 ms - -[0m
[06/09/2026 19:31:28] OPTIONS /api/notifications/count-unread
[06/09/2026 19:31:28] GET /api/notifications/count-unread
[0mGET /api/notifications/count-unread [36m304[0m 242.498 ms - -[0m
[06/09/2026 19:32:28] OPTIONS /api/notifications/count-unread
[06/09/2026 19:32:28] GET /api/notifications/count-unread
[0mGET /api/notifications/count-unread [36m304[0m 459.646 ms - -[0m
[06/09/2026 19:33:28] OPTIONS /api/notifications/count-unread
[06/09/2026 19:33:28] GET /api/notifications/count-unread
[0mGET /api/notifications/count-unread [36m304[0m 260.573 ms - -[0m
[06/09/2026 19:34:28] OPTIONS /api/notifications/count-unread
[06/09/2026 19:34:28] GET /api/notifications/count-unread
[0mGET /api/notifications/count-unread [36m304[0m 495.117 ms - -[0m
[06/09/2026 19:35:28] OPTIONS /api/notifications/count-unread
[06/09/2026 19:35:28] GET /api/notifications/count-unread
[0mGET /api/notifications/count-unread [36m304[0m 293.241 ms - -[0m
[06/09/2026 19:36:28] OPTIONS /api/notifications/count-unread
[06/09/2026 19:36:28] GET /api/notifications/count-unread
[0mGET /api/notifications/count-unread [36m304[0m 204.968 ms - -[0m
[06/09/2026 19:37:28] OPTIONS /api/notifications/count-unread
[06/09/2026 19:37:28] GET /api/notifications/count-unread
[0mGET /api/notifications/count-unread [36m304[0m 296.562 ms - -[0m
[06/09/2026 19:38:28] OPTIONS /api/notifications/count-unread
[06/09/2026 19:38:28] GET /api/notifications/count-unread
[0mGET /api/notifications/count-unread [36m304[0m 527.266 ms - -[0m
[06/09/2026 19:39:28] OPTIONS /api/notifications/count-unread
[06/09/2026 19:39:28] GET /api/notifications/count-unread
[0mGET /api/notifications/count-unread [36m304[0m 219.298 ms - -[0m
[06/09/2026 19:40:28] OPTIONS /api/notifications/count-unread
[06/09/2026 19:40:28] GET /api/notifications/count-unread
[0mGET /api/notifications/count-unread [36m304[0m 752.971 ms - -[0m
[06/09/2026 19:41:28] OPTIONS /api/notifications/count-unread
[06/09/2026 19:41:28] GET /api/notifications/count-unread
[0mGET /api/notifications/count-unread [36m304[0m 259.987 ms - -[0m
[06/09/2026 19:42:28] OPTIONS /api/notifications/count-unread
[06/09/2026 19:42:28] GET /api/notifications/count-unread
[0mGET /api/notifications/count-unread [36m304[0m 538.122 ms - -[0m
[06/09/2026 19:43:28] OPTIONS /api/notifications/count-unread
[06/09/2026 19:43:28] GET /api/notifications/count-unread
[0mGET /api/notifications/count-unread [36m304[0m 235.347 ms - -[0m
[06/09/2026 19:44:28] OPTIONS /api/notifications/count-unread
[06/09/2026 19:44:28] GET /api/notifications/count-unread
[0mGET /api/notifications/count-unread [36m304[0m 3820.813 ms - -[0m
[06/09/2026 19:45:13] OPTIONS /api/auth/me
[06/09/2026 19:45:13] OPTIONS /api/auth/me
[06/09/2026 19:45:13] GET /api/auth/me
[0mGET /api/auth/me [32m200[0m 1081.934 ms - 163[0m
[06/09/2026 19:45:14] GET /api/auth/me
[0mGET /api/auth/me [36m304[0m 1833.971 ms - -[0m
[06/09/2026 19:45:16] OPTIONS /api/notifications/count-unread
[06/09/2026 19:45:16] OPTIONS /api/notifications/count-unread
[06/09/2026 19:45:16] OPTIONS /api/enrollments/user/7
[06/09/2026 19:45:16] OPTIONS /api/progressions/me
[06/09/2026 19:45:16] GET /api/notifications/count-unread
[06/09/2026 19:45:16] OPTIONS /api/attempts/user/7
[06/09/2026 19:45:16] GET /api/enrollments/user/7
[06/09/2026 19:45:16] GET /api/progressions/me
[06/09/2026 19:45:16] OPTIONS /api/attempts/user/7
[06/09/2026 19:45:16] GET /api/attempts/user/7
[0mGET /api/notifications/count-unread [36m304[0m 1143.269 ms - -[0m
[06/09/2026 19:45:17] GET /api/notifications/count-unread
[0mGET /api/notifications/count-unread [36m304[0m 521.288 ms - -[0m
[06/09/2026 19:45:17] GET /api/notifications/count-unread
[0mGET /api/notifications/count-unread [36m304[0m 292.806 ms - -[0m
[06/09/2026 19:45:18] GET /api/notifications/count-unread
[0mGET /api/enrollments/user/7 [36m304[0m 4457.574 ms - -[0m
[0mGET /api/notifications/count-unread [36m304[0m 2483.582 ms - -[0m
[0mGET /api/attempts/user/7 [36m304[0m 4440.953 ms - -[0m
[06/09/2026 19:45:20] GET /api/enrollments/user/7
[06/09/2026 19:45:20] GET /api/attempts/user/7
[0mGET /api/enrollments/user/7 [36m304[0m 455.156 ms - -[0m
[0mGET /api/attempts/user/7 [36m304[0m 454.414 ms - -[0m
[0mGET /api/progressions/me [36m304[0m 8390.829 ms - -[0m
[06/09/2026 19:45:24] GET /api/progressions/me
[06/09/2026 19:45:28] OPTIONS /api/notifications/count-unread
[06/09/2026 19:45:28] GET /api/notifications/count-unread
[0mGET /api/progressions/me [36m304[0m 4508.049 ms - -[0m
[0mGET /api/notifications/count-unread [36m304[0m 236.379 ms - -[0m
[06/09/2026 19:45:30] GET /api/test-db
[0mGET /api/test-db [36m304[0m 169.279 ms - -[0m
[06/09/2026 19:45:31] GET /api/notifications/count-unread
[0mGET /api/notifications/count-unread [36m304[0m 201.438 ms - -[0m
[06/09/2026 19:45:32] GET /api/test-db
[0mGET /api/test-db [36m304[0m 202.390 ms - -[0m
[06/09/2026 19:45:39] OPTIONS /api/notifications/count-unread
[06/09/2026 19:45:39] OPTIONS /api/formations
[06/09/2026 19:45:39] OPTIONS /api/enrollments/user/7
[06/09/2026 19:45:39] OPTIONS /api/categories
[06/09/2026 19:45:39] OPTIONS /api/formations
[06/09/2026 19:45:39] GET /api/notifications/count-unread
[06/09/2026 19:45:40] GET /api/formations
[06/09/2026 19:45:40] GET /api/enrollments/user/7
[06/09/2026 19:45:40] GET /api/categories
[0mGET /api/notifications/count-unread [36m304[0m 228.838 ms - -[0m
[0mGET /api/formations [36m304[0m 229.683 ms - -[0m
[0mGET /api/categories [36m304[0m 225.501 ms - -[0m
[06/09/2026 19:45:40] GET /api/formations
[06/09/2026 19:45:40] GET /api/categories
[0mGET /api/enrollments/user/7 [36m304[0m 418.308 ms - -[0m
[0mGET /api/formations [36m304[0m 180.372 ms - -[0m
[0mGET /api/categories [36m304[0m 179.163 ms - -[0m
[06/09/2026 19:45:40] GET /api/enrollments/user/7
[0mGET /api/enrollments/user/7 [36m304[0m 402.361 ms - -[0m
[06/09/2026 19:45:46] OPTIONS /api/notifications/count-unread
[06/09/2026 19:45:46] GET /api/notifications/count-unread
[0mGET /api/notifications/count-unread [36m304[0m 235.596 ms - -[0m
[06/09/2026 19:45:48] OPTIONS /api/formations/3
[06/09/2026 19:45:48] GET /api/notifications/count-unread
[06/09/2026 19:45:48] OPTIONS /api/chapters/formation/3
[06/09/2026 19:45:48] OPTIONS /api/enrollments/user/7
[06/09/2026 19:45:48] OPTIONS /api/progressions/me
[06/09/2026 19:45:48] GET /api/formations/3
[06/09/2026 19:45:48] GET /api/chapters/formation/3
[06/09/2026 19:45:48] GET /api/enrollments/user/7
[06/09/2026 19:45:48] GET /api/progressions/me
[0mGET /api/formations/3 [36m304[0m 221.785 ms - -[0m
[0mGET /api/notifications/count-unread [36m304[0m 237.255 ms - -[0m
[06/09/2026 19:45:48] GET /api/formations/3
[0mGET /api/enrollments/user/7 [36m304[0m 413.556 ms - -[0m
[06/09/2026 19:45:48] GET /api/enrollments/user/7
[0mGET /api/formations/3 [36m304[0m 291.437 ms - -[0m
[0mGET /api/enrollments/user/7 [36m304[0m 404.260 ms - -[0m
[0mGET /api/chapters/formation/3 [36m304[0m 3896.309 ms - -[0m
[06/09/2026 19:45:52] GET /api/chapters/formation/3
[0mGET /api/progressions/me [36m304[0m 5013.570 ms - -[0m
[06/09/2026 19:45:53] GET /api/progressions/me
[0mGET /api/chapters/formation/3 [36m304[0m 3884.897 ms - -[0m
[0mGET /api/progressions/me [36m304[0m 4505.109 ms - -[0m
[06/09/2026 19:45:57] OPTIONS /api/sections/chapter/7
[06/09/2026 19:45:57] OPTIONS /api/sections/chapter/8
[06/09/2026 19:45:57] OPTIONS /api/sections/chapter/9
[06/09/2026 19:45:57] GET /api/sections/chapter/7
[06/09/2026 19:45:57] GET /api/sections/chapter/8
[06/09/2026 19:45:57] GET /api/sections/chapter/9
[0mGET /api/sections/chapter/7 [32m200[0m 885.130 ms - 360[0m
[0mGET /api/sections/chapter/9 [33m403[0m 1078.138 ms - 126[0m
[0mGET /api/sections/chapter/8 [33m403[0m 1082.814 ms - 126[0m
[06/09/2026 19:45:58] OPTIONS /api/sous-sections/section/13
[06/09/2026 19:45:58] OPTIONS /api/sous-sections/section/14
[06/09/2026 19:45:58] GET /api/sous-sections/section/13
[06/09/2026 19:45:58] GET /api/sous-sections/section/14
[0mGET /api/sous-sections/section/14 [36m304[0m 997.714 ms - -[0m
[0mGET /api/sous-sections/section/13 [36m304[0m 1002.416 ms - -[0m
[06/09/2026 19:46:01] OPTIONS /api/notifications/count-unread
[06/09/2026 19:46:01] GET /api/notifications/count-unread
[0mGET /api/notifications/count-unread [36m304[0m 280.349 ms - -[0m
[06/09/2026 19:46:02] OPTIONS /api/chapters/7
[06/09/2026 19:46:02] OPTIONS /api/chapters/7
[06/09/2026 19:46:02] GET /api/notifications/count-unread
[06/09/2026 19:46:02] GET /api/chapters/7
[0mGET /api/notifications/count-unread [36m304[0m 393.210 ms - -[0m
[06/09/2026 19:46:02] GET /api/notifications/count-unread
[0mGET /api/notifications/count-unread [36m304[0m 290.333 ms - -[0m
[06/09/2026 19:46:03] GET /api/notifications/count-unread
[0mGET /api/notifications/count-unread [36m304[0m 193.414 ms - -[0m
[06/09/2026 19:46:03] GET /api/notifications/count-unread
[0mGET /api/notifications/count-unread [36m304[0m 187.703 ms - -[0m
[0mGET /api/chapters/7 [36m304[0m 2420.452 ms - -[0m
[06/09/2026 19:46:04] GET /api/chapters/7
[06/09/2026 19:46:04] OPTIONS /api/quizzes/chapter/7
[06/09/2026 19:46:04] GET /api/quizzes/chapter/7
[0mGET /api/quizzes/chapter/7 [36m304[0m 806.693 ms - -[0m
[06/09/2026 19:46:05] OPTIONS /api/sections/chapter/7
[06/09/2026 19:46:05] GET /api/sections/chapter/7
[0mGET /api/sections/chapter/7 [36m304[0m 806.945 ms - -[0m
[0mGET /api/chapters/7 [36m304[0m 1833.486 ms - -[0m
[06/09/2026 19:46:06] GET /api/chapters/7
[0mGET /api/chapters/7 [36m304[0m 1842.123 ms - -[0m
[06/09/2026 19:46:08] GET /api/chapters/7
[06/09/2026 19:46:08] GET /api/quizzes/chapter/7
[0mGET /api/quizzes/chapter/7 [36m304[0m 808.533 ms - -[0m
[06/09/2026 19:46:09] GET /api/sections/chapter/7
[0mGET /api/sections/chapter/7 [36m304[0m 808.072 ms - -[0m
[06/09/2026 19:46:10] OPTIONS /api/sous-sections/section/13
[06/09/2026 19:46:10] OPTIONS /api/sous-sections/section/14
[06/09/2026 19:46:10] GET /api/sous-sections/section/13
[06/09/2026 19:46:10] GET /api/sous-sections/section/14
[0mGET /api/chapters/7 [36m304[0m 1839.872 ms - -[0m
[06/09/2026 19:46:10] OPTIONS /api/formations/3
[06/09/2026 19:46:10] OPTIONS /api/progressions/user/7
[06/09/2026 19:46:10] OPTIONS /api/chapters/formation/3
[06/09/2026 19:46:10] GET /api/formations/3
[06/09/2026 19:46:10] GET /api/progressions/user/7
[06/09/2026 19:46:10] GET /api/chapters/formation/3
[0mGET /api/formations/3 [36m304[0m 278.330 ms - -[0m
[0mGET /api/sous-sections/section/13 [36m304[0m 1004.542 ms - -[0m
[0mGET /api/sous-sections/section/14 [36m304[0m 1002.751 ms - -[0m
[06/09/2026 19:46:11] OPTIONS /api/sous-sections/19
[06/09/2026 19:46:11] OPTIONS /api/sous-sections/20
[06/09/2026 19:46:11] GET /api/sous-sections/19
[06/09/2026 19:46:11] GET /api/sous-sections/20
[0mGET /api/sous-sections/19 [36m304[0m 1006.350 ms - -[0m
[0mGET /api/sous-sections/20 [36m304[0m 1113.395 ms - -[0m
[06/09/2026 19:46:12] OPTIONS /api/attempts/quiz/7/mine
[06/09/2026 19:46:12] OPTIONS /api/attempts/quiz/7/mine
[06/09/2026 19:46:12] GET /api/attempts/quiz/7/mine
[0mGET /api/attempts/quiz/7/mine [32m200[0m 1263.397 ms - 215[0m
[06/09/2026 19:46:13] GET /api/attempts/quiz/7/mine
[0mGET /api/chapters/formation/3 [36m304[0m 4474.351 ms - -[0m
[0mGET /api/attempts/quiz/7/mine [36m304[0m 1229.053 ms - -[0m
[06/09/2026 19:46:14] OPTIONS /api/sections/chapter/7
[06/09/2026 19:46:14] OPTIONS /api/sections/chapter/8
[06/09/2026 19:46:14] OPTIONS /api/sections/chapter/9
[06/09/2026 19:46:14] GET /api/sections/chapter/7
[06/09/2026 19:46:14] GET /api/sections/chapter/8
[06/09/2026 19:46:14] GET /api/sections/chapter/9
[0mGET /api/progressions/user/7 [36m304[0m 4681.405 ms - -[0m
[0mGET /api/sections/chapter/7 [36m304[0m 894.425 ms - -[0m
[06/09/2026 19:46:15] GET /api/sections/chapter/7
[0mGET /api/sections/chapter/9 [33m403[0m 1091.116 ms - 126[0m
[0mGET /api/sections/chapter/8 [33m403[0m 1096.932 ms - 126[0m
[06/09/2026 19:46:15] GET /api/sections/chapter/9
[06/09/2026 19:46:15] GET /api/sections/chapter/8
[0mGET /api/sections/chapter/7 [36m304[0m 809.355 ms - -[0m
[06/09/2026 19:46:16] OPTIONS /api/sous-sections/section/13
[06/09/2026 19:46:16] OPTIONS /api/sous-sections/section/14
[06/09/2026 19:46:16] GET /api/sous-sections/section/13
[06/09/2026 19:46:16] GET /api/sous-sections/section/14
[0mGET /api/sections/chapter/9 [33m403[0m 1021.410 ms - 126[0m
[0mGET /api/sections/chapter/8 [33m403[0m 1019.992 ms - 126[0m
[0mGET /api/sous-sections/section/13 [36m304[0m 1021.004 ms - -[0m
[0mGET /api/sous-sections/section/14 [36m304[0m 1020.874 ms - -[0m
[06/09/2026 19:46:21] OPTIONS /api/attempts/quiz/7/start
[06/09/2026 19:46:21] POST /api/attempts/quiz/7/start
[0mPOST /api/attempts/quiz/7/start [32m200[0m 2658.174 ms - 749[0m
[06/09/2026 19:46:28] OPTIONS /api/notifications/count-unread
[06/09/2026 19:46:28] GET /api/notifications/count-unread
[0mGET /api/notifications/count-unread [36m304[0m 247.267 ms - -[0m
[06/09/2026 19:46:32] OPTIONS /api/enrollments/user/7
[06/09/2026 19:46:32] GET /api/notifications/count-unread
[06/09/2026 19:46:32] GET /api/enrollments/user/7
[06/09/2026 19:46:32] OPTIONS /api/progressions/me
[06/09/2026 19:46:32] OPTIONS /api/progressions/me
[06/09/2026 19:46:32] GET /api/progressions/me
[0mGET /api/notifications/count-unread [36m304[0m 249.117 ms - -[0m
[06/09/2026 19:46:32] GET /api/notifications/count-unread
[0mGET /api/enrollments/user/7 [36m304[0m 455.804 ms - -[0m
[0mGET /api/notifications/count-unread [36m304[0m 202.836 ms - -[0m
[06/09/2026 19:46:33] GET /api/enrollments/user/7
[06/09/2026 19:46:33] GET /api/notifications/count-unread
[0mGET /api/notifications/count-unread [36m304[0m 291.230 ms - -[0m
[06/09/2026 19:46:33] GET /api/notifications/count-unread
[0mGET /api/enrollments/user/7 [36m304[0m 486.074 ms - -[0m
[0mGET /api/notifications/count-unread [36m304[0m 187.162 ms - -[0m
[0mGET /api/progressions/me [36m304[0m 4944.823 ms - -[0m
[06/09/2026 19:46:37] GET /api/progressions/me
[0mGET /api/progressions/me [36m304[0m 4710.972 ms - -[0m
[06/09/2026 19:46:56] OPTIONS /api/auth/login
[06/09/2026 19:46:56] POST /api/auth/login
[0mPOST /api/auth/login [32m200[0m 671.039 ms - 384[0m
[06/09/2026 19:46:57] OPTIONS /api/notifications/count-unread
[06/09/2026 19:46:57] OPTIONS /api/notifications/count-unread
[06/09/2026 19:46:57] GET /api/notifications/count-unread
[06/09/2026 19:46:57] OPTIONS /api/formations
[06/09/2026 19:46:57] OPTIONS /api/formations
[06/09/2026 19:46:57] GET /api/formations
[0mGET /api/notifications/count-unread [32m200[0m 184.158 ms - 106[0m
[06/09/2026 19:46:57] GET /api/notifications/count-unread
[0mGET /api/formations [32m200[0m 180.739 ms - -[0m
[06/09/2026 19:46:57] GET /api/formations
[06/09/2026 19:46:57] OPTIONS /api/quizzes
[06/09/2026 19:46:57] GET /api/quizzes
[0mGET /api/notifications/count-unread [36m304[0m 199.596 ms - -[0m
[0mGET /api/formations [36m304[0m 188.808 ms - -[0m
[06/09/2026 19:46:57] GET /api/notifications/count-unread
[0mGET /api/quizzes [36m304[0m 268.132 ms - -[0m
[0mGET /api/notifications/count-unread [36m304[0m 200.686 ms - -[0m
[06/09/2026 19:46:57] GET /api/notifications/count-unread
[0mGET /api/notifications/count-unread [36m304[0m 199.209 ms - -[0m
[06/09/2026 19:47:04] OPTIONS /api/formations/6
[06/09/2026 19:47:04] OPTIONS /api/formations/6
[06/09/2026 19:47:04] GET /api/formations/6
[0mGET /api/formations/6 [32m200[0m 210.051 ms - 371[0m
[06/09/2026 19:47:04] GET /api/formations/6
[06/09/2026 19:47:04] OPTIONS /api/chapters/formation/6
[06/09/2026 19:47:04] GET /api/chapters/formation/6
[0mGET /api/formations/6 [36m304[0m 200.172 ms - -[0m
[0mGET /api/chapters/formation/6 [32m200[0m 394.847 ms - 75[0m
[06/09/2026 19:47:04] GET /api/chapters/formation/6
[0mGET /api/chapters/formation/6 [36m304[0m 403.194 ms - -[0m
[06/09/2026 19:47:13] OPTIONS /api/notifications/count-unread
[06/09/2026 19:47:13] OPTIONS /api/notifications/count-unread
[06/09/2026 19:47:13] OPTIONS /api/formations
[06/09/2026 19:47:13] OPTIONS /api/categories
[06/09/2026 19:47:13] GET /api/notifications/count-unread
[06/09/2026 19:47:13] GET /api/formations
[06/09/2026 19:47:13] GET /api/categories
[0mGET /api/notifications/count-unread [36m304[0m 197.841 ms - -[0m
[0mGET /api/categories [36m304[0m 193.576 ms - -[0m
[0mGET /api/formations [36m304[0m 197.547 ms - -[0m
[06/09/2026 19:47:13] GET /api/notifications/count-unread
[06/09/2026 19:47:13] GET /api/categories
[06/09/2026 19:47:13] GET /api/formations
[0mGET /api/categories [36m304[0m 192.138 ms - -[0m
[0mGET /api/formations [36m304[0m 190.326 ms - -[0m
[0mGET /api/notifications/count-unread [36m304[0m 199.146 ms - -[0m
[06/09/2026 19:47:13] GET /api/notifications/count-unread
[0mGET /api/notifications/count-unread [36m304[0m 197.055 ms - -[0m
[06/09/2026 19:47:13] GET /api/notifications/count-unread
[0mGET /api/notifications/count-unread [36m304[0m 199.685 ms - -[0m
[06/09/2026 19:47:21] OPTIONS /api/formations/5
[06/09/2026 19:47:21] OPTIONS /api/formations/5
[06/09/2026 19:47:21] GET /api/formations/5
[0mGET /api/formations/5 [36m304[0m 191.693 ms - -[0m
[06/09/2026 19:47:22] GET /api/formations/5
[06/09/2026 19:47:22] OPTIONS /api/chapters/formation/5
[06/09/2026 19:47:22] GET /api/chapters/formation/5
[0mGET /api/formations/5 [36m304[0m 192.634 ms - -[0m
[0mGET /api/chapters/formation/5 [32m200[0m 389.070 ms - 262[0m
[06/09/2026 19:47:22] GET /api/chapters/formation/5
[06/09/2026 19:47:22] OPTIONS /api/quizzes/chapter/11
[06/09/2026 19:47:22] OPTIONS /api/quizzes/chapter/12
[06/09/2026 19:47:22] OPTIONS /api/quizzes/chapter/12
[06/09/2026 19:47:22] GET /api/quizzes/chapter/11
[06/09/2026 19:47:22] GET /api/quizzes/chapter/12
[0mGET /api/chapters/formation/5 [36m304[0m 402.368 ms - -[0m
[0mGET /api/quizzes/chapter/11 [36m304[0m 630.220 ms - -[0m
[0mGET /api/quizzes/chapter/12 [36m304[0m 628.428 ms - -[0m
[06/09/2026 19:47:23] GET /api/quizzes/chapter/11
[06/09/2026 19:47:23] GET /api/quizzes/chapter/12
[0mGET /api/quizzes/chapter/11 [36m304[0m 705.756 ms - -[0m
[0mGET /api/quizzes/chapter/12 [36m304[0m 703.819 ms - -[0m
[06/09/2026 19:47:28] OPTIONS /api/notifications/count-unread
[06/09/2026 19:47:28] GET /api/notifications/count-unread
[0mGET /api/notifications/count-unread [36m304[0m 245.630 ms - -[0m
[06/09/2026 19:47:44] OPTIONS /api/files/upload
[06/09/2026 19:47:44] POST /api/files/upload
[0mPOST /api/files/upload [32m201[0m 7.794 ms - 185[0m
[06/09/2026 19:47:44] GET /api/files/1788720464287-Logo-UNILUK.png?token=eyJhbGciOiJIUzI1NiIsInR5cCI6IkpXVCJ9.eyJpZCI6NCwicm9sZSI6IkZvcm1hdGV1ciIsImVtYWlsIjoiamVhbi5wYXVsQHR1dG9yZS5sb2NhbCIsImlhdCI6MTc4ODcyMDQxNywiZXhwIjoxNzg4ODA2ODE3fQ.izOOLcLLlC3IbePZ1UJ7J7Fke1nW07rJ1CBcsOh4ruU
[0mGET /api/files/1788720464287-Logo-UNILUK.png?token=eyJhbGciOiJIUzI1NiIsInR5cCI6IkpXVCJ9.eyJpZCI6NCwicm9sZSI6IkZvcm1hdGV1ciIsImVtYWlsIjoiamVhbi5wYXVsQHR1dG9yZS5sb2NhbCIsImlhdCI6MTc4ODcyMDQxNywiZXhwIjoxNzg4ODA2ODE3fQ.izOOLcLLlC3IbePZ1UJ7J7Fke1nW07rJ1CBcsOh4ruU [33m404[0m 215.682 ms - 82[0m
[06/09/2026 19:47:49] GET /api/files/1788720464287-Logo-UNILUK.png?token=eyJhbGciOiJIUzI1NiIsInR5cCI6IkpXVCJ9.eyJpZCI6NCwicm9sZSI6IkZvcm1hdGV1ciIsImVtYWlsIjoiamVhbi5wYXVsQHR1dG9yZS5sb2NhbCIsImlhdCI6MTc4ODcyMDQxNywiZXhwIjoxNzg4ODA2ODE3fQ.izOOLcLLlC3IbePZ1UJ7J7Fke1nW07rJ1CBcsOh4ruU
[0mGET /api/files/1788720464287-Logo-UNILUK.png?token=eyJhbGciOiJIUzI1NiIsInR5cCI6IkpXVCJ9.eyJpZCI6NCwicm9sZSI6IkZvcm1hdGV1ciIsImVtYWlsIjoiamVhbi5wYXVsQHR1dG9yZS5sb2NhbCIsImlhdCI6MTc4ODcyMDQxNywiZXhwIjoxNzg4ODA2ODE3fQ.izOOLcLLlC3IbePZ1UJ7J7Fke1nW07rJ1CBcsOh4ruU [33m404[0m 203.549 ms - 82[0m
[06/09/2026 19:47:54] GET /api/files/1788720464287-Logo-UNILUK.png?token=eyJhbGciOiJIUzI1NiIsInR5cCI6IkpXVCJ9.eyJpZCI6NCwicm9sZSI6IkZvcm1hdGV1ciIsImVtYWlsIjoiamVhbi5wYXVsQHR1dG9yZS5sb2NhbCIsImlhdCI6MTc4ODcyMDQxNywiZXhwIjoxNzg4ODA2ODE3fQ.izOOLcLLlC3IbePZ1UJ7J7Fke1nW07rJ1CBcsOh4ruU
[0mGET /api/files/1788720464287-Logo-UNILUK.png?token=eyJhbGciOiJIUzI1NiIsInR5cCI6IkpXVCJ9.eyJpZCI6NCwicm9sZSI6IkZvcm1hdGV1ciIsImVtYWlsIjoiamVhbi5wYXVsQHR1dG9yZS5sb2NhbCIsImlhdCI6MTc4ODcyMDQxNywiZXhwIjoxNzg4ODA2ODE3fQ.izOOLcLLlC3IbePZ1UJ7J7Fke1nW07rJ1CBcsOh4ruU [33m404[0m 247.439 ms - 82[0m
[06/09/2026 19:47:57] OPTIONS /api/sections
[06/09/2026 19:47:57] POST /api/sections
[0mPOST /api/sections [32m200[0m 871.849 ms - 75[0m
[06/09/2026 19:47:58] OPTIONS /api/sections/chapter/11
[06/09/2026 19:47:58] GET /api/sections/chapter/11
[0mGET /api/sections/chapter/11 [32m200[0m 598.354 ms - 255[0m
[06/09/2026 19:47:58] GET /api/files/1788720464287-Logo-UNILUK.png?token=eyJhbGciOiJIUzI1NiIsInR5cCI6IkpXVCJ9.eyJpZCI6NCwicm9sZSI6IkZvcm1hdGV1ciIsImVtYWlsIjoiamVhbi5wYXVsQHR1dG9yZS5sb2NhbCIsImlhdCI6MTc4ODcyMDQxNywiZXhwIjoxNzg4ODA2ODE3fQ.izOOLcLLlC3IbePZ1UJ7J7Fke1nW07rJ1CBcsOh4ruU
[0mGET /api/files/1788720464287-Logo-UNILUK.png?token=eyJhbGciOiJIUzI1NiIsInR5cCI6IkpXVCJ9.eyJpZCI6NCwicm9sZSI6IkZvcm1hdGV1ciIsImVtYWlsIjoiamVhbi5wYXVsQHR1dG9yZS5sb2NhbCIsImlhdCI6MTc4ODcyMDQxNywiZXhwIjoxNzg4ODA2ODE3fQ.izOOLcLLlC3IbePZ1UJ7J7Fke1nW07rJ1CBcsOh4ruU [32m200[0m 482.033 ms - 30659[0m
[06/09/2026 19:48:28] OPTIONS /api/notifications/count-unread
[06/09/2026 19:48:28] GET /api/notifications/count-unread
[0mGET /api/notifications/count-unread [36m304[0m 266.883 ms - -[0m
[06/09/2026 19:48:56] OPTIONS /api/files/upload
[06/09/2026 19:48:56] POST /api/files/upload
[0mPOST /api/files/upload [32m201[0m 61.225 ms - 201[0m
[06/09/2026 19:48:56] GET /api/files/1788720536335-VID-20260811-WA0026.mp4?token=eyJhbGciOiJIUzI1NiIsInR5cCI6IkpXVCJ9.eyJpZCI6NCwicm9sZSI6IkZvcm1hdGV1ciIsImVtYWlsIjoiamVhbi5wYXVsQHR1dG9yZS5sb2NhbCIsImlhdCI6MTc4ODcyMDQxNywiZXhwIjoxNzg4ODA2ODE3fQ.izOOLcLLlC3IbePZ1UJ7J7Fke1nW07rJ1CBcsOh4ruU
[0mGET /api/files/1788720536335-VID-20260811-WA0026.mp4?token=eyJhbGciOiJIUzI1NiIsInR5cCI6IkpXVCJ9.eyJpZCI6NCwicm9sZSI6IkZvcm1hdGV1ciIsImVtYWlsIjoiamVhbi5wYXVsQHR1dG9yZS5sb2NhbCIsImlhdCI6MTc4ODcyMDQxNywiZXhwIjoxNzg4ODA2ODE3fQ.izOOLcLLlC3IbePZ1UJ7J7Fke1nW07rJ1CBcsOh4ruU [33m404[0m 279.897 ms - 82[0m
[06/09/2026 19:49:17] OPTIONS /api/files/upload
[06/09/2026 19:49:17] POST /api/files/upload
[0mPOST /api/files/upload [32m201[0m 17.142 ms - 201[0m
[06/09/2026 19:49:17] GET /api/files/1788720557232-VID-20260811-WA0026.mp4?token=eyJhbGciOiJIUzI1NiIsInR5cCI6IkpXVCJ9.eyJpZCI6NCwicm9sZSI6IkZvcm1hdGV1ciIsImVtYWlsIjoiamVhbi5wYXVsQHR1dG9yZS5sb2NhbCIsImlhdCI6MTc4ODcyMDQxNywiZXhwIjoxNzg4ODA2ODE3fQ.izOOLcLLlC3IbePZ1UJ7J7Fke1nW07rJ1CBcsOh4ruU
[0mGET /api/files/1788720557232-VID-20260811-WA0026.mp4?token=eyJhbGciOiJIUzI1NiIsInR5cCI6IkpXVCJ9.eyJpZCI6NCwicm9sZSI6IkZvcm1hdGV1ciIsImVtYWlsIjoiamVhbi5wYXVsQHR1dG9yZS5sb2NhbCIsImlhdCI6MTc4ODcyMDQxNywiZXhwIjoxNzg4ODA2ODE3fQ.izOOLcLLlC3IbePZ1UJ7J7Fke1nW07rJ1CBcsOh4ruU [33m404[0m 229.605 ms - 82[0m
[06/09/2026 19:49:28] OPTIONS /api/notifications/count-unread
[06/09/2026 19:49:28] GET /api/notifications/count-unread
[0mGET /api/notifications/count-unread [36m304[0m 261.537 ms - -[0m
[06/09/2026 19:49:33] GET /api/files/1788720557232-VID-20260811-WA0026.mp4?token=eyJhbGciOiJIUzI1NiIsInR5cCI6IkpXVCJ9.eyJpZCI6NCwicm9sZSI6IkZvcm1hdGV1ciIsImVtYWlsIjoiamVhbi5wYXVsQHR1dG9yZS5sb2NhbCIsImlhdCI6MTc4ODcyMDQxNywiZXhwIjoxNzg4ODA2ODE3fQ.izOOLcLLlC3IbePZ1UJ7J7Fke1nW07rJ1CBcsOh4ruU
[0mGET /api/files/1788720557232-VID-20260811-WA0026.mp4?token=eyJhbGciOiJIUzI1NiIsInR5cCI6IkpXVCJ9.eyJpZCI6NCwicm9sZSI6IkZvcm1hdGV1ciIsImVtYWlsIjoiamVhbi5wYXVsQHR1dG9yZS5sb2NhbCIsImlhdCI6MTc4ODcyMDQxNywiZXhwIjoxNzg4ODA2ODE3fQ.izOOLcLLlC3IbePZ1UJ7J7Fke1nW07rJ1CBcsOh4ruU [33m404[0m 227.894 ms - 82[0m
[06/09/2026 19:50:28] OPTIONS /api/notifications/count-unread
[06/09/2026 19:50:28] GET /api/notifications/count-unread
[0mGET /api/notifications/count-unread [36m304[0m 274.951 ms - -[0m
[06/09/2026 19:50:49] OPTIONS /api/files/upload
[06/09/2026 19:50:49] POST /api/files/upload
[0mPOST /api/files/upload [32m201[0m 44.799 ms - 206[0m
[06/09/2026 19:50:56] GET /api/files/1788720557232-VID-20260811-WA0026.mp4?token=eyJhbGciOiJIUzI1NiIsInR5cCI6IkpXVCJ9.eyJpZCI6NCwicm9sZSI6IkZvcm1hdGV1ciIsImVtYWlsIjoiamVhbi5wYXVsQHR1dG9yZS5sb2NhbCIsImlhdCI6MTc4ODcyMDQxNywiZXhwIjoxNzg4ODA2ODE3fQ.izOOLcLLlC3IbePZ1UJ7J7Fke1nW07rJ1CBcsOh4ruU
[0mGET /api/files/1788720557232-VID-20260811-WA0026.mp4?token=eyJhbGciOiJIUzI1NiIsInR5cCI6IkpXVCJ9.eyJpZCI6NCwicm9sZSI6IkZvcm1hdGV1ciIsImVtYWlsIjoiamVhbi5wYXVsQHR1dG9yZS5sb2NhbCIsImlhdCI6MTc4ODcyMDQxNywiZXhwIjoxNzg4ODA2ODE3fQ.izOOLcLLlC3IbePZ1UJ7J7Fke1nW07rJ1CBcsOh4ruU [33m404[0m 5303.201 ms - 82[0m
[06/09/2026 19:51:03] GET /api/files/1788720649408-tutore_e_learning.pdf?token=eyJhbGciOiJIUzI1NiIsInR5cCI6IkpXVCJ9.eyJpZCI6NCwicm9sZSI6IkZvcm1hdGV1ciIsImVtYWlsIjoiamVhbi5wYXVsQHR1dG9yZS5sb2NhbCIsImlhdCI6MTc4ODcyMDQxNywiZXhwIjoxNzg4ODA2ODE3fQ.izOOLcLLlC3IbePZ1UJ7J7Fke1nW07rJ1CBcsOh4ruU
[0mGET /api/files/1788720649408-tutore_e_learning.pdf?token=eyJhbGciOiJIUzI1NiIsInR5cCI6IkpXVCJ9.eyJpZCI6NCwicm9sZSI6IkZvcm1hdGV1ciIsImVtYWlsIjoiamVhbi5wYXVsQHR1dG9yZS5sb2NhbCIsImlhdCI6MTc4ODcyMDQxNywiZXhwIjoxNzg4ODA2ODE3fQ.izOOLcLLlC3IbePZ1UJ7J7Fke1nW07rJ1CBcsOh4ruU [33m404[0m 253.715 ms - 82[0m
[06/09/2026 19:51:28] OPTIONS /api/notifications/count-unread
[06/09/2026 19:51:28] GET /api/notifications/count-unread
[0mGET /api/notifications/count-unread [36m304[0m 166.696 ms - -[0m
[06/09/2026 19:52:09] OPTIONS /api/files/upload
[06/09/2026 19:52:09] POST /api/files/upload
[0mPOST /api/files/upload [32m201[0m 20.974 ms - 201[0m
[06/09/2026 19:52:09] GET /api/files/1788720729380-VID-20260811-WA0026.mp4?token=eyJhbGciOiJIUzI1NiIsInR5cCI6IkpXVCJ9.eyJpZCI6NCwicm9sZSI6IkZvcm1hdGV1ciIsImVtYWlsIjoiamVhbi5wYXVsQHR1dG9yZS5sb2NhbCIsImlhdCI6MTc4ODcyMDQxNywiZXhwIjoxNzg4ODA2ODE3fQ.izOOLcLLlC3IbePZ1UJ7J7Fke1nW07rJ1CBcsOh4ruU
[0mGET /api/files/1788720729380-VID-20260811-WA0026.mp4?token=eyJhbGciOiJIUzI1NiIsInR5cCI6IkpXVCJ9.eyJpZCI6NCwicm9sZSI6IkZvcm1hdGV1ciIsImVtYWlsIjoiamVhbi5wYXVsQHR1dG9yZS5sb2NhbCIsImlhdCI6MTc4ODcyMDQxNywiZXhwIjoxNzg4ODA2ODE3fQ.izOOLcLLlC3IbePZ1UJ7J7Fke1nW07rJ1CBcsOh4ruU [33m404[0m 625.549 ms - 82[0m
[06/09/2026 19:52:28] OPTIONS /api/notifications/count-unread
[06/09/2026 19:52:28] GET /api/notifications/count-unread
[0mGET /api/notifications/count-unread [36m304[0m 265.425 ms - -[0m
[06/09/2026 19:53:03] OPTIONS /api/files/upload
[06/09/2026 19:53:03] POST /api/files/upload
[0mPOST /api/files/upload [32m201[0m 17.880 ms - 206[0m
[06/09/2026 19:53:08] GET /api/files/1788720729380-VID-20260811-WA0026.mp4?token=eyJhbGciOiJIUzI1NiIsInR5cCI6IkpXVCJ9.eyJpZCI6NCwicm9sZSI6IkZvcm1hdGV1ciIsImVtYWlsIjoiamVhbi5wYXVsQHR1dG9yZS5sb2NhbCIsImlhdCI6MTc4ODcyMDQxNywiZXhwIjoxNzg4ODA2ODE3fQ.izOOLcLLlC3IbePZ1UJ7J7Fke1nW07rJ1CBcsOh4ruU
[0mGET /api/files/1788720729380-VID-20260811-WA0026.mp4?token=eyJhbGciOiJIUzI1NiIsInR5cCI6IkpXVCJ9.eyJpZCI6NCwicm9sZSI6IkZvcm1hdGV1ciIsImVtYWlsIjoiamVhbi5wYXVsQHR1dG9yZS5sb2NhbCIsImlhdCI6MTc4ODcyMDQxNywiZXhwIjoxNzg4ODA2ODE3fQ.izOOLcLLlC3IbePZ1UJ7J7Fke1nW07rJ1CBcsOh4ruU [33m404[0m 225.592 ms - 82[0m
[06/09/2026 19:53:13] GET /api/files/1788720783085-tutore_e_learning.pdf?token=eyJhbGciOiJIUzI1NiIsInR5cCI6IkpXVCJ9.eyJpZCI6NCwicm9sZSI6IkZvcm1hdGV1ciIsImVtYWlsIjoiamVhbi5wYXVsQHR1dG9yZS5sb2NhbCIsImlhdCI6MTc4ODcyMDQxNywiZXhwIjoxNzg4ODA2ODE3fQ.izOOLcLLlC3IbePZ1UJ7J7Fke1nW07rJ1CBcsOh4ruU
[0mGET /api/files/1788720783085-tutore_e_learning.pdf?token=eyJhbGciOiJIUzI1NiIsInR5cCI6IkpXVCJ9.eyJpZCI6NCwicm9sZSI6IkZvcm1hdGV1ciIsImVtYWlsIjoiamVhbi5wYXVsQHR1dG9yZS5sb2NhbCIsImlhdCI6MTc4ODcyMDQxNywiZXhwIjoxNzg4ODA2ODE3fQ.izOOLcLLlC3IbePZ1UJ7J7Fke1nW07rJ1CBcsOh4ruU [33m404[0m 259.797 ms - 82[0m
[06/09/2026 19:53:25] OPTIONS /api/sections/21
[06/09/2026 19:53:25] PUT /api/sections/21
[0mPUT /api/sections/21 [32m200[0m 1511.296 ms - 618[0m
[06/09/2026 19:53:27] OPTIONS /api/sections/chapter/11
[06/09/2026 19:53:27] GET /api/sections/chapter/11
[0mGET /api/sections/chapter/11 [32m200[0m 701.723 ms - 585[0m
[06/09/2026 19:53:28] OPTIONS /api/notifications/count-unread
[06/09/2026 19:53:28] GET /api/notifications/count-unread
[0mGET /api/notifications/count-unread [36m304[0m 285.077 ms - -[0m
[06/09/2026 19:53:33] OPTIONS /api/auth/me
[06/09/2026 19:53:33] OPTIONS /api/auth/me
[06/09/2026 19:53:33] GET /api/auth/me
[0mGET /api/auth/me [32m200[0m 548.468 ms - 163[0m
[06/09/2026 19:53:34] GET /api/auth/me
[0mGET /api/auth/me [36m304[0m 202.264 ms - -[0m
[06/09/2026 19:53:34] OPTIONS /api/formations/5
[06/09/2026 19:53:34] OPTIONS /api/formations/5
[06/09/2026 19:53:34] GET /api/formations/5
[0mGET /api/formations/5 [36m304[0m 258.354 ms - -[0m
[06/09/2026 19:53:34] GET /api/formations/5
[06/09/2026 19:53:34] OPTIONS /api/chapters/formation/5
[06/09/2026 19:53:34] GET /api/chapters/formation/5
[0mGET /api/formations/5 [36m304[0m 198.444 ms - -[0m
[0mGET /api/chapters/formation/5 [36m304[0m 402.522 ms - -[0m
[06/09/2026 19:53:35] GET /api/chapters/formation/5
[06/09/2026 19:53:35] OPTIONS /api/quizzes/chapter/11
[06/09/2026 19:53:35] OPTIONS /api/quizzes/chapter/12
[06/09/2026 19:53:35] OPTIONS /api/quizzes/chapter/12
[06/09/2026 19:53:35] GET /api/quizzes/chapter/11
[06/09/2026 19:53:35] GET /api/quizzes/chapter/12
[0mGET /api/chapters/formation/5 [36m304[0m 498.137 ms - -[0m
[0mGET /api/quizzes/chapter/11 [36m304[0m 730.713 ms - -[0m
[06/09/2026 19:53:36] GET /api/quizzes/chapter/11
[0mGET /api/quizzes/chapter/12 [36m304[0m 1131.532 ms - -[0m
[06/09/2026 19:53:36] GET /api/quizzes/chapter/12
[0mGET /api/quizzes/chapter/11 [36m304[0m 677.990 ms - -[0m
[0mGET /api/quizzes/chapter/12 [36m304[0m 605.196 ms - -[0m
[06/09/2026 19:53:49] OPTIONS /api/sections/chapter/11
[06/09/2026 19:53:49] OPTIONS /api/sections/chapter/11
[06/09/2026 19:53:49] GET /api/sections/chapter/11
[0mGET /api/sections/chapter/11 [36m304[0m 681.487 ms - -[0m
[06/09/2026 19:53:50] GET /api/sections/chapter/11
[0mGET /api/sections/chapter/11 [36m304[0m 603.280 ms - -[0m
[06/09/2026 19:53:52] OPTIONS /api/sous-sections/section/21
[06/09/2026 19:53:52] GET /api/sous-sections/section/21
[06/09/2026 19:53:52] GET /api/files/1788720729380-VID-20260811-WA0026.mp4?token=eyJhbGciOiJIUzI1NiIsInR5cCI6IkpXVCJ9.eyJpZCI6NCwicm9sZSI6IkZvcm1hdGV1ciIsImVtYWlsIjoiamVhbi5wYXVsQHR1dG9yZS5sb2NhbCIsImlhdCI6MTc4ODcyMDQxNywiZXhwIjoxNzg4ODA2ODE3fQ.izOOLcLLlC3IbePZ1UJ7J7Fke1nW07rJ1CBcsOh4ruU
[06/09/2026 19:53:52] GET /api/files/1788720729380-VID-20260811-WA0026.mp4?token=eyJhbGciOiJIUzI1NiIsInR5cCI6IkpXVCJ9.eyJpZCI6NCwicm9sZSI6IkZvcm1hdGV1ciIsImVtYWlsIjoiamVhbi5wYXVsQHR1dG9yZS5sb2NhbCIsImlhdCI6MTc4ODcyMDQxNywiZXhwIjoxNzg4ODA2ODE3fQ.izOOLcLLlC3IbePZ1UJ7J7Fke1nW07rJ1CBcsOh4ruU
[0mGET /api/files/1788720729380-VID-20260811-WA0026.mp4?token=eyJhbGciOiJIUzI1NiIsInR5cCI6IkpXVCJ9.eyJpZCI6NCwicm9sZSI6IkZvcm1hdGV1ciIsImVtYWlsIjoiamVhbi5wYXVsQHR1dG9yZS5sb2NhbCIsImlhdCI6MTc4ODcyMDQxNywiZXhwIjoxNzg4ODA2ODE3fQ.izOOLcLLlC3IbePZ1UJ7J7Fke1nW07rJ1CBcsOh4ruU [32m206[0m 418.726 ms - 1269124[0m
[0mGET /api/sous-sections/section/21 [32m200[0m 988.591 ms - 80[0m
[0mGET /api/files/1788720729380-VID-20260811-WA0026.mp4?token=eyJhbGciOiJIUzI1NiIsInR5cCI6IkpXVCJ9.eyJpZCI6NCwicm9sZSI6IkZvcm1hdGV1ciIsImVtYWlsIjoiamVhbi5wYXVsQHR1dG9yZS5sb2NhbCIsImlhdCI6MTc4ODcyMDQxNywiZXhwIjoxNzg4ODA2ODE3fQ.izOOLcLLlC3IbePZ1UJ7J7Fke1nW07rJ1CBcsOh4ruU [32m206[0m 508.400 ms - 1269124[0m
[06/09/2026 19:53:56] GET /api/files/1788720729380-VID-20260811-WA0026.mp4?token=eyJhbGciOiJIUzI1NiIsInR5cCI6IkpXVCJ9.eyJpZCI6NCwicm9sZSI6IkZvcm1hdGV1ciIsImVtYWlsIjoiamVhbi5wYXVsQHR1dG9yZS5sb2NhbCIsImlhdCI6MTc4ODcyMDQxNywiZXhwIjoxNzg4ODA2ODE3fQ.izOOLcLLlC3IbePZ1UJ7J7Fke1nW07rJ1CBcsOh4ruU
[0mGET /api/files/1788720729380-VID-20260811-WA0026.mp4?token=eyJhbGciOiJIUzI1NiIsInR5cCI6IkpXVCJ9.eyJpZCI6NCwicm9sZSI6IkZvcm1hdGV1ciIsImVtYWlsIjoiamVhbi5wYXVsQHR1dG9yZS5sb2NhbCIsImlhdCI6MTc4ODcyMDQxNywiZXhwIjoxNzg4ODA2ODE3fQ.izOOLcLLlC3IbePZ1UJ7J7Fke1nW07rJ1CBcsOh4ruU [32m206[0m 419.938 ms - 875908[0m
[06/09/2026 19:54:28] OPTIONS /api/notifications/count-unread
[06/09/2026 19:54:28] GET /api/notifications/count-unread
[0mGET /api/notifications/count-unread [36m304[0m 204.326 ms - -[0m
[06/09/2026 19:54:31] GET /api/files/1788720729380-VID-20260811-WA0026.mp4?token=eyJhbGciOiJIUzI1NiIsInR5cCI6IkpXVCJ9.eyJpZCI6NCwicm9sZSI6IkZvcm1hdGV1ciIsImVtYWlsIjoiamVhbi5wYXVsQHR1dG9yZS5sb2NhbCIsImlhdCI6MTc4ODcyMDQxNywiZXhwIjoxNzg4ODA2ODE3fQ.izOOLcLLlC3IbePZ1UJ7J7Fke1nW07rJ1CBcsOh4ruU
[0mGET /api/files/1788720729380-VID-20260811-WA0026.mp4?token=eyJhbGciOiJIUzI1NiIsInR5cCI6IkpXVCJ9.eyJpZCI6NCwicm9sZSI6IkZvcm1hdGV1ciIsImVtYWlsIjoiamVhbi5wYXVsQHR1dG9yZS5sb2NhbCIsImlhdCI6MTc4ODcyMDQxNywiZXhwIjoxNzg4ODA2ODE3fQ.izOOLcLLlC3IbePZ1UJ7J7Fke1nW07rJ1CBcsOh4ruU [32m206[0m 427.302 ms - 1269124[0m
[06/09/2026 19:54:31] GET /api/files/1788720729380-VID-20260811-WA0026.mp4?token=eyJhbGciOiJIUzI1NiIsInR5cCI6IkpXVCJ9.eyJpZCI6NCwicm9sZSI6IkZvcm1hdGV1ciIsImVtYWlsIjoiamVhbi5wYXVsQHR1dG9yZS5sb2NhbCIsImlhdCI6MTc4ODcyMDQxNywiZXhwIjoxNzg4ODA2ODE3fQ.izOOLcLLlC3IbePZ1UJ7J7Fke1nW07rJ1CBcsOh4ruU
[0mGET /api/files/1788720729380-VID-20260811-WA0026.mp4?token=eyJhbGciOiJIUzI1NiIsInR5cCI6IkpXVCJ9.eyJpZCI6NCwicm9sZSI6IkZvcm1hdGV1ciIsImVtYWlsIjoiamVhbi5wYXVsQHR1dG9yZS5sb2NhbCIsImlhdCI6MTc4ODcyMDQxNywiZXhwIjoxNzg4ODA2ODE3fQ.izOOLcLLlC3IbePZ1UJ7J7Fke1nW07rJ1CBcsOh4ruU [32m206[0m 398.839 ms - 1072516[0m
[06/09/2026 19:54:34] GET /api/files/1788720783085-tutore_e_learning.pdf?token=eyJhbGciOiJIUzI1NiIsInR5cCI6IkpXVCJ9.eyJpZCI6NCwicm9sZSI6IkZvcm1hdGV1ciIsImVtYWlsIjoiamVhbi5wYXVsQHR1dG9yZS5sb2NhbCIsImlhdCI6MTc4ODcyMDQxNywiZXhwIjoxNzg4ODA2ODE3fQ.izOOLcLLlC3IbePZ1UJ7J7Fke1nW07rJ1CBcsOh4ruU
[0mGET /api/files/1788720783085-tutore_e_learning.pdf?token=eyJhbGciOiJIUzI1NiIsInR5cCI6IkpXVCJ9.eyJpZCI6NCwicm9sZSI6IkZvcm1hdGV1ciIsImVtYWlsIjoiamVhbi5wYXVsQHR1dG9yZS5sb2NhbCIsImlhdCI6MTc4ODcyMDQxNywiZXhwIjoxNzg4ODA2ODE3fQ.izOOLcLLlC3IbePZ1UJ7J7Fke1nW07rJ1CBcsOh4ruU [32m200[0m 393.400 ms - 1155220[0m
[06/09/2026 19:54:54] OPTIONS /api/notifications/count-unread
[06/09/2026 19:54:54] OPTIONS /api/notifications/count-unread
[06/09/2026 19:54:54] OPTIONS /api/notifications/count-unread
[06/09/2026 19:54:54] OPTIONS /api/notifications/count-unread
[06/09/2026 19:54:54] GET /api/notifications/count-unread
[0mGET /api/notifications/count-unread [36m304[0m 184.509 ms - -[0m
[06/09/2026 19:54:54] GET /api/notifications/count-unread
[0mGET /api/notifications/count-unread [36m304[0m 202.669 ms - -[0m
[06/09/2026 19:54:55] GET /api/notifications/count-unread
[0mGET /api/notifications/count-unread [36m304[0m 200.920 ms - -[0m
[06/09/2026 19:54:55] GET /api/notifications/count-unread
[0mGET /api/notifications/count-unread [36m304[0m 205.184 ms - -[0m
[06/09/2026 19:55:04] OPTIONS /api/auth/login
[06/09/2026 19:55:04] POST /api/auth/login
[0mPOST /api/auth/login [32m200[0m 657.884 ms - 386[0m
[06/09/2026 19:55:05] OPTIONS /api/notifications/count-unread
[06/09/2026 19:55:05] OPTIONS /api/notifications/count-unread
[06/09/2026 19:55:05] OPTIONS /api/enrollments/user/7
[06/09/2026 19:55:05] OPTIONS /api/progressions/me
[06/09/2026 19:55:05] GET /api/notifications/count-unread
[06/09/2026 19:55:05] GET /api/enrollments/user/7
[06/09/2026 19:55:05] OPTIONS /api/attempts/user/7
[06/09/2026 19:55:05] GET /api/progressions/me
[06/09/2026 19:55:05] OPTIONS /api/attempts/user/7
[06/09/2026 19:55:05] GET /api/attempts/user/7
[0mGET /api/notifications/count-unread [32m200[0m 181.850 ms - 106[0m
[06/09/2026 19:55:05] GET /api/notifications/count-unread
[0mGET /api/enrollments/user/7 [36m304[0m 385.392 ms - -[0m
[0mGET /api/notifications/count-unread [36m304[0m 198.836 ms - -[0m
[06/09/2026 19:55:05] GET /api/enrollments/user/7
[06/09/2026 19:55:05] GET /api/notifications/count-unread
[0mGET /api/notifications/count-unread [36m304[0m 196.774 ms - -[0m
[06/09/2026 19:55:05] GET /api/notifications/count-unread
[0mGET /api/enrollments/user/7 [36m304[0m 406.615 ms - -[0m
[0mGET /api/notifications/count-unread [36m304[0m 202.241 ms - -[0m
[0mGET /api/attempts/user/7 [32m200[0m 892.638 ms - -[0m
[06/09/2026 19:55:06] GET /api/attempts/user/7
[0mGET /api/attempts/user/7 [36m304[0m 399.373 ms - -[0m
[0mGET /api/progressions/me [36m304[0m 5095.785 ms - -[0m
[06/09/2026 19:55:10] GET /api/progressions/me
[06/09/2026 19:55:11] OPTIONS /api/notifications/count-unread
[06/09/2026 19:55:11] OPTIONS /api/conversation-participants/user/7
[06/09/2026 19:55:11] OPTIONS /api/conversation-participants/user/7
[06/09/2026 19:55:11] GET /api/notifications/count-unread
[06/09/2026 19:55:11] GET /api/conversation-participants/user/7
[0mGET /api/notifications/count-unread [36m304[0m 200.818 ms - -[0m
[0mGET /api/conversation-participants/user/7 [32m200[0m 413.735 ms - 465[0m
[06/09/2026 19:55:11] GET /api/conversation-participants/user/7
[0mGET /api/conversation-participants/user/7 [36m304[0m 396.250 ms - -[0m
[0mGET /api/progressions/me [36m304[0m 5019.207 ms - -[0m
[06/09/2026 19:55:20] OPTIONS /api/notifications/count-unread
[06/09/2026 19:55:20] GET /api/notifications/count-unread
[0mGET /api/notifications/count-unread [36m304[0m 232.062 ms - -[0m
[06/09/2026 19:55:23] OPTIONS /api/enrollments/user/7
[06/09/2026 19:55:23] OPTIONS /api/progressions/me
[06/09/2026 19:55:23] OPTIONS /api/attempts/user/7
[06/09/2026 19:55:23] GET /api/notifications/count-unread
[06/09/2026 19:55:23] OPTIONS /api/progressions/me
[06/09/2026 19:55:23] GET /api/enrollments/user/7
[06/09/2026 19:55:23] GET /api/progressions/me
[06/09/2026 19:55:23] GET /api/attempts/user/7
[0mGET /api/notifications/count-unread [36m304[0m 210.098 ms - -[0m
[0mGET /api/enrollments/user/7 [36m304[0m 407.191 ms - -[0m
[0mGET /api/attempts/user/7 [36m304[0m 405.403 ms - -[0m
[06/09/2026 19:55:24] GET /api/enrollments/user/7
[06/09/2026 19:55:24] GET /api/attempts/user/7
[0mGET /api/enrollments/user/7 [36m304[0m 406.518 ms - -[0m
[0mGET /api/attempts/user/7 [36m304[0m 404.878 ms - -[0m
[0mGET /api/progressions/me [36m304[0m 4808.550 ms - -[0m
[06/09/2026 19:55:28] GET /api/progressions/me
[06/09/2026 19:55:28] OPTIONS /api/notifications/count-unread
[06/09/2026 19:55:28] GET /api/notifications/count-unread
[0mGET /api/notifications/count-unread [36m304[0m 191.142 ms - -[0m
[0mGET /api/progressions/me [36m304[0m 4499.017 ms - -[0m
[06/09/2026 19:55:34] OPTIONS /api/notifications/count-unread
[06/09/2026 19:55:34] OPTIONS /api/formations
[06/09/2026 19:55:34] OPTIONS /api/enrollments/user/7
[06/09/2026 19:55:34] OPTIONS /api/categories
[06/09/2026 19:55:34] OPTIONS /api/enrollments/user/7
[06/09/2026 19:55:34] OPTIONS /api/categories
[06/09/2026 19:55:34] GET /api/notifications/count-unread
[06/09/2026 19:55:34] GET /api/formations
[06/09/2026 19:55:34] GET /api/enrollments/user/7
[06/09/2026 19:55:34] GET /api/categories
[0mGET /api/categories [36m304[0m 269.420 ms - -[0m
[0mGET /api/notifications/count-unread [36m304[0m 276.837 ms - -[0m
[06/09/2026 19:55:34] GET /api/categories
[0mGET /api/formations [32m200[0m 278.757 ms - -[0m
[06/09/2026 19:55:34] GET /api/formations
[0mGET /api/enrollments/user/7 [36m304[0m 469.014 ms - -[0m
[06/09/2026 19:55:34] GET /api/enrollments/user/7
[0mGET /api/categories [36m304[0m 206.075 ms - -[0m
[0mGET /api/formations [36m304[0m 206.567 ms - -[0m
[06/09/2026 19:55:35] GET /api/notifications/count-unread
[0mGET /api/notifications/count-unread [36m304[0m 225.787 ms - -[0m
[0mGET /api/enrollments/user/7 [36m304[0m 535.781 ms - -[0m
[06/09/2026 19:55:37] OPTIONS /api/enrollments
[06/09/2026 19:55:37] POST /api/enrollments
[0mPOST /api/enrollments [32m200[0m 2679.218 ms - 78[0m
[06/09/2026 19:55:44] OPTIONS /api/notifications/count-unread
[06/09/2026 19:55:44] OPTIONS /api/conversation-participants/user/7
[06/09/2026 19:55:44] OPTIONS /api/conversation-participants/user/7
[06/09/2026 19:55:44] GET /api/notifications/count-unread
[06/09/2026 19:55:44] GET /api/conversation-participants/user/7
[0mGET /api/notifications/count-unread [36m304[0m 213.830 ms - -[0m
[0mGET /api/conversation-participants/user/7 [32m200[0m 414.245 ms - 585[0m
[06/09/2026 19:55:45] GET /api/conversation-participants/user/7
[0mGET /api/conversation-participants/user/7 [36m304[0m 402.959 ms - -[0m
[06/09/2026 19:55:49] OPTIONS /api/enrollments/user/7
[06/09/2026 19:55:49] OPTIONS /api/progressions/me
[06/09/2026 19:55:49] OPTIONS /api/attempts/user/7
[06/09/2026 19:55:49] GET /api/notifications/count-unread
[06/09/2026 19:55:49] GET /api/enrollments/user/7
[06/09/2026 19:55:49] GET /api/progressions/me
[06/09/2026 19:55:49] GET /api/attempts/user/7
[0mGET /api/notifications/count-unread [36m304[0m 290.492 ms - -[0m
[0mGET /api/enrollments/user/7 [32m200[0m 488.169 ms - 1022[0m
[0mGET /api/attempts/user/7 [36m304[0m 486.404 ms - -[0m
[06/09/2026 19:55:49] GET /api/enrollments/user/7
[06/09/2026 19:55:49] GET /api/attempts/user/7
[0mGET /api/enrollments/user/7 [36m304[0m 408.248 ms - -[0m
[0mGET /api/attempts/user/7 [36m304[0m 408.737 ms - -[0m
[06/09/2026 19:55:50] OPTIONS /api/notifications/count-unread
[06/09/2026 19:55:50] GET /api/notifications/count-unread
[0mGET /api/notifications/count-unread [36m304[0m 232.168 ms - -[0m
[0mGET /api/progressions/me [32m200[0m 5605.433 ms - 513[0m
[06/09/2026 19:55:54] GET /api/progressions/me
[0mGET /api/progressions/me [36m304[0m 5524.553 ms - -[0m
[06/09/2026 19:56:01] OPTIONS /api/notifications/count-unread
[06/09/2026 19:56:01] OPTIONS /api/formations/5
[06/09/2026 19:56:01] OPTIONS /api/chapters/formation/5
[06/09/2026 19:56:01] OPTIONS /api/enrollments/user/7
[06/09/2026 19:56:01] OPTIONS /api/progressions/me
[06/09/2026 19:56:01] OPTIONS /api/formations/5
[06/09/2026 19:56:01] GET /api/notifications/count-unread
[06/09/2026 19:56:01] GET /api/formations/5
[06/09/2026 19:56:01] GET /api/chapters/formation/5
[06/09/2026 19:56:01] GET /api/enrollments/user/7
[06/09/2026 19:56:01] GET /api/progressions/me
[0mGET /api/notifications/count-unread [36m304[0m 191.561 ms - -[0m
[0mGET /api/formations/5 [36m304[0m 290.073 ms - -[0m
[06/09/2026 19:56:02] GET /api/formations/5
[0mGET /api/formations/5 [36m304[0m 200.553 ms - -[0m
[0mGET /api/enrollments/user/7 [36m304[0m 493.495 ms - -[0m
[06/09/2026 19:56:02] GET /api/enrollments/user/7
[0mGET /api/enrollments/user/7 [36m304[0m 406.773 ms - -[0m
[0mGET /api/chapters/formation/5 [32m200[0m 2952.124 ms - 415[0m
[06/09/2026 19:56:04] GET /api/chapters/formation/5
[06/09/2026 19:56:05] GET /api/notifications/count-unread
[0mGET /api/notifications/count-unread [36m304[0m 191.507 ms - -[0m
[0mGET /api/chapters/formation/5 [36m304[0m 2860.163 ms - -[0m
[0mGET /api/progressions/me [36m304[0m 6017.783 ms - -[0m
[06/09/2026 19:56:07] GET /api/progressions/me
[0mGET /api/progressions/me [36m304[0m 5842.107 ms - -[0m
[06/09/2026 19:56:13] OPTIONS /api/sections/chapter/11
[06/09/2026 19:56:13] OPTIONS /api/sections/chapter/12
[06/09/2026 19:56:13] GET /api/sections/chapter/11
[06/09/2026 19:56:13] GET /api/sections/chapter/12
[0mGET /api/sections/chapter/11 [36m304[0m 888.399 ms - -[0m
[0mGET /api/sections/chapter/12 [33m403[0m 1084.516 ms - 126[0m
[06/09/2026 19:56:14] OPTIONS /api/sous-sections/section/21
[06/09/2026 19:56:14] GET /api/sous-sections/section/21
[0mGET /api/sous-sections/section/21 [36m304[0m 1214.052 ms - -[0m
[06/09/2026 19:56:18] OPTIONS /api/chapters/11
[06/09/2026 19:56:18] OPTIONS /api/notifications/count-unread
[06/09/2026 19:56:18] OPTIONS /api/notifications/count-unread
[06/09/2026 19:56:18] OPTIONS /api/chapters/11
[06/09/2026 19:56:18] GET /api/chapters/11
[06/09/2026 19:56:18] GET /api/notifications/count-unread
[0mGET /api/notifications/count-unread [36m304[0m 194.270 ms - -[0m
[06/09/2026 19:56:19] GET /api/notifications/count-unread
[0mGET /api/notifications/count-unread [36m304[0m 200.475 ms - -[0m
[06/09/2026 19:56:19] GET /api/notifications/count-unread
[0mGET /api/notifications/count-unread [36m304[0m 202.434 ms - -[0m
[06/09/2026 19:56:19] GET /api/notifications/count-unread
[0mGET /api/notifications/count-unread [36m304[0m 200.833 ms - -[0m
[0mGET /api/chapters/11 [36m304[0m 1836.645 ms - -[0m
[06/09/2026 19:56:20] GET /api/chapters/11
[06/09/2026 19:56:20] OPTIONS /api/quizzes/chapter/11
[06/09/2026 19:56:20] GET /api/quizzes/chapter/11
[0mGET /api/quizzes/chapter/11 [36m304[0m 804.900 ms - -[0m
[06/09/2026 19:56:21] OPTIONS /api/sections/chapter/11
[06/09/2026 19:56:21] GET /api/sections/chapter/11
[0mGET /api/sections/chapter/11 [36m304[0m 816.049 ms - -[0m
[0mGET /api/chapters/11 [36m304[0m 1842.404 ms - -[0m
[06/09/2026 19:56:22] GET /api/chapters/11
[06/09/2026 19:56:22] GET /api/quizzes/chapter/11
[0mGET /api/quizzes/chapter/11 [36m304[0m 798.039 ms - -[0m
[06/09/2026 19:56:23] GET /api/sections/chapter/11
[0mGET /api/sections/chapter/11 [36m304[0m 812.276 ms - -[0m
[06/09/2026 19:56:24] OPTIONS /api/sous-sections/section/21
[06/09/2026 19:56:24] GET /api/sous-sections/section/21
[0mGET /api/chapters/11 [36m304[0m 1825.700 ms - -[0m
[06/09/2026 19:56:24] GET /api/chapters/11
[0mGET /api/sous-sections/section/21 [36m304[0m 1012.233 ms - -[0m
[06/09/2026 19:56:25] GET /api/files/1788720729380-VID-20260811-WA0026.mp4?token=eyJhbGciOiJIUzI1NiIsInR5cCI6IkpXVCJ9.eyJpZCI6Nywicm9sZSI6IkV0dWRpYW50IiwiZW1haWwiOiJhbGljZS5tYm9naG9AdHV0b3JlLmxvY2FsIiwiaWF0IjoxNzg4NzIwOTA1LCJleHAiOjE3ODg4MDczMDV9.BG7tqnzy_ZYlbW2U_TEm-Jc2iumEq5QRcgNXs_wBeQU
[06/09/2026 19:56:25] GET /api/files/1788720464287-Logo-UNILUK.png?token=eyJhbGciOiJIUzI1NiIsInR5cCI6IkpXVCJ9.eyJpZCI6Nywicm9sZSI6IkV0dWRpYW50IiwiZW1haWwiOiJhbGljZS5tYm9naG9AdHV0b3JlLmxvY2FsIiwiaWF0IjoxNzg4NzIwOTA1LCJleHAiOjE3ODg4MDczMDV9.BG7tqnzy_ZYlbW2U_TEm-Jc2iumEq5QRcgNXs_wBeQU
[0mGET /api/files/1788720729380-VID-20260811-WA0026.mp4?token=eyJhbGciOiJIUzI1NiIsInR5cCI6IkpXVCJ9.eyJpZCI6Nywicm9sZSI6IkV0dWRpYW50IiwiZW1haWwiOiJhbGljZS5tYm9naG9AdHV0b3JlLmxvY2FsIiwiaWF0IjoxNzg4NzIwOTA1LCJleHAiOjE3ODg4MDczMDV9.BG7tqnzy_ZYlbW2U_TEm-Jc2iumEq5QRcgNXs_wBeQU [32m206[0m 591.430 ms - 1269124[0m
[0mGET /api/chapters/11 [36m304[0m 1838.857 ms - -[0m
[06/09/2026 19:56:26] OPTIONS /api/formations/5
[06/09/2026 19:56:26] OPTIONS /api/progressions/user/7
[06/09/2026 19:56:26] OPTIONS /api/chapters/formation/5
[06/09/2026 19:56:26] GET /api/formations/5
[06/09/2026 19:56:26] GET /api/progressions/user/7
[06/09/2026 19:56:26] GET /api/chapters/formation/5
[0mGET /api/files/1788720464287-Logo-UNILUK.png?token=eyJhbGciOiJIUzI1NiIsInR5cCI6IkpXVCJ9.eyJpZCI6Nywicm9sZSI6IkV0dWRpYW50IiwiZW1haWwiOiJhbGljZS5tYm9naG9AdHV0b3JlLmxvY2FsIiwiaWF0IjoxNzg4NzIwOTA1LCJleHAiOjE3ODg4MDczMDV9.BG7tqnzy_ZYlbW2U_TEm-Jc2iumEq5QRcgNXs_wBeQU [32m200[0m 1088.518 ms - 30659[0m
[0mGET /api/formations/5 [36m304[0m 188.709 ms - -[0m
[06/09/2026 19:56:28] OPTIONS /api/notifications/count-unread
[06/09/2026 19:56:28] GET /api/notifications/count-unread
[0mGET /api/notifications/count-unread [36m304[0m 200.313 ms - -[0m
[0mGET /api/chapters/formation/5 [36m304[0m 2843.182 ms - -[0m
[06/09/2026 19:56:29] OPTIONS /api/sections/chapter/11
[06/09/2026 19:56:29] OPTIONS /api/sections/chapter/12
[06/09/2026 19:56:29] OPTIONS /api/sections/chapter/11
[06/09/2026 19:56:29] OPTIONS /api/sections/chapter/12
[06/09/2026 19:56:29] GET /api/sections/chapter/11
[06/09/2026 19:56:29] GET /api/sections/chapter/12
[0mGET /api/sections/chapter/11 [36m304[0m 809.740 ms - -[0m
[06/09/2026 19:56:30] GET /api/sections/chapter/11
[0mGET /api/sections/chapter/12 [33m403[0m 1008.796 ms - 126[0m
[06/09/2026 19:56:30] GET /api/sections/chapter/12
[0mGET /api/sections/chapter/11 [36m304[0m 811.891 ms - -[0m
[06/09/2026 19:56:30] OPTIONS /api/sous-sections/section/21
[06/09/2026 19:56:30] GET /api/sous-sections/section/21
[0mGET /api/sections/chapter/12 [33m403[0m 1023.175 ms - 126[0m
[0mGET /api/progressions/user/7 [32m200[0m 5510.122 ms - 515[0m
[0mGET /api/sous-sections/section/21 [36m304[0m 1010.577 ms - -[0m
[06/09/2026 19:56:45] GET /api/files/1788720783085-tutore_e_learning.pdf?token=eyJhbGciOiJIUzI1NiIsInR5cCI6IkpXVCJ9.eyJpZCI6Nywicm9sZSI6IkV0dWRpYW50IiwiZW1haWwiOiJhbGljZS5tYm9naG9AdHV0b3JlLmxvY2FsIiwiaWF0IjoxNzg4NzIwOTA1LCJleHAiOjE3ODg4MDczMDV9.BG7tqnzy_ZYlbW2U_TEm-Jc2iumEq5QRcgNXs_wBeQU
[0mGET /api/files/1788720783085-tutore_e_learning.pdf?token=eyJhbGciOiJIUzI1NiIsInR5cCI6IkpXVCJ9.eyJpZCI6Nywicm9sZSI6IkV0dWRpYW50IiwiZW1haWwiOiJhbGljZS5tYm9naG9AdHV0b3JlLmxvY2FsIiwiaWF0IjoxNzg4NzIwOTA1LCJleHAiOjE3ODg4MDczMDV9.BG7tqnzy_ZYlbW2U_TEm-Jc2iumEq5QRcgNXs_wBeQU [32m200[0m 657.596 ms - 1155220[0m
[06/09/2026 19:57:11] OPTIONS /api/notifications/count-unread
[06/09/2026 19:57:11] OPTIONS /api/notifications/count-unread
[06/09/2026 19:57:11] OPTIONS /api/enrollments/user/7
[06/09/2026 19:57:11] OPTIONS /api/progressions/me
[06/09/2026 19:57:11] GET /api/notifications/count-unread
[06/09/2026 19:57:11] GET /api/enrollments/user/7
[06/09/2026 19:57:11] GET /api/progressions/me
[0mGET /api/notifications/count-unread [36m304[0m 271.346 ms - -[0m
[06/09/2026 19:57:12] GET /api/notifications/count-unread
[0mGET /api/enrollments/user/7 [36m304[0m 471.865 ms - -[0m
[0mGET /api/notifications/count-unread [36m304[0m 198.198 ms - -[0m
[06/09/2026 19:57:12] GET /api/enrollments/user/7
[06/09/2026 19:57:12] GET /api/notifications/count-unread
[0mGET /api/notifications/count-unread [36m304[0m 199.093 ms - -[0m
[06/09/2026 19:57:12] GET /api/notifications/count-unread
[0mGET /api/notifications/count-unread [36m304[0m 201.941 ms - -[0m
[0mGET /api/enrollments/user/7 [36m304[0m 406.584 ms - -[0m
[0mGET /api/progressions/me [36m304[0m 5589.190 ms - -[0m
[06/09/2026 19:57:17] GET /api/progressions/me
[0mGET /api/progressions/me [36m304[0m 5525.504 ms - -[0m
[06/09/2026 19:57:23] OPTIONS /api/notifications/count-unread
[06/09/2026 19:57:23] OPTIONS /api/formations/3
[06/09/2026 19:57:23] OPTIONS /api/chapters/formation/3
[06/09/2026 19:57:23] GET /api/notifications/count-unread
[06/09/2026 19:57:23] OPTIONS /api/enrollments/user/7
[06/09/2026 19:57:23] OPTIONS /api/progressions/me
[06/09/2026 19:57:23] GET /api/formations/3
[06/09/2026 19:57:23] GET /api/chapters/formation/3
[06/09/2026 19:57:23] GET /api/enrollments/user/7
[06/09/2026 19:57:23] GET /api/progressions/me
[0mGET /api/notifications/count-unread [36m304[0m 188.722 ms - -[0m
[0mGET /api/formations/3 [36m304[0m 189.579 ms - -[0m
[06/09/2026 19:57:23] GET /api/formations/3
[0mGET /api/formations/3 [36m304[0m 194.316 ms - -[0m
[0mGET /api/enrollments/user/7 [36m304[0m 388.736 ms - -[0m
[06/09/2026 19:57:23] GET /api/enrollments/user/7
[0mGET /api/enrollments/user/7 [36m304[0m 404.472 ms - -[0m
[06/09/2026 19:57:26] GET /api/notifications/count-unread
[0mGET /api/notifications/count-unread [36m304[0m 224.048 ms - -[0m
[0mGET /api/chapters/formation/3 [36m304[0m 3868.670 ms - -[0m
[06/09/2026 19:57:27] GET /api/chapters/formation/3
[06/09/2026 19:57:28] OPTIONS /api/notifications/count-unread
[06/09/2026 19:57:28] GET /api/notifications/count-unread
[0mGET /api/notifications/count-unread [36m304[0m 201.400 ms - -[0m
[0mGET /api/progressions/me [36m304[0m 5913.875 ms - -[0m
[06/09/2026 19:57:29] GET /api/progressions/me
[0mGET /api/chapters/formation/3 [36m304[0m 3991.251 ms - -[0m
[0mGET /api/progressions/me [36m304[0m 5626.432 ms - -[0m
[06/09/2026 19:57:34] OPTIONS /api/sections/chapter/7
[06/09/2026 19:57:34] OPTIONS /api/sections/chapter/8
[06/09/2026 19:57:34] OPTIONS /api/sections/chapter/9
[06/09/2026 19:57:34] GET /api/sections/chapter/7
[06/09/2026 19:57:34] GET /api/sections/chapter/8
[06/09/2026 19:57:34] GET /api/sections/chapter/9
[0mGET /api/sections/chapter/7 [36m304[0m 803.991 ms - -[0m
[0mGET /api/sections/chapter/8 [33m403[0m 1004.034 ms - 126[0m
[0mGET /api/sections/chapter/9 [33m403[0m 1002.455 ms - 126[0m
[06/09/2026 19:57:35] OPTIONS /api/sous-sections/section/13
[06/09/2026 19:57:35] OPTIONS /api/sous-sections/section/14
[06/09/2026 19:57:35] GET /api/sous-sections/section/13
[06/09/2026 19:57:35] GET /api/sous-sections/section/14
[0mGET /api/sous-sections/section/14 [36m304[0m 1007.467 ms - -[0m
[0mGET /api/sous-sections/section/13 [36m304[0m 1011.870 ms - -[0m
[06/09/2026 19:57:41] OPTIONS /api/notifications/count-unread
[06/09/2026 19:57:41] GET /api/notifications/count-unread
[0mGET /api/notifications/count-unread [36m304[0m 270.422 ms - -[0m
[06/09/2026 19:57:56] OPTIONS /api/notifications/count-unread
[06/09/2026 19:57:56] GET /api/notifications/count-unread
[0mGET /api/notifications/count-unread [36m304[0m 219.705 ms - -[0m
[06/09/2026 19:58:11] OPTIONS /api/notifications/count-unread
[06/09/2026 19:58:11] GET /api/notifications/count-unread
[0mGET /api/notifications/count-unread [36m304[0m 272.933 ms - -[0m
[06/09/2026 19:58:26] OPTIONS /api/notifications/count-unread
[06/09/2026 19:58:26] GET /api/notifications/count-unread
[0mGET /api/notifications/count-unread [36m304[0m 228.011 ms - -[0m
[06/09/2026 19:58:28] GET /api/notifications/count-unread
[0mGET /api/notifications/count-unread [36m304[0m 212.191 ms - -[0m
[06/09/2026 19:58:41] OPTIONS /api/notifications/count-unread
[06/09/2026 19:58:41] GET /api/notifications/count-unread
[0mGET /api/notifications/count-unread [36m304[0m 286.926 ms - -[0m
[06/09/2026 19:58:56] OPTIONS /api/notifications/count-unread
[06/09/2026 19:58:56] GET /api/notifications/count-unread
[0mGET /api/notifications/count-unread [36m304[0m 224.650 ms - -[0m
[06/09/2026 19:59:11] OPTIONS /api/notifications/count-unread
[06/09/2026 19:59:11] GET /api/notifications/count-unread
[0mGET /api/notifications/count-unread [36m304[0m 188.013 ms - -[0m
[06/09/2026 19:59:26] OPTIONS /api/notifications/count-unread
[06/09/2026 19:59:26] GET /api/notifications/count-unread
[0mGET /api/notifications/count-unread [36m304[0m 227.782 ms - -[0m
[06/09/2026 19:59:28] GET /api/notifications/count-unread
[0mGET /api/notifications/count-unread [36m304[0m 222.393 ms - -[0m
[06/09/2026 19:59:41] OPTIONS /api/notifications/count-unread
[06/09/2026 19:59:41] GET /api/notifications/count-unread
[0mGET /api/notifications/count-unread [36m304[0m 176.717 ms - -[0m
[06/09/2026 19:59:56] OPTIONS /api/notifications/count-unread
[06/09/2026 19:59:56] GET /api/notifications/count-unread
[0mGET /api/notifications/count-unread [36m304[0m 237.753 ms - -[0m
[06/09/2026 20:00:11] OPTIONS /api/notifications/count-unread
[06/09/2026 20:00:11] GET /api/notifications/count-unread
[0mGET /api/notifications/count-unread [36m304[0m 176.548 ms - -[0m
[06/09/2026 20:00:26] OPTIONS /api/notifications/count-unread
[06/09/2026 20:00:26] GET /api/notifications/count-unread
[0mGET /api/notifications/count-unread [36m304[0m 233.138 ms - -[0m
[06/09/2026 20:00:28] GET /api/notifications/count-unread
[0mGET /api/notifications/count-unread [36m304[0m 231.519 ms - -[0m
[06/09/2026 20:00:41] OPTIONS /api/notifications/count-unread
[06/09/2026 20:00:41] GET /api/notifications/count-unread
[0mGET /api/notifications/count-unread [36m304[0m 185.212 ms - -[0m
[06/09/2026 20:00:56] OPTIONS /api/notifications/count-unread
[06/09/2026 20:00:56] GET /api/notifications/count-unread
[0mGET /api/notifications/count-unread [36m304[0m 234.223 ms - -[0m
[06/09/2026 20:01:11] OPTIONS /api/notifications/count-unread
[06/09/2026 20:01:11] GET /api/notifications/count-unread
[0mGET /api/notifications/count-unread [36m304[0m 193.442 ms - -[0m
[06/09/2026 20:01:26] OPTIONS /api/notifications/count-unread
[06/09/2026 20:01:26] GET /api/notifications/count-unread
[0mGET /api/notifications/count-unread [36m304[0m 292.967 ms - -[0m
[06/09/2026 20:01:28] GET /api/notifications/count-unread
[0mGET /api/notifications/count-unread [36m304[0m 243.372 ms - -[0m
[06/09/2026 20:01:41] OPTIONS /api/notifications/count-unread
[06/09/2026 20:01:41] GET /api/notifications/count-unread
[0mGET /api/notifications/count-unread [36m304[0m 239.013 ms - -[0m
[06/09/2026 20:01:56] OPTIONS /api/notifications/count-unread
[06/09/2026 20:01:56] GET /api/notifications/count-unread
[0mGET /api/notifications/count-unread [36m304[0m 195.300 ms - -[0m
[06/09/2026 20:02:11] OPTIONS /api/notifications/count-unread
[06/09/2026 20:02:11] GET /api/notifications/count-unread
[0mGET /api/notifications/count-unread [36m304[0m 253.805 ms - -[0m
[06/09/2026 20:02:28] OPTIONS /api/notifications/count-unread
[06/09/2026 20:02:28] OPTIONS /api/notifications/count-unread
[06/09/2026 20:02:28] GET /api/notifications/count-unread
[0mGET /api/notifications/count-unread [36m304[0m 246.246 ms - -[0m
[06/09/2026 20:02:29] GET /api/notifications/count-unread
[0mGET /api/notifications/count-unread [36m304[0m 209.791 ms - -[0m
[06/09/2026 20:03:28] OPTIONS /api/notifications/count-unread
[06/09/2026 20:03:28] OPTIONS /api/notifications/count-unread
[06/09/2026 20:03:28] GET /api/notifications/count-unread
[0mGET /api/notifications/count-unread [36m304[0m 230.134 ms - -[0m
[06/09/2026 20:03:29] GET /api/notifications/count-unread
[0mGET /api/notifications/count-unread [36m304[0m 202.580 ms - -[0m
[06/09/2026 20:04:20] OPTIONS /api/notifications/count-unread
[06/09/2026 20:04:20] GET /api/notifications/count-unread
[0mGET /api/notifications/count-unread [36m304[0m 282.639 ms - -[0m
[06/09/2026 20:04:26] OPTIONS /api/notifications/count-unread
[06/09/2026 20:04:26] GET /api/notifications/count-unread
[0mGET /api/notifications/count-unread [36m304[0m 212.227 ms - -[0m
[06/09/2026 20:04:28] GET /api/notifications/count-unread
[0mGET /api/notifications/count-unread [36m304[0m 245.801 ms - -[0m
[06/09/2026 20:04:41] OPTIONS /api/notifications/count-unread
[06/09/2026 20:04:41] GET /api/notifications/count-unread
[0mGET /api/notifications/count-unread [36m304[0m 268.937 ms - -[0m
[06/09/2026 20:04:56] OPTIONS /api/notifications/count-unread
[06/09/2026 20:04:56] GET /api/notifications/count-unread
[0mGET /api/notifications/count-unread [36m304[0m 203.868 ms - -[0m
[06/09/2026 20:05:11] OPTIONS /api/notifications/count-unread
[06/09/2026 20:05:11] GET /api/notifications/count-unread
[0mGET /api/notifications/count-unread [36m304[0m 259.689 ms - -[0m
[06/09/2026 20:05:28] OPTIONS /api/notifications/count-unread
[06/09/2026 20:05:28] OPTIONS /api/notifications/count-unread
[06/09/2026 20:05:28] GET /api/notifications/count-unread
[0mGET /api/notifications/count-unread [36m304[0m 252.714 ms - -[0m
[06/09/2026 20:05:29] GET /api/notifications/count-unread
[0mGET /api/notifications/count-unread [36m304[0m 203.530 ms - -[0m
[06/09/2026 20:06:28] OPTIONS /api/notifications/count-unread
[06/09/2026 20:06:28] OPTIONS /api/notifications/count-unread
[06/09/2026 20:06:28] GET /api/notifications/count-unread
[0mGET /api/notifications/count-unread [36m304[0m 261.261 ms - -[0m
[06/09/2026 20:06:29] GET /api/notifications/count-unread
[0mGET /api/notifications/count-unread [36m304[0m 306.745 ms - -[0m
[06/09/2026 20:07:28] OPTIONS /api/notifications/count-unread
[06/09/2026 20:07:28] OPTIONS /api/notifications/count-unread
[06/09/2026 20:07:28] GET /api/notifications/count-unread
[0mGET /api/notifications/count-unread [36m304[0m 267.426 ms - -[0m
[06/09/2026 20:07:29] GET /api/notifications/count-unread
[0mGET /api/notifications/count-unread [36m304[0m 197.901 ms - -[0m
[06/09/2026 20:08:28] OPTIONS /api/notifications/count-unread
[06/09/2026 20:08:28] OPTIONS /api/notifications/count-unread
[06/09/2026 20:08:28] GET /api/notifications/count-unread
[0mGET /api/notifications/count-unread [36m304[0m 271.546 ms - -[0m
[06/09/2026 20:08:29] GET /api/notifications/count-unread
[0mGET /api/notifications/count-unread [36m304[0m 199.099 ms - -[0m
[06/09/2026 20:09:28] OPTIONS /api/notifications/count-unread
[06/09/2026 20:09:28] OPTIONS /api/notifications/count-unread
[06/09/2026 20:09:28] GET /api/notifications/count-unread
[0mGET /api/notifications/count-unread [36m304[0m 262.554 ms - -[0m
[06/09/2026 20:09:29] GET /api/notifications/count-unread
[0mGET /api/notifications/count-unread [36m304[0m 201.331 ms - -[0m
[06/09/2026 20:10:28] OPTIONS /api/notifications/count-unread
[06/09/2026 20:10:28] GET /api/notifications/count-unread
[0mGET /api/notifications/count-unread [36m304[0m 193.471 ms - -[0m
[06/09/2026 20:10:29] GET /api/notifications/count-unread
[0mGET /api/notifications/count-unread [36m304[0m 198.011 ms - -[0m
[06/09/2026 20:11:28] OPTIONS /api/notifications/count-unread
[06/09/2026 20:11:28] OPTIONS /api/notifications/count-unread
[06/09/2026 20:11:28] GET /api/notifications/count-unread
[0mGET /api/notifications/count-unread [36m304[0m 197.441 ms - -[0m
[06/09/2026 20:11:29] GET /api/notifications/count-unread
[0mGET /api/notifications/count-unread [36m304[0m 192.047 ms - -[0m
[06/09/2026 20:12:28] OPTIONS /api/notifications/count-unread
[06/09/2026 20:12:28] OPTIONS /api/notifications/count-unread
[06/09/2026 20:12:28] GET /api/notifications/count-unread
[0mGET /api/notifications/count-unread [36m304[0m 189.518 ms - -[0m
[06/09/2026 20:12:29] GET /api/notifications/count-unread
[0mGET /api/notifications/count-unread [36m304[0m 205.743 ms - -[0m
[06/09/2026 20:13:28] OPTIONS /api/notifications/count-unread
[06/09/2026 20:13:28] OPTIONS /api/notifications/count-unread
[06/09/2026 20:13:28] GET /api/notifications/count-unread
[0mGET /api/notifications/count-unread [36m304[0m 210.345 ms - -[0m
[06/09/2026 20:13:29] GET /api/notifications/count-unread
[0mGET /api/notifications/count-unread [36m304[0m 207.440 ms - -[0m
[06/09/2026 20:14:28] OPTIONS /api/notifications/count-unread
[06/09/2026 20:14:28] OPTIONS /api/notifications/count-unread
[06/09/2026 20:14:28] GET /api/notifications/count-unread
[0mGET /api/notifications/count-unread [36m304[0m 302.140 ms - -[0m
[06/09/2026 20:14:29] GET /api/notifications/count-unread
[0mGET /api/notifications/count-unread [36m304[0m 210.496 ms - -[0m
[06/09/2026 20:15:28] OPTIONS /api/notifications/count-unread
[06/09/2026 20:15:28] OPTIONS /api/notifications/count-unread
[06/09/2026 20:15:28] GET /api/notifications/count-unread
[0mGET /api/notifications/count-unread [36m304[0m 198.983 ms - -[0m
[06/09/2026 20:15:29] GET /api/notifications/count-unread
[0mGET /api/notifications/count-unread [36m304[0m 201.156 ms - -[0m
[06/09/2026 20:16:28] OPTIONS /api/notifications/count-unread
[06/09/2026 20:16:28] OPTIONS /api/notifications/count-unread
[06/09/2026 20:16:28] GET /api/notifications/count-unread
[0mGET /api/notifications/count-unread [36m304[0m 207.950 ms - -[0m
[06/09/2026 20:16:29] GET /api/notifications/count-unread
[0mGET /api/notifications/count-unread [36m304[0m 200.947 ms - -[0m
[06/09/2026 20:17:28] OPTIONS /api/notifications/count-unread
[06/09/2026 20:17:28] OPTIONS /api/notifications/count-unread
[06/09/2026 20:17:28] GET /api/notifications/count-unread
[0mGET /api/notifications/count-unread [36m304[0m 234.051 ms - -[0m
[06/09/2026 20:17:29] GET /api/notifications/count-unread
[0mGET /api/notifications/count-unread [36m304[0m 203.621 ms - -[0m
[06/09/2026 20:18:28] OPTIONS /api/notifications/count-unread
[06/09/2026 20:18:28] OPTIONS /api/notifications/count-unread
[06/09/2026 20:18:28] GET /api/notifications/count-unread
[0mGET /api/notifications/count-unread [36m304[0m 215.247 ms - -[0m
[06/09/2026 20:18:29] GET /api/notifications/count-unread
[0mGET /api/notifications/count-unread [36m304[0m 210.773 ms - -[0m
[06/09/2026 20:19:28] OPTIONS /api/notifications/count-unread
[06/09/2026 20:19:28] OPTIONS /api/notifications/count-unread
[06/09/2026 20:19:28] GET /api/notifications/count-unread
[0mGET /api/notifications/count-unread [36m304[0m 235.034 ms - -[0m
[06/09/2026 20:19:29] GET /api/notifications/count-unread
[0mGET /api/notifications/count-unread [36m304[0m 197.217 ms - -[0m
[06/09/2026 20:20:28] OPTIONS /api/notifications/count-unread
[06/09/2026 20:20:28] OPTIONS /api/notifications/count-unread
[06/09/2026 20:20:28] GET /api/notifications/count-unread
[0mGET /api/notifications/count-unread [36m304[0m 247.465 ms - -[0m
[06/09/2026 20:20:29] GET /api/notifications/count-unread
[0mGET /api/notifications/count-unread [36m304[0m 201.918 ms - -[0m
[06/09/2026 20:21:28] OPTIONS /api/notifications/count-unread
[06/09/2026 20:21:28] OPTIONS /api/notifications/count-unread
[06/09/2026 20:21:28] GET /api/notifications/count-unread
[0mGET /api/notifications/count-unread [36m304[0m 247.403 ms - -[0m
[06/09/2026 20:21:29] GET /api/notifications/count-unread
[0mGET /api/notifications/count-unread [36m304[0m 213.172 ms - -[0m
[06/09/2026 20:22:28] OPTIONS /api/notifications/count-unread
[06/09/2026 20:22:28] OPTIONS /api/notifications/count-unread
[06/09/2026 20:22:28] GET /api/notifications/count-unread
[0mGET /api/notifications/count-unread [36m304[0m 262.909 ms - -[0m
[06/09/2026 20:22:29] GET /api/notifications/count-unread
[0mGET /api/notifications/count-unread [36m304[0m 196.947 ms - -[0m
[06/09/2026 20:23:28] OPTIONS /api/notifications/count-unread
[06/09/2026 20:23:28] GET /api/notifications/count-unread
[0mGET /api/notifications/count-unread [36m304[0m 264.859 ms - -[0m
[06/09/2026 20:23:29] GET /api/notifications/count-unread
[0mGET /api/notifications/count-unread [36m304[0m 202.710 ms - -[0m
[06/09/2026 20:24:28] OPTIONS /api/notifications/count-unread
[06/09/2026 20:24:28] OPTIONS /api/notifications/count-unread
[06/09/2026 20:24:28] GET /api/notifications/count-unread
[0mGET /api/notifications/count-unread [36m304[0m 267.075 ms - -[0m
[06/09/2026 20:24:29] GET /api/notifications/count-unread
[0mGET /api/notifications/count-unread [36m304[0m 202.618 ms - -[0m
[06/09/2026 20:25:28] OPTIONS /api/notifications/count-unread
[06/09/2026 20:25:28] OPTIONS /api/notifications/count-unread
[06/09/2026 20:25:28] GET /api/notifications/count-unread
[0mGET /api/notifications/count-unread [36m304[0m 277.209 ms - -[0m
[06/09/2026 20:25:29] GET /api/notifications/count-unread
[0mGET /api/notifications/count-unread [36m304[0m 200.617 ms - -[0m
[06/09/2026 20:26:17] POST /api/auth/login
[0mPOST /api/auth/login [32m200[0m 696.992 ms - 384[0m
[06/09/2026 20:26:17] GET /api/formations
[0mGET /api/formations [32m200[0m 273.153 ms - -[0m
[06/09/2026 20:26:28] OPTIONS /api/notifications/count-unread
[06/09/2026 20:26:28] OPTIONS /api/notifications/count-unread
[06/09/2026 20:26:28] GET /api/notifications/count-unread
[0mGET /api/notifications/count-unread [36m304[0m 189.633 ms - -[0m
[06/09/2026 20:26:29] GET /api/notifications/count-unread
[0mGET /api/notifications/count-unread [36m304[0m 197.072 ms - -[0m
[06/09/2026 20:26:38] POST /api/auth/login
[0mPOST /api/auth/login [32m200[0m 463.638 ms - 384[0m
[06/09/2026 20:26:38] GET /api/chapters/formation/6
[0mGET /api/chapters/formation/6 [32m200[0m 391.170 ms - 75[0m
[06/09/2026 20:27:28] POST /api/auth/login
[06/09/2026 20:27:28] OPTIONS /api/notifications/count-unread
[06/09/2026 20:27:28] GET /api/notifications/count-unread
[0mPOST /api/auth/login [32m200[0m 468.020 ms - 384[0m
[06/09/2026 20:27:29] POST /api/chapters
[0mGET /api/notifications/count-unread [36m304[0m 694.234 ms - -[0m
[06/09/2026 20:27:29] GET /api/notifications/count-unread
[0mGET /api/notifications/count-unread [36m304[0m 200.656 ms - -[0m
[0mPOST /api/chapters [32m200[0m 786.308 ms - 75[0m
[06/09/2026 20:27:30] POST /api/sections
[0mPOST /api/sections [32m200[0m 799.493 ms - 75[0m
[06/09/2026 20:27:30] POST /api/sous-sections
[0mPOST /api/sous-sections [32m200[0m 1013.695 ms - 80[0m
[06/09/2026 20:28:28] OPTIONS /api/notifications/count-unread
[06/09/2026 20:28:28] OPTIONS /api/notifications/count-unread
[06/09/2026 20:28:28] GET /api/notifications/count-unread
[0mGET /api/notifications/count-unread [36m304[0m 206.258 ms - -[0m
[06/09/2026 20:28:29] GET /api/notifications/count-unread
[0mGET /api/notifications/count-unread [36m304[0m 190.846 ms - -[0m
[06/09/2026 20:29:28] OPTIONS /api/notifications/count-unread
[06/09/2026 20:29:28] OPTIONS /api/notifications/count-unread
[06/09/2026 20:29:28] GET /api/notifications/count-unread
[0mGET /api/notifications/count-unread [36m304[0m 193.264 ms - -[0m
[06/09/2026 20:29:29] GET /api/notifications/count-unread
[0mGET /api/notifications/count-unread [36m304[0m 199.922 ms - -[0m
[06/09/2026 20:30:01] OPTIONS /api/auth/login
[06/09/2026 20:30:01] POST /api/auth/login
[0mPOST /api/auth/login [32m200[0m 488.255 ms - 384[0m
[06/09/2026 20:30:02] OPTIONS /api/notifications/count-unread
[06/09/2026 20:30:02] OPTIONS /api/notifications/count-unread
[06/09/2026 20:30:02] GET /api/notifications/count-unread
[06/09/2026 20:30:02] OPTIONS /api/formations
[06/09/2026 20:30:02] OPTIONS /api/formations
[06/09/2026 20:30:02] GET /api/formations
[0mGET /api/notifications/count-unread [32m200[0m 214.823 ms - 106[0m
[06/09/2026 20:30:02] GET /api/notifications/count-unread
[0mGET /api/notifications/count-unread [36m304[0m 178.423 ms - -[0m
[06/09/2026 20:30:02] GET /api/notifications/count-unread
[0mGET /api/formations [32m200[0m 603.462 ms - -[0m
[06/09/2026 20:30:02] GET /api/formations
[06/09/2026 20:30:02] OPTIONS /api/auth/me
[06/09/2026 20:30:02] OPTIONS /api/auth/me
[06/09/2026 20:30:02] GET /api/auth/me
[0mGET /api/notifications/count-unread [36m304[0m 234.442 ms - -[0m
[06/09/2026 20:30:02] GET /api/notifications/count-unread
[0mGET /api/formations [36m304[0m 205.811 ms - -[0m
[0mGET /api/notifications/count-unread [36m304[0m 203.065 ms - -[0m
[0mGET /api/auth/me [32m200[0m 839.655 ms - 163[0m
[06/09/2026 20:30:03] GET /api/auth/me
[0mGET /api/auth/me [36m304[0m 198.439 ms - -[0m
[06/09/2026 20:30:03] OPTIONS /api/formations/6
[06/09/2026 20:30:03] OPTIONS /api/formations/6
[06/09/2026 20:30:03] GET /api/formations/6
[0mGET /api/formations/6 [32m200[0m 172.124 ms - 371[0m
[06/09/2026 20:30:04] GET /api/formations/6
[06/09/2026 20:30:04] OPTIONS /api/chapters/formation/6
[06/09/2026 20:30:04] GET /api/chapters/formation/6
[0mGET /api/formations/6 [36m304[0m 202.810 ms - -[0m
[0mGET /api/chapters/formation/6 [32m200[0m 399.458 ms - 231[0m
[06/09/2026 20:30:04] GET /api/chapters/formation/6
[06/09/2026 20:30:04] OPTIONS /api/quizzes/chapter/13
[06/09/2026 20:30:04] OPTIONS /api/quizzes/chapter/13
[06/09/2026 20:30:04] GET /api/quizzes/chapter/13
[0mGET /api/chapters/formation/6 [36m304[0m 401.816 ms - -[0m
[0mGET /api/quizzes/chapter/13 [32m200[0m 659.767 ms - 70[0m
[06/09/2026 20:30:05] GET /api/quizzes/chapter/13
[0mGET /api/quizzes/chapter/13 [36m304[0m 610.993 ms - -[0m
[06/09/2026 20:30:28] OPTIONS /api/notifications/count-unread
[06/09/2026 20:30:28] GET /api/notifications/count-unread
[0mGET /api/notifications/count-unread [36m304[0m 208.410 ms - -[0m
[06/09/2026 20:30:29] GET /api/notifications/count-unread
[0mGET /api/notifications/count-unread [36m304[0m 204.802 ms - -[0m
[06/09/2026 20:31:28] OPTIONS /api/notifications/count-unread
[06/09/2026 20:31:28] GET /api/notifications/count-unread
[0mGET /api/notifications/count-unread [36m304[0m 202.695 ms - -[0m
[06/09/2026 20:31:29] GET /api/notifications/count-unread
[0mGET /api/notifications/count-unread [36m304[0m 198.209 ms - -[0m
[06/09/2026 20:32:28] OPTIONS /api/notifications/count-unread
[06/09/2026 20:32:28] OPTIONS /api/notifications/count-unread
[06/09/2026 20:32:28] GET /api/notifications/count-unread
[0mGET /api/notifications/count-unread [36m304[0m 213.788 ms - -[0m
[06/09/2026 20:32:29] GET /api/notifications/count-unread
[0mGET /api/notifications/count-unread [36m304[0m 204.036 ms - -[0m
[06/09/2026 20:32:36] OPTIONS /api/auth/login
[06/09/2026 20:32:36] POST /api/auth/login
[0mPOST /api/auth/login [32m200[0m 595.146 ms - 384[0m
[06/09/2026 20:32:37] OPTIONS /api/notifications/count-unread
[06/09/2026 20:32:37] OPTIONS /api/notifications/count-unread
[06/09/2026 20:32:37] OPTIONS /api/formations
[06/09/2026 20:32:37] GET /api/notifications/count-unread
[06/09/2026 20:32:37] GET /api/formations
[0mGET /api/notifications/count-unread [32m200[0m 184.665 ms - 106[0m
[06/09/2026 20:32:37] GET /api/notifications/count-unread
[0mGET /api/notifications/count-unread [36m304[0m 265.372 ms - -[0m
[06/09/2026 20:32:37] GET /api/notifications/count-unread
[06/09/2026 20:32:37] OPTIONS /api/auth/me
[06/09/2026 20:32:37] OPTIONS /api/auth/me
[06/09/2026 20:32:37] GET /api/auth/me
[0mGET /api/formations [32m200[0m 585.794 ms - -[0m
[06/09/2026 20:32:37] GET /api/formations
[0mGET /api/notifications/count-unread [36m304[0m 201.435 ms - -[0m
[06/09/2026 20:32:37] GET /api/notifications/count-unread
[0mGET /api/formations [36m304[0m 202.231 ms - -[0m
[0mGET /api/notifications/count-unread [36m304[0m 201.931 ms - -[0m
[0mGET /api/auth/me [32m200[0m 873.458 ms - 163[0m
[06/09/2026 20:32:38] GET /api/auth/me
[0mGET /api/auth/me [36m304[0m 198.379 ms - -[0m
[06/09/2026 20:32:38] OPTIONS /api/formations/6
[06/09/2026 20:32:38] OPTIONS /api/formations/6
[06/09/2026 20:32:38] GET /api/formations/6
[0mGET /api/formations/6 [32m200[0m 259.327 ms - 371[0m
[06/09/2026 20:32:38] GET /api/formations/6
[06/09/2026 20:32:38] OPTIONS /api/chapters/formation/6
[06/09/2026 20:32:38] GET /api/chapters/formation/6
[0mGET /api/formations/6 [36m304[0m 201.390 ms - -[0m
[0mGET /api/chapters/formation/6 [32m200[0m 397.748 ms - 231[0m
[06/09/2026 20:32:39] GET /api/chapters/formation/6
[06/09/2026 20:32:39] OPTIONS /api/quizzes/chapter/13
[06/09/2026 20:32:39] OPTIONS /api/quizzes/chapter/13
[06/09/2026 20:32:39] GET /api/quizzes/chapter/13
[06/09/2026 20:32:39] OPTIONS /api/sections/chapter/13
[06/09/2026 20:32:39] GET /api/sections/chapter/13
[0mGET /api/chapters/formation/6 [36m304[0m 406.137 ms - -[0m
[0mGET /api/quizzes/chapter/13 [32m200[0m 663.821 ms - 70[0m
[06/09/2026 20:32:40] GET /api/quizzes/chapter/13
[0mGET /api/sections/chapter/13 [32m200[0m 660.614 ms - 184[0m
[0mGET /api/quizzes/chapter/13 [0m-[0m - ms - -[0m
[06/09/2026 20:33:13] OPTIONS /api/auth/login
[06/09/2026 20:33:13] POST /api/auth/login
[0mPOST /api/auth/login [32m200[0m 675.705 ms - 384[0m
[06/09/2026 20:33:14] OPTIONS /api/notifications/count-unread
[06/09/2026 20:33:14] OPTIONS /api/notifications/count-unread
[06/09/2026 20:33:14] OPTIONS /api/formations
[06/09/2026 20:33:14] GET /api/notifications/count-unread
[06/09/2026 20:33:14] GET /api/formations
[0mGET /api/notifications/count-unread [32m200[0m 171.557 ms - 106[0m
[0mGET /api/formations [32m200[0m 170.903 ms - -[0m
[06/09/2026 20:33:14] GET /api/notifications/count-unread
[06/09/2026 20:33:14] GET /api/formations
[0mGET /api/notifications/count-unread [36m304[0m 172.487 ms - -[0m
[06/09/2026 20:33:14] GET /api/notifications/count-unread
[0mGET /api/formations [36m304[0m 222.964 ms - -[0m
[06/09/2026 20:33:14] OPTIONS /api/auth/me
[06/09/2026 20:33:14] OPTIONS /api/auth/me
[06/09/2026 20:33:14] GET /api/auth/me
[0mGET /api/notifications/count-unread [36m304[0m 208.267 ms - -[0m
[06/09/2026 20:33:14] GET /api/notifications/count-unread
[0mGET /api/auth/me [32m200[0m 188.343 ms - 163[0m
[06/09/2026 20:33:14] GET /api/auth/me
[0mGET /api/notifications/count-unread [36m304[0m 204.316 ms - -[0m
[0mGET /api/auth/me [36m304[0m 200.841 ms - -[0m
[06/09/2026 20:33:15] OPTIONS /api/formations/6
[06/09/2026 20:33:15] OPTIONS /api/formations/6
[06/09/2026 20:33:15] GET /api/formations/6
[0mGET /api/formations/6 [32m200[0m 180.448 ms - 371[0m
[06/09/2026 20:33:15] GET /api/formations/6
[06/09/2026 20:33:15] OPTIONS /api/chapters/formation/6
[06/09/2026 20:33:15] GET /api/chapters/formation/6
[0mGET /api/formations/6 [36m304[0m 203.394 ms - -[0m
[0mGET /api/chapters/formation/6 [32m200[0m 402.000 ms - 231[0m
[06/09/2026 20:33:15] GET /api/chapters/formation/6
[06/09/2026 20:33:15] OPTIONS /api/quizzes/chapter/13
[06/09/2026 20:33:15] OPTIONS /api/quizzes/chapter/13
[06/09/2026 20:33:15] GET /api/quizzes/chapter/13
[06/09/2026 20:33:15] OPTIONS /api/sections/chapter/13
[06/09/2026 20:33:15] GET /api/sections/chapter/13
[0mGET /api/chapters/formation/6 [36m304[0m 402.654 ms - -[0m
[0mGET /api/quizzes/chapter/13 [32m200[0m 655.451 ms - 70[0m
[06/09/2026 20:33:16] GET /api/quizzes/chapter/13
[0mGET /api/sections/chapter/13 [32m200[0m 549.929 ms - 184[0m
[06/09/2026 20:33:16] OPTIONS /api/sous-sections/section/22
[06/09/2026 20:33:16] GET /api/sous-sections/section/22
[06/09/2026 20:33:17] OPTIONS /api/files/upload
[06/09/2026 20:33:17] POST /api/files/upload
[0mPOST /api/files/upload [32m201[0m 4.751 ms - 183[0m
[0mGET /api/quizzes/chapter/13 [36m304[0m 723.634 ms - -[0m
[06/09/2026 20:33:17] GET /api/files/1788723197160-test-image.png?token=eyJhbGciOiJIUzI1NiIsInR5cCI6IkpXVCJ9.eyJpZCI6NCwicm9sZSI6IkZvcm1hdGV1ciIsImVtYWlsIjoiamVhbi5wYXVsQHR1dG9yZS5sb2NhbCIsImlhdCI6MTc4ODcyMzE5NCwiZXhwIjoxNzg4ODA5NTk0fQ.y0iFogS29Gxb1yCTXqyzqmoHu6e11_G4QAqS46Unaos
[0mGET /api/files/1788723197160-test-image.png?token=eyJhbGciOiJIUzI1NiIsInR5cCI6IkpXVCJ9.eyJpZCI6NCwicm9sZSI6IkZvcm1hdGV1ciIsImVtYWlsIjoiamVhbi5wYXVsQHR1dG9yZS5sb2NhbCIsImlhdCI6MTc4ODcyMzE5NCwiZXhwIjoxNzg4ODA5NTk0fQ.y0iFogS29Gxb1yCTXqyzqmoHu6e11_G4QAqS46Unaos [33m404[0m 265.303 ms - 82[0m
[0mGET /api/sous-sections/section/22 [32m200[0m 942.118 ms - 167[0m
[06/09/2026 20:33:28] OPTIONS /api/notifications/count-unread
[06/09/2026 20:33:28] OPTIONS /api/notifications/count-unread
[06/09/2026 20:33:28] GET /api/notifications/count-unread
[0mGET /api/notifications/count-unread [36m304[0m 224.411 ms - -[0m
[06/09/2026 20:33:29] GET /api/notifications/count-unread
[0mGET /api/notifications/count-unread [36m304[0m 203.168 ms - -[0m
[06/09/2026 20:34:28] OPTIONS /api/notifications/count-unread
[06/09/2026 20:34:28] OPTIONS /api/notifications/count-unread
[06/09/2026 20:34:28] GET /api/notifications/count-unread
[0mGET /api/notifications/count-unread [36m304[0m 239.111 ms - -[0m
[06/09/2026 20:34:29] GET /api/notifications/count-unread
[0mGET /api/notifications/count-unread [36m304[0m 202.880 ms - -[0m
[06/09/2026 20:34:46] OPTIONS /api/auth/login
[06/09/2026 20:34:46] POST /api/auth/login
[0mPOST /api/auth/login [32m200[0m 536.123 ms - 384[0m
[06/09/2026 20:34:47] OPTIONS /api/notifications/count-unread
[06/09/2026 20:34:47] OPTIONS /api/notifications/count-unread
[06/09/2026 20:34:47] OPTIONS /api/formations
[06/09/2026 20:34:47] GET /api/notifications/count-unread
[06/09/2026 20:34:47] GET /api/formations
[0mGET /api/notifications/count-unread [32m200[0m 268.555 ms - 106[0m
[06/09/2026 20:34:47] GET /api/notifications/count-unread
[0mGET /api/notifications/count-unread [36m304[0m 248.828 ms - -[0m
[06/09/2026 20:34:47] GET /api/notifications/count-unread
[06/09/2026 20:34:47] OPTIONS /api/auth/me
[06/09/2026 20:34:47] OPTIONS /api/auth/me
[06/09/2026 20:34:47] GET /api/auth/me
[0mGET /api/formations [32m200[0m 679.179 ms - -[0m
[06/09/2026 20:34:47] GET /api/formations
[0mGET /api/notifications/count-unread [36m304[0m 204.571 ms - -[0m
[06/09/2026 20:34:47] GET /api/notifications/count-unread
[0mGET /api/formations [36m304[0m 209.541 ms - -[0m
[0mGET /api/notifications/count-unread [36m304[0m 197.931 ms - -[0m
[0mGET /api/auth/me [32m200[0m 871.352 ms - 163[0m
[06/09/2026 20:34:48] GET /api/auth/me
[0mGET /api/auth/me [36m304[0m 198.965 ms - -[0m
[06/09/2026 20:34:48] OPTIONS /api/formations/6
[06/09/2026 20:34:48] OPTIONS /api/formations/6
[06/09/2026 20:34:48] GET /api/formations/6
[0mGET /api/formations/6 [32m200[0m 269.769 ms - 371[0m
[06/09/2026 20:34:49] GET /api/formations/6
[06/09/2026 20:34:49] OPTIONS /api/chapters/formation/6
[06/09/2026 20:34:49] GET /api/chapters/formation/6
[0mGET /api/formations/6 [36m304[0m 212.407 ms - -[0m
[0mGET /api/chapters/formation/6 [32m200[0m 391.551 ms - 231[0m
[06/09/2026 20:34:49] GET /api/chapters/formation/6
[06/09/2026 20:34:49] OPTIONS /api/quizzes/chapter/13
[06/09/2026 20:34:49] OPTIONS /api/quizzes/chapter/13
[06/09/2026 20:34:49] GET /api/quizzes/chapter/13
[06/09/2026 20:34:49] OPTIONS /api/sections/chapter/13
[06/09/2026 20:34:49] GET /api/sections/chapter/13
[0mGET /api/chapters/formation/6 [36m304[0m 405.575 ms - -[0m
[0mGET /api/quizzes/chapter/13 [32m200[0m 665.074 ms - 70[0m
[06/09/2026 20:34:50] GET /api/quizzes/chapter/13
[0mGET /api/sections/chapter/13 [32m200[0m 633.756 ms - 184[0m
[06/09/2026 20:34:50] OPTIONS /api/sous-sections/section/22
[06/09/2026 20:34:50] GET /api/sous-sections/section/22
[0mGET /api/quizzes/chapter/13 [36m304[0m 714.738 ms - -[0m
[06/09/2026 20:34:50] OPTIONS /api/files/upload
[06/09/2026 20:34:50] POST /api/files/upload
[0mPOST /api/files/upload [32m201[0m 5.735 ms - 183[0m
[06/09/2026 20:34:50] GET /api/files/1788723290910-test-image.png?token=eyJhbGciOiJIUzI1NiIsInR5cCI6IkpXVCJ9.eyJpZCI6NCwicm9sZSI6IkZvcm1hdGV1ciIsImVtYWlsIjoiamVhbi5wYXVsQHR1dG9yZS5sb2NhbCIsImlhdCI6MTc4ODcyMzI4NiwiZXhwIjoxNzg4ODA5Njg2fQ.hMREmpO-xCB-g7tYW2kyorVX7w7Frrsz1z2nbzJYiD4
[0mGET /api/files/1788723290910-test-image.png?token=eyJhbGciOiJIUzI1NiIsInR5cCI6IkpXVCJ9.eyJpZCI6NCwicm9sZSI6IkZvcm1hdGV1ciIsImVtYWlsIjoiamVhbi5wYXVsQHR1dG9yZS5sb2NhbCIsImlhdCI6MTc4ODcyMzI4NiwiZXhwIjoxNzg4ODA5Njg2fQ.hMREmpO-xCB-g7tYW2kyorVX7w7Frrsz1z2nbzJYiD4 [33m404[0m 234.234 ms - 82[0m
[0mGET /api/sous-sections/section/22 [32m200[0m 828.557 ms - 167[0m
[06/09/2026 20:35:28] OPTIONS /api/notifications/count-unread
[06/09/2026 20:35:28] OPTIONS /api/notifications/count-unread
[06/09/2026 20:35:28] GET /api/notifications/count-unread
[0mGET /api/notifications/count-unread [36m304[0m 240.216 ms - -[0m
[06/09/2026 20:35:29] GET /api/notifications/count-unread
[0mGET /api/notifications/count-unread [36m304[0m 202.247 ms - -[0m
[06/09/2026 20:36:28] OPTIONS /api/notifications/count-unread
[06/09/2026 20:36:28] GET /api/notifications/count-unread
[0mGET /api/notifications/count-unread [36m304[0m 248.973 ms - -[0m
[06/09/2026 20:36:29] GET /api/notifications/count-unread
[0mGET /api/notifications/count-unread [36m304[0m 223.042 ms - -[0m
[06/09/2026 20:37:28] OPTIONS /api/notifications/count-unread
[06/09/2026 20:37:28] OPTIONS /api/notifications/count-unread
[06/09/2026 20:37:28] GET /api/notifications/count-unread
[0mGET /api/notifications/count-unread [36m304[0m 252.752 ms - -[0m
[06/09/2026 20:37:29] GET /api/notifications/count-unread
[0mGET /api/notifications/count-unread [36m304[0m 195.065 ms - -[0m
[32m[nodemon] restarting due to changes...[39m
[32m[nodemon] starting `node server.js`[39m
Serveur lancé sur localhost:3010
[32m[nodemon] restarting due to changes...[39m
[32m[nodemon] starting `node server.js`[39m
Serveur lancé sur localhost:3010
[06/09/2026 20:38:21] GET /api/health
[0mGET /api/health [33m404[0m 3.752 ms - 48[0m
[06/09/2026 20:38:28] OPTIONS /api/notifications/count-unread
[06/09/2026 20:38:28] OPTIONS /api/notifications/count-unread
[06/09/2026 20:38:28] GET /api/notifications/count-unread
[0mGET /api/notifications/count-unread [36m304[0m 848.049 ms - -[0m
[06/09/2026 20:38:29] GET /api/notifications/count-unread
[0mGET /api/notifications/count-unread [36m304[0m 203.687 ms - -[0m
[06/09/2026 20:38:40] OPTIONS /api/auth/login
[06/09/2026 20:38:40] POST /api/auth/login
[0mPOST /api/auth/login [32m200[0m 729.839 ms - 384[0m
[06/09/2026 20:38:41] OPTIONS /api/notifications/count-unread
[06/09/2026 20:38:41] OPTIONS /api/notifications/count-unread
[06/09/2026 20:38:41] GET /api/notifications/count-unread
[06/09/2026 20:38:41] OPTIONS /api/formations
[06/09/2026 20:38:41] OPTIONS /api/formations
[06/09/2026 20:38:41] GET /api/formations
[0mGET /api/notifications/count-unread [32m200[0m 273.460 ms - 106[0m
[06/09/2026 20:38:41] GET /api/notifications/count-unread
[0mGET /api/notifications/count-unread [36m304[0m 194.147 ms - -[0m
[06/09/2026 20:38:41] GET /api/notifications/count-unread
[0mGET /api/formations [32m200[0m 679.368 ms - -[0m
[06/09/2026 20:38:41] GET /api/formations
[0mGET /api/notifications/count-unread [36m304[0m 253.110 ms - -[0m
[06/09/2026 20:38:41] GET /api/notifications/count-unread
[06/09/2026 20:38:42] OPTIONS /api/auth/me
[06/09/2026 20:38:42] OPTIONS /api/auth/me
[06/09/2026 20:38:42] GET /api/auth/me
[0mGET /api/notifications/count-unread [36m304[0m 188.082 ms - -[0m
[0mGET /api/formations [36m304[0m 230.402 ms - -[0m
[0mGET /api/auth/me [32m200[0m 810.590 ms - 163[0m
[06/09/2026 20:38:42] GET /api/auth/me
[0mGET /api/auth/me [36m304[0m 204.311 ms - -[0m
[06/09/2026 20:38:43] OPTIONS /api/formations/6
[06/09/2026 20:38:43] OPTIONS /api/formations/6
[06/09/2026 20:38:43] GET /api/formations/6
[0mGET /api/formations/6 [32m200[0m 178.127 ms - 371[0m
[06/09/2026 20:38:43] GET /api/formations/6
[06/09/2026 20:38:43] OPTIONS /api/chapters/formation/6
[06/09/2026 20:38:43] GET /api/chapters/formation/6
[0mGET /api/formations/6 [36m304[0m 199.379 ms - -[0m
[0mGET /api/chapters/formation/6 [32m200[0m 392.423 ms - 231[0m
[06/09/2026 20:38:43] GET /api/chapters/formation/6
[06/09/2026 20:38:43] OPTIONS /api/quizzes/chapter/13
[06/09/2026 20:38:43] OPTIONS /api/quizzes/chapter/13
[06/09/2026 20:38:43] GET /api/quizzes/chapter/13
[06/09/2026 20:38:44] OPTIONS /api/sections/chapter/13
[06/09/2026 20:38:44] GET /api/sections/chapter/13
[0mGET /api/chapters/formation/6 [36m304[0m 406.240 ms - -[0m
[0mGET /api/quizzes/chapter/13 [32m200[0m 669.542 ms - 70[0m
[06/09/2026 20:38:44] GET /api/quizzes/chapter/13
[0mGET /api/sections/chapter/13 [32m200[0m 649.948 ms - 184[0m
[06/09/2026 20:38:44] OPTIONS /api/sous-sections/section/22
[06/09/2026 20:38:44] GET /api/sous-sections/section/22
[0mGET /api/quizzes/chapter/13 [36m304[0m 610.650 ms - -[0m
[06/09/2026 20:38:45] OPTIONS /api/files/upload
[06/09/2026 20:38:45] POST /api/files/upload
[0mPOST /api/files/upload [32m201[0m 13.477 ms - 187[0m
[06/09/2026 20:38:45] GET /api/files/4-1788723525267-test-image.png?token=eyJhbGciOiJIUzI1NiIsInR5cCI6IkpXVCJ9.eyJpZCI6NCwicm9sZSI6IkZvcm1hdGV1ciIsImVtYWlsIjoiamVhbi5wYXVsQHR1dG9yZS5sb2NhbCIsImlhdCI6MTc4ODcyMzUyMSwiZXhwIjoxNzg4ODA5OTIxfQ.GwjyUtfwd1tvLZd1XV5wD8iBPF9hRSACtIr_ADsF-yI
[0mGET /api/files/4-1788723525267-test-image.png?token=eyJhbGciOiJIUzI1NiIsInR5cCI6IkpXVCJ9.eyJpZCI6NCwicm9sZSI6IkZvcm1hdGV1ciIsImVtYWlsIjoiamVhbi5wYXVsQHR1dG9yZS5sb2NhbCIsImlhdCI6MTc4ODcyMzUyMSwiZXhwIjoxNzg4ODA5OTIxfQ.GwjyUtfwd1tvLZd1XV5wD8iBPF9hRSACtIr_ADsF-yI [32m200[0m 269.691 ms - 70[0m
[0mGET /api/sous-sections/section/22 [32m200[0m 844.138 ms - 167[0m
[06/09/2026 20:39:06] OPTIONS /api/auth/login
[06/09/2026 20:39:06] POST /api/auth/login
[0mPOST /api/auth/login [32m200[0m 424.160 ms - 384[0m
[06/09/2026 20:39:07] OPTIONS /api/notifications/count-unread
[06/09/2026 20:39:07] OPTIONS /api/notifications/count-unread
[06/09/2026 20:39:07] OPTIONS /api/formations
[06/09/2026 20:39:07] GET /api/notifications/count-unread
[06/09/2026 20:39:07] GET /api/formations
[0mGET /api/notifications/count-unread [32m200[0m 188.478 ms - 106[0m
[0mGET /api/formations [32m200[0m 187.491 ms - -[0m
[06/09/2026 20:39:07] GET /api/notifications/count-unread
[06/09/2026 20:39:07] GET /api/formations
[06/09/2026 20:39:07] OPTIONS /api/quizzes
[06/09/2026 20:39:07] GET /api/quizzes
[0mGET /api/notifications/count-unread [36m304[0m 200.779 ms - -[0m
[0mGET /api/formations [36m304[0m 197.089 ms - -[0m
[06/09/2026 20:39:07] GET /api/notifications/count-unread
[0mGET /api/quizzes [32m200[0m 194.871 ms - -[0m
[0mGET /api/notifications/count-unread [36m304[0m 232.186 ms - -[0m
[06/09/2026 20:39:08] GET /api/notifications/count-unread
[06/09/2026 20:39:08] OPTIONS /api/auth/me
[06/09/2026 20:39:08] OPTIONS /api/auth/me
[06/09/2026 20:39:08] GET /api/auth/me
[0mGET /api/notifications/count-unread [36m304[0m 179.019 ms - -[0m
[0mGET /api/auth/me [32m200[0m 448.953 ms - 163[0m
[06/09/2026 20:39:08] GET /api/auth/me
[0mGET /api/auth/me [36m304[0m 201.939 ms - -[0m
[06/09/2026 20:39:08] OPTIONS /api/formations/6
[06/09/2026 20:39:08] OPTIONS /api/formations/6
[06/09/2026 20:39:08] GET /api/formations/6
[0mGET /api/formations/6 [32m200[0m 182.197 ms - 371[0m
[06/09/2026 20:39:09] GET /api/formations/6
[06/09/2026 20:39:09] OPTIONS /api/chapters/formation/6
[06/09/2026 20:39:09] GET /api/chapters/formation/6
[0mGET /api/formations/6 [36m304[0m 205.893 ms - -[0m
[0mGET /api/chapters/formation/6 [32m200[0m 400.102 ms - 231[0m
[06/09/2026 20:39:09] GET /api/chapters/formation/6
[06/09/2026 20:39:09] OPTIONS /api/quizzes/chapter/13
[06/09/2026 20:39:09] OPTIONS /api/quizzes/chapter/13
[06/09/2026 20:39:09] GET /api/quizzes/chapter/13
[06/09/2026 20:39:09] OPTIONS /api/sections/chapter/13
[06/09/2026 20:39:09] GET /api/sections/chapter/13
[0mGET /api/chapters/formation/6 [36m304[0m 403.529 ms - -[0m
[0mGET /api/sections/chapter/13 [32m200[0m 646.990 ms - 184[0m
[0mGET /api/quizzes/chapter/13 [32m200[0m 660.447 ms - 70[0m
[06/09/2026 20:39:10] GET /api/quizzes/chapter/13
[06/09/2026 20:39:10] OPTIONS /api/sous-sections/section/22
[06/09/2026 20:39:10] GET /api/sous-sections/section/22
[06/09/2026 20:39:10] OPTIONS /api/files/upload
[06/09/2026 20:39:10] POST /api/files/upload
[0mPOST /api/files/upload [32m201[0m 5.057 ms - 187[0m
[06/09/2026 20:39:10] GET /api/files/4-1788723550641-test-image.png?token=eyJhbGciOiJIUzI1NiIsInR5cCI6IkpXVCJ9.eyJpZCI6NCwicm9sZSI6IkZvcm1hdGV1ciIsImVtYWlsIjoiamVhbi5wYXVsQHR1dG9yZS5sb2NhbCIsImlhdCI6MTc4ODcyMzU0NywiZXhwIjoxNzg4ODA5OTQ3fQ.2hKexNPdcr3BXPWseM3Tu1guOFH9SvGuzQVJxXg3oK8
[0mGET /api/quizzes/chapter/13 [36m304[0m 602.254 ms - -[0m
[0mGET /api/sous-sections/section/22 [32m200[0m 828.997 ms - 167[0m
[0mGET /api/files/4-1788723550641-test-image.png?token=eyJhbGciOiJIUzI1NiIsInR5cCI6IkpXVCJ9.eyJpZCI6NCwicm9sZSI6IkZvcm1hdGV1ciIsImVtYWlsIjoiamVhbi5wYXVsQHR1dG9yZS5sb2NhbCIsImlhdCI6MTc4ODcyMzU0NywiZXhwIjoxNzg4ODA5OTQ3fQ.2hKexNPdcr3BXPWseM3Tu1guOFH9SvGuzQVJxXg3oK8 [32m200[0m 592.826 ms - 70[0m
[06/09/2026 20:39:11] POST /api/files/upload
[0mPOST /api/files/upload [32m201[0m 2.951 ms - 192[0m
[06/09/2026 20:39:11] OPTIONS /api/sections/22
[06/09/2026 20:39:11] PUT /api/sections/22
[0mPUT /api/sections/22 [32m200[0m 1276.338 ms - 447[0m
[06/09/2026 20:39:13] OPTIONS /api/sections/chapter/0
[06/09/2026 20:39:13] GET /api/sections/chapter/0
[0mGET /api/sections/chapter/0 [33m404[0m 198.231 ms - 65[0m
[06/09/2026 20:39:28] OPTIONS /api/notifications/count-unread
[06/09/2026 20:39:28] OPTIONS /api/notifications/count-unread
[06/09/2026 20:39:28] GET /api/notifications/count-unread
[0mGET /api/notifications/count-unread [36m304[0m 164.393 ms - -[0m
[06/09/2026 20:39:29] GET /api/notifications/count-unread
[0mGET /api/notifications/count-unread [36m304[0m 202.013 ms - -[0m
[06/09/2026 20:40:09] OPTIONS /api/auth/login
[06/09/2026 20:40:09] POST /api/auth/login
[0mPOST /api/auth/login [32m200[0m 708.215 ms - 384[0m
[06/09/2026 20:40:10] OPTIONS /api/notifications/count-unread
[06/09/2026 20:40:10] OPTIONS /api/notifications/count-unread
[06/09/2026 20:40:10] OPTIONS /api/formations
[06/09/2026 20:40:10] GET /api/notifications/count-unread
[06/09/2026 20:40:10] GET /api/formations
[0mGET /api/notifications/count-unread [32m200[0m 182.346 ms - 106[0m
[06/09/2026 20:40:10] GET /api/notifications/count-unread
[0mGET /api/formations [32m200[0m 302.946 ms - -[0m
[06/09/2026 20:40:11] GET /api/formations
[0mGET /api/notifications/count-unread [36m304[0m 226.038 ms - -[0m
[06/09/2026 20:40:11] GET /api/notifications/count-unread
[06/09/2026 20:40:11] OPTIONS /api/auth/me
[06/09/2026 20:40:11] OPTIONS /api/auth/me
[0mGET /api/formations [36m304[0m 265.655 ms - -[0m
[06/09/2026 20:40:11] GET /api/auth/me
[0mGET /api/notifications/count-unread [36m304[0m 330.579 ms - -[0m
[06/09/2026 20:40:11] GET /api/notifications/count-unread
[0mGET /api/auth/me [32m200[0m 296.580 ms - 163[0m
[06/09/2026 20:40:11] GET /api/auth/me
[0mGET /api/notifications/count-unread [36m304[0m 199.761 ms - -[0m
[0mGET /api/auth/me [36m304[0m 177.637 ms - -[0m
[06/09/2026 20:40:11] OPTIONS /api/formations/6
[06/09/2026 20:40:11] OPTIONS /api/formations/6
[06/09/2026 20:40:11] GET /api/formations/6
[0mGET /api/formations/6 [32m200[0m 268.798 ms - 371[0m
[06/09/2026 20:40:12] GET /api/formations/6
[06/09/2026 20:40:12] OPTIONS /api/chapters/formation/6
[06/09/2026 20:40:12] GET /api/chapters/formation/6
[0mGET /api/formations/6 [36m304[0m 200.826 ms - -[0m
[0mGET /api/chapters/formation/6 [32m200[0m 407.647 ms - 231[0m
[06/09/2026 20:40:12] GET /api/chapters/formation/6
[06/09/2026 20:40:12] OPTIONS /api/quizzes/chapter/13
[06/09/2026 20:40:12] OPTIONS /api/quizzes/chapter/13
[06/09/2026 20:40:12] GET /api/quizzes/chapter/13
[06/09/2026 20:40:12] OPTIONS /api/sections/chapter/13
[06/09/2026 20:40:12] GET /api/sections/chapter/13
[0mGET /api/chapters/formation/6 [36m304[0m 398.386 ms - -[0m
[0mGET /api/quizzes/chapter/13 [32m200[0m 640.643 ms - 70[0m
[06/09/2026 20:40:13] GET /api/quizzes/chapter/13
[0mGET /api/sections/chapter/13 [32m200[0m 1015.870 ms - 399[0m
[0mGET /api/quizzes/chapter/13 [36m304[0m 609.822 ms - -[0m
[06/09/2026 20:40:13] OPTIONS /api/sous-sections/section/22
[06/09/2026 20:40:13] GET /api/sous-sections/section/22
[06/09/2026 20:40:14] GET /api/files/4-1788723550641-test-image.png?token=eyJhbGciOiJIUzI1NiIsInR5cCI6IkpXVCJ9.eyJpZCI6NCwicm9sZSI6IkZvcm1hdGV1ciIsImVtYWlsIjoiamVhbi5wYXVsQHR1dG9yZS5sb2NhbCIsImlhdCI6MTc4ODcyMzYxMCwiZXhwIjoxNzg4ODEwMDEwfQ.BD-G4nH-HgyUZ8vqpbMpcBmPwYRW8BDIpoFrDrvBhSY
[06/09/2026 20:40:14] OPTIONS /api/files/upload
[06/09/2026 20:40:14] POST /api/files/upload
[0mPOST /api/files/upload [32m201[0m 11.733 ms - 187[0m
[06/09/2026 20:40:14] OPTIONS /api/sections/22
[06/09/2026 20:40:14] PUT /api/sections/22
[06/09/2026 20:40:14] GET /api/files/4-1788723614348-test-image.png?token=eyJhbGciOiJIUzI1NiIsInR5cCI6IkpXVCJ9.eyJpZCI6NCwicm9sZSI6IkZvcm1hdGV1ciIsImVtYWlsIjoiamVhbi5wYXVsQHR1dG9yZS5sb2NhbCIsImlhdCI6MTc4ODcyMzYxMCwiZXhwIjoxNzg4ODEwMDEwfQ.BD-G4nH-HgyUZ8vqpbMpcBmPwYRW8BDIpoFrDrvBhSY
[0mGET /api/files/4-1788723550641-test-image.png?token=eyJhbGciOiJIUzI1NiIsInR5cCI6IkpXVCJ9.eyJpZCI6NCwicm9sZSI6IkZvcm1hdGV1ciIsImVtYWlsIjoiamVhbi5wYXVsQHR1dG9yZS5sb2NhbCIsImlhdCI6MTc4ODcyMzYxMCwiZXhwIjoxNzg4ODEwMDEwfQ.BD-G4nH-HgyUZ8vqpbMpcBmPwYRW8BDIpoFrDrvBhSY [32m200[0m 395.544 ms - 70[0m
[0mGET /api/sous-sections/section/22 [32m200[0m 787.353 ms - 167[0m
[0mGET /api/files/4-1788723614348-test-image.png?token=eyJhbGciOiJIUzI1NiIsInR5cCI6IkpXVCJ9.eyJpZCI6NCwicm9sZSI6IkZvcm1hdGV1ciIsImVtYWlsIjoiamVhbi5wYXVsQHR1dG9yZS5sb2NhbCIsImlhdCI6MTc4ODcyMzYxMCwiZXhwIjoxNzg4ODEwMDEwfQ.BD-G4nH-HgyUZ8vqpbMpcBmPwYRW8BDIpoFrDrvBhSY [32m200[0m 661.537 ms - 70[0m
[0mPUT /api/sections/22 [32m200[0m 1295.544 ms - 447[0m
[06/09/2026 20:40:15] OPTIONS /api/sections/chapter/0
[06/09/2026 20:40:15] GET /api/sections/chapter/0
[0mGET /api/sections/chapter/0 [33m404[0m 197.753 ms - 65[0m
[06/09/2026 20:40:28] OPTIONS /api/notifications/count-unread
[06/09/2026 20:40:28] OPTIONS /api/notifications/count-unread
[06/09/2026 20:40:28] GET /api/notifications/count-unread
[0mGET /api/notifications/count-unread [36m304[0m 166.517 ms - -[0m
[06/09/2026 20:40:29] GET /api/notifications/count-unread
[0mGET /api/notifications/count-unread [36m304[0m 194.339 ms - -[0m
[06/09/2026 20:40:53] OPTIONS /api/auth/login
[06/09/2026 20:40:53] POST /api/auth/login
[0mPOST /api/auth/login [32m200[0m 640.806 ms - 384[0m
[06/09/2026 20:40:54] OPTIONS /api/notifications/count-unread
[06/09/2026 20:40:54] OPTIONS /api/notifications/count-unread
[06/09/2026 20:40:54] OPTIONS /api/formations
[06/09/2026 20:40:54] GET /api/notifications/count-unread
[06/09/2026 20:40:54] GET /api/formations
[0mGET /api/notifications/count-unread [32m200[0m 278.771 ms - 106[0m
[0mGET /api/formations [32m200[0m 278.542 ms - -[0m
[06/09/2026 20:40:54] GET /api/notifications/count-unread
[06/09/2026 20:40:54] GET /api/formations
[0mGET /api/notifications/count-unread [36m304[0m 295.660 ms - -[0m
[0mGET /api/formations [36m304[0m 262.853 ms - -[0m
[06/09/2026 20:40:54] GET /api/notifications/count-unread
[06/09/2026 20:40:54] OPTIONS /api/auth/me
[06/09/2026 20:40:54] OPTIONS /api/auth/me
[06/09/2026 20:40:54] GET /api/auth/me
[0mGET /api/notifications/count-unread [36m304[0m 197.427 ms - -[0m
[06/09/2026 20:40:55] GET /api/notifications/count-unread
[0mGET /api/notifications/count-unread [36m304[0m 194.889 ms - -[0m
[0mGET /api/auth/me [32m200[0m 465.186 ms - 163[0m
[06/09/2026 20:40:55] GET /api/auth/me
[0mGET /api/auth/me [36m304[0m 210.268 ms - -[0m
[06/09/2026 20:40:55] OPTIONS /api/formations/6
[06/09/2026 20:40:55] OPTIONS /api/formations/6
[06/09/2026 20:40:55] GET /api/formations/6
[0mGET /api/formations/6 [32m200[0m 278.435 ms - 371[0m
[06/09/2026 20:40:55] GET /api/formations/6
[06/09/2026 20:40:55] OPTIONS /api/chapters/formation/6
[06/09/2026 20:40:55] GET /api/chapters/formation/6
[0mGET /api/formations/6 [36m304[0m 196.599 ms - -[0m
[0mGET /api/chapters/formation/6 [32m200[0m 396.878 ms - 231[0m
[06/09/2026 20:40:56] GET /api/chapters/formation/6
[06/09/2026 20:40:56] OPTIONS /api/quizzes/chapter/13
[06/09/2026 20:40:56] OPTIONS /api/quizzes/chapter/13
[06/09/2026 20:40:56] GET /api/quizzes/chapter/13
[06/09/2026 20:40:56] OPTIONS /api/sections/chapter/13
[06/09/2026 20:40:56] GET /api/sections/chapter/13
[0mGET /api/chapters/formation/6 [36m304[0m 400.402 ms - -[0m
[0mGET /api/quizzes/chapter/13 [32m200[0m 654.692 ms - 70[0m
[06/09/2026 20:40:56] GET /api/quizzes/chapter/13
[0mGET /api/sections/chapter/13 [32m200[0m 603.851 ms - 399[0m
[06/09/2026 20:40:57] OPTIONS /api/sous-sections/section/22
[06/09/2026 20:40:57] GET /api/sous-sections/section/22
[06/09/2026 20:40:57] GET /api/files/4-1788723550641-test-image.png?token=eyJhbGciOiJIUzI1NiIsInR5cCI6IkpXVCJ9.eyJpZCI6NCwicm9sZSI6IkZvcm1hdGV1ciIsImVtYWlsIjoiamVhbi5wYXVsQHR1dG9yZS5sb2NhbCIsImlhdCI6MTc4ODcyMzY1NCwiZXhwIjoxNzg4ODEwMDU0fQ.O9v-tsrDg29UZ2udHrYaxPKQi0ON7H1ylFq4Jm60s7U
[06/09/2026 20:40:57] OPTIONS /api/sections/22
[06/09/2026 20:40:57] PUT /api/sections/22
[0mGET /api/quizzes/chapter/13 [36m304[0m 609.489 ms - -[0m
[0mGET /api/files/4-1788723550641-test-image.png?token=eyJhbGciOiJIUzI1NiIsInR5cCI6IkpXVCJ9.eyJpZCI6NCwicm9sZSI6IkZvcm1hdGV1ciIsImVtYWlsIjoiamVhbi5wYXVsQHR1dG9yZS5sb2NhbCIsImlhdCI6MTc4ODcyMzY1NCwiZXhwIjoxNzg4ODEwMDU0fQ.O9v-tsrDg29UZ2udHrYaxPKQi0ON7H1ylFq4Jm60s7U [32m200[0m 463.269 ms - 70[0m
[0mGET /api/sous-sections/section/22 [32m200[0m 887.596 ms - 167[0m
[0mPUT /api/sections/22 [32m200[0m 1647.083 ms - 447[0m
[06/09/2026 20:40:59] OPTIONS /api/sections/chapter/0
[06/09/2026 20:40:59] GET /api/sections/chapter/0
[0mGET /api/sections/chapter/0 [33m404[0m 197.091 ms - 65[0m
[06/09/2026 20:41:28] OPTIONS /api/notifications/count-unread
[06/09/2026 20:41:28] GET /api/notifications/count-unread
[0mGET /api/notifications/count-unread [36m304[0m 272.253 ms - -[0m
[06/09/2026 20:41:29] GET /api/notifications/count-unread
[0mGET /api/notifications/count-unread [36m304[0m 201.760 ms - -[0m
[06/09/2026 20:42:28] OPTIONS /api/notifications/count-unread
[06/09/2026 20:42:28] GET /api/notifications/count-unread
[0mGET /api/notifications/count-unread [36m304[0m 273.250 ms - -[0m
[06/09/2026 20:42:29] GET /api/notifications/count-unread
[0mGET /api/notifications/count-unread [36m304[0m 199.391 ms - -[0m
[06/09/2026 20:43:28] OPTIONS /api/notifications/count-unread
[06/09/2026 20:43:28] OPTIONS /api/notifications/count-unread
[06/09/2026 20:43:28] GET /api/notifications/count-unread
[0mGET /api/notifications/count-unread [36m304[0m 192.647 ms - -[0m
[06/09/2026 20:43:29] GET /api/notifications/count-unread
[0mGET /api/notifications/count-unread [36m304[0m 200.223 ms - -[0m
[06/09/2026 20:44:28] OPTIONS /api/notifications/count-unread
[06/09/2026 20:44:28] OPTIONS /api/notifications/count-unread
[06/09/2026 20:44:28] GET /api/notifications/count-unread
[0mGET /api/notifications/count-unread [36m304[0m 251.926 ms - -[0m
[06/09/2026 20:44:29] GET /api/notifications/count-unread
[0mGET /api/notifications/count-unread [36m304[0m 199.593 ms - -[0m
[06/09/2026 20:45:28] OPTIONS /api/notifications/count-unread
[06/09/2026 20:45:28] OPTIONS /api/notifications/count-unread
[06/09/2026 20:45:28] GET /api/notifications/count-unread
[0mGET /api/notifications/count-unread [36m304[0m 192.543 ms - -[0m
[06/09/2026 20:45:29] GET /api/notifications/count-unread
[0mGET /api/notifications/count-unread [36m304[0m 284.336 ms - -[0m
[06/09/2026 20:46:28] OPTIONS /api/notifications/count-unread
[06/09/2026 20:46:28] GET /api/notifications/count-unread
[0mGET /api/notifications/count-unread [36m304[0m 211.715 ms - -[0m
[06/09/2026 20:46:29] GET /api/notifications/count-unread
[0mGET /api/notifications/count-unread [36m304[0m 200.187 ms - -[0m
[06/09/2026 20:47:28] OPTIONS /api/notifications/count-unread
[06/09/2026 20:47:28] OPTIONS /api/notifications/count-unread
[06/09/2026 20:47:28] GET /api/notifications/count-unread
[0mGET /api/notifications/count-unread [36m304[0m 292.454 ms - -[0m
[06/09/2026 20:47:29] GET /api/notifications/count-unread
[0mGET /api/notifications/count-unread [36m304[0m 190.247 ms - -[0m
[06/09/2026 20:48:28] OPTIONS /api/notifications/count-unread
[06/09/2026 20:48:28] OPTIONS /api/notifications/count-unread
[06/09/2026 20:48:28] GET /api/notifications/count-unread
[0mGET /api/notifications/count-unread [36m304[0m 201.048 ms - -[0m
[06/09/2026 20:48:29] GET /api/notifications/count-unread
[0mGET /api/notifications/count-unread [36m304[0m 202.258 ms - -[0m
[06/09/2026 20:49:28] OPTIONS /api/notifications/count-unread
[06/09/2026 20:49:28] OPTIONS /api/notifications/count-unread
[06/09/2026 20:49:28] GET /api/notifications/count-unread
[0mGET /api/notifications/count-unread [36m304[0m 215.058 ms - -[0m
[06/09/2026 20:49:29] GET /api/notifications/count-unread
[0mGET /api/notifications/count-unread [36m304[0m 201.724 ms - -[0m
[06/09/2026 20:50:28] OPTIONS /api/notifications/count-unread
[06/09/2026 20:50:28] OPTIONS /api/notifications/count-unread
[06/09/2026 20:50:28] GET /api/notifications/count-unread
[0mGET /api/notifications/count-unread [36m304[0m 232.352 ms - -[0m
[06/09/2026 20:50:29] GET /api/notifications/count-unread
[0mGET /api/notifications/count-unread [36m304[0m 203.039 ms - -[0m
[06/09/2026 20:50:44] OPTIONS /api/auth/login
[06/09/2026 20:50:44] POST /api/auth/login
[0mPOST /api/auth/login [32m200[0m 633.726 ms - 384[0m
[06/09/2026 20:50:45] OPTIONS /api/notifications/count-unread
[06/09/2026 20:50:45] OPTIONS /api/notifications/count-unread
[06/09/2026 20:50:45] OPTIONS /api/formations
[06/09/2026 20:50:45] GET /api/notifications/count-unread
[06/09/2026 20:50:45] GET /api/formations
[0mGET /api/notifications/count-unread [32m200[0m 179.278 ms - 106[0m
[06/09/2026 20:50:45] GET /api/notifications/count-unread
[0mGET /api/notifications/count-unread [36m304[0m 176.085 ms - -[0m
[06/09/2026 20:50:45] GET /api/notifications/count-unread
[06/09/2026 20:50:45] OPTIONS /api/auth/me
[06/09/2026 20:50:45] OPTIONS /api/auth/me
[06/09/2026 20:50:45] GET /api/auth/me
[0mGET /api/notifications/count-unread [36m304[0m 200.912 ms - -[0m
[0mGET /api/formations [32m200[0m 591.424 ms - -[0m
[06/09/2026 20:50:45] GET /api/notifications/count-unread
[06/09/2026 20:50:45] GET /api/formations
[0mGET /api/formations [36m304[0m 193.922 ms - -[0m
[0mGET /api/notifications/count-unread [36m304[0m 196.570 ms - -[0m
[0mGET /api/auth/me [32m200[0m 795.572 ms - 163[0m
[06/09/2026 20:50:46] GET /api/auth/me
[0mGET /api/auth/me [36m304[0m 202.313 ms - -[0m
[06/09/2026 20:50:46] OPTIONS /api/formations/6
[06/09/2026 20:50:46] OPTIONS /api/formations/6
[06/09/2026 20:50:46] GET /api/formations/6
[0mGET /api/formations/6 [32m200[0m 264.043 ms - 371[0m
[06/09/2026 20:50:46] GET /api/formations/6
[06/09/2026 20:50:46] OPTIONS /api/chapters/formation/6
[06/09/2026 20:50:46] GET /api/chapters/formation/6
[0mGET /api/formations/6 [36m304[0m 199.261 ms - -[0m
[0mGET /api/chapters/formation/6 [32m200[0m 397.931 ms - 231[0m
[06/09/2026 20:50:47] GET /api/chapters/formation/6
[06/09/2026 20:50:47] OPTIONS /api/quizzes/chapter/13
[06/09/2026 20:50:47] OPTIONS /api/quizzes/chapter/13
[06/09/2026 20:50:47] GET /api/quizzes/chapter/13
[06/09/2026 20:50:47] OPTIONS /api/sections/chapter/13
[06/09/2026 20:50:47] GET /api/sections/chapter/13
[0mGET /api/chapters/formation/6 [36m304[0m 402.044 ms - -[0m
[0mGET /api/sections/chapter/13 [32m200[0m 619.579 ms - 399[0m
[0mGET /api/quizzes/chapter/13 [32m200[0m 654.118 ms - 70[0m
[06/09/2026 20:50:47] GET /api/quizzes/chapter/13
[06/09/2026 20:50:47] OPTIONS /api/sous-sections/section/22
[06/09/2026 20:50:47] GET /api/sous-sections/section/22
[06/09/2026 20:50:48] GET /api/files/4-1788723550641-test-image.png?token=eyJhbGciOiJIUzI1NiIsInR5cCI6IkpXVCJ9.eyJpZCI6NCwicm9sZSI6IkZvcm1hdGV1ciIsImVtYWlsIjoiamVhbi5wYXVsQHR1dG9yZS5sb2NhbCIsImlhdCI6MTc4ODcyNDI0NCwiZXhwIjoxNzg4ODEwNjQ0fQ.enjX7fJzvXY1CYy4rbhwb8w4f97LnpNDZsXkUaNUZpY
[06/09/2026 20:50:48] OPTIONS /api/files/upload
[06/09/2026 20:50:48] POST /api/files/upload
[0mPOST /api/files/upload [32m201[0m 5.016 ms - 187[0m
[06/09/2026 20:50:48] GET /api/files/4-1788724248405-test-image.png?token=eyJhbGciOiJIUzI1NiIsInR5cCI6IkpXVCJ9.eyJpZCI6NCwicm9sZSI6IkZvcm1hdGV1ciIsImVtYWlsIjoiamVhbi5wYXVsQHR1dG9yZS5sb2NhbCIsImlhdCI6MTc4ODcyNDI0NCwiZXhwIjoxNzg4ODEwNjQ0fQ.enjX7fJzvXY1CYy4rbhwb8w4f97LnpNDZsXkUaNUZpY
[0mGET /api/quizzes/chapter/13 [36m304[0m 619.089 ms - -[0m
[0mGET /api/sous-sections/section/22 [32m200[0m 921.035 ms - 167[0m
[0mGET /api/files/4-1788723550641-test-image.png?token=eyJhbGciOiJIUzI1NiIsInR5cCI6IkpXVCJ9.eyJpZCI6NCwicm9sZSI6IkZvcm1hdGV1ciIsImVtYWlsIjoiamVhbi5wYXVsQHR1dG9yZS5sb2NhbCIsImlhdCI6MTc4ODcyNDI0NCwiZXhwIjoxNzg4ODEwNjQ0fQ.enjX7fJzvXY1CYy4rbhwb8w4f97LnpNDZsXkUaNUZpY [32m200[0m 920.431 ms - 70[0m
[0mGET /api/files/4-1788724248405-test-image.png?token=eyJhbGciOiJIUzI1NiIsInR5cCI6IkpXVCJ9.eyJpZCI6NCwicm9sZSI6IkZvcm1hdGV1ciIsImVtYWlsIjoiamVhbi5wYXVsQHR1dG9yZS5sb2NhbCIsImlhdCI6MTc4ODcyNDI0NCwiZXhwIjoxNzg4ODEwNjQ0fQ.enjX7fJzvXY1CYy4rbhwb8w4f97LnpNDZsXkUaNUZpY [32m200[0m 670.318 ms - 70[0m
[06/09/2026 20:50:49] POST /api/files/upload
[0mPOST /api/files/upload [32m201[0m 12.030 ms - 192[0m
[06/09/2026 20:51:28] OPTIONS /api/notifications/count-unread
[06/09/2026 20:51:28] OPTIONS /api/notifications/count-unread
[06/09/2026 20:51:28] GET /api/notifications/count-unread
[0mGET /api/notifications/count-unread [36m304[0m 237.400 ms - -[0m
[06/09/2026 20:51:29] GET /api/notifications/count-unread
[0mGET /api/notifications/count-unread [36m304[0m 191.667 ms - -[0m
[06/09/2026 20:52:28] OPTIONS /api/notifications/count-unread
[06/09/2026 20:52:28] OPTIONS /api/notifications/count-unread
[06/09/2026 20:52:28] GET /api/notifications/count-unread
[0mGET /api/notifications/count-unread [36m304[0m 236.751 ms - -[0m
[06/09/2026 20:52:29] GET /api/notifications/count-unread
[0mGET /api/notifications/count-unread [36m304[0m 193.808 ms - -[0m
[06/09/2026 20:53:28] OPTIONS /api/notifications/count-unread
[06/09/2026 20:53:28] OPTIONS /api/notifications/count-unread
[06/09/2026 20:53:28] GET /api/notifications/count-unread
[0mGET /api/notifications/count-unread [36m304[0m 260.470 ms - -[0m
[06/09/2026 20:53:29] GET /api/notifications/count-unread
[0mGET /api/notifications/count-unread [36m304[0m 196.775 ms - -[0m
[06/09/2026 20:54:28] OPTIONS /api/notifications/count-unread
[06/09/2026 20:54:28] OPTIONS /api/notifications/count-unread
[06/09/2026 20:54:28] GET /api/notifications/count-unread
[0mGET /api/notifications/count-unread [36m304[0m 229.194 ms - -[0m
[06/09/2026 20:54:29] GET /api/notifications/count-unread
[0mGET /api/notifications/count-unread [36m304[0m 202.167 ms - -[0m
[06/09/2026 20:55:28] OPTIONS /api/notifications/count-unread
[06/09/2026 20:55:28] OPTIONS /api/notifications/count-unread
[06/09/2026 20:55:28] GET /api/notifications/count-unread
[0mGET /api/notifications/count-unread [36m304[0m 241.835 ms - -[0m
[06/09/2026 20:55:29] GET /api/notifications/count-unread
[0mGET /api/notifications/count-unread [36m304[0m 200.695 ms - -[0m
[06/09/2026 20:56:03] OPTIONS /api/auth/login
[06/09/2026 20:56:03] POST /api/auth/login
[0mPOST /api/auth/login [32m200[0m 644.609 ms - 384[0m
[06/09/2026 20:56:04] OPTIONS /api/notifications/count-unread
[06/09/2026 20:56:04] OPTIONS /api/notifications/count-unread
[06/09/2026 20:56:04] OPTIONS /api/formations
[06/09/2026 20:56:04] GET /api/notifications/count-unread
[06/09/2026 20:56:04] GET /api/formations
[0mGET /api/notifications/count-unread [32m200[0m 265.105 ms - 106[0m
[06/09/2026 20:56:04] GET /api/notifications/count-unread
[0mGET /api/notifications/count-unread [36m304[0m 242.291 ms - -[0m
[06/09/2026 20:56:04] GET /api/notifications/count-unread
[06/09/2026 20:56:04] OPTIONS /api/auth/me
[06/09/2026 20:56:04] OPTIONS /api/auth/me
[06/09/2026 20:56:04] GET /api/auth/me
[0mGET /api/formations [32m200[0m 677.465 ms - -[0m
[06/09/2026 20:56:04] GET /api/formations
[0mGET /api/notifications/count-unread [36m304[0m 189.997 ms - -[0m
[06/09/2026 20:56:04] GET /api/notifications/count-unread
[0mGET /api/formations [36m304[0m 196.963 ms - -[0m
[0mGET /api/notifications/count-unread [36m304[0m 202.796 ms - -[0m
[0mGET /api/auth/me [32m200[0m 887.856 ms - 163[0m
[06/09/2026 20:56:05] GET /api/auth/me
[0mGET /api/auth/me [36m304[0m 194.662 ms - -[0m
[06/09/2026 20:56:05] OPTIONS /api/formations/6
[06/09/2026 20:56:05] OPTIONS /api/formations/6
[06/09/2026 20:56:05] GET /api/formations/6
[0mGET /api/formations/6 [32m200[0m 191.103 ms - 371[0m
[06/09/2026 20:56:06] GET /api/formations/6
[06/09/2026 20:56:06] OPTIONS /api/chapters/formation/6
[06/09/2026 20:56:06] GET /api/chapters/formation/6
[0mGET /api/formations/6 [36m304[0m 206.709 ms - -[0m
[0mGET /api/chapters/formation/6 [32m200[0m 391.571 ms - 231[0m
[06/09/2026 20:56:06] GET /api/chapters/formation/6
[06/09/2026 20:56:06] OPTIONS /api/quizzes/chapter/13
[06/09/2026 20:56:06] OPTIONS /api/quizzes/chapter/13
[06/09/2026 20:56:06] GET /api/quizzes/chapter/13
[06/09/2026 20:56:06] OPTIONS /api/sections/chapter/13
[06/09/2026 20:56:06] GET /api/sections/chapter/13
[0mGET /api/chapters/formation/6 [36m304[0m 405.922 ms - -[0m
[0mGET /api/quizzes/chapter/13 [32m200[0m 679.915 ms - 70[0m
[06/09/2026 20:56:07] GET /api/quizzes/chapter/13
[0mGET /api/sections/chapter/13 [32m200[0m 636.427 ms - 399[0m
[06/09/2026 20:56:07] OPTIONS /api/sous-sections/section/22
[06/09/2026 20:56:07] GET /api/sous-sections/section/22
[06/09/2026 20:56:07] GET /api/files/4-1788723550641-test-image.png?token=eyJhbGciOiJIUzI1NiIsInR5cCI6IkpXVCJ9.eyJpZCI6NCwicm9sZSI6IkZvcm1hdGV1ciIsImVtYWlsIjoiamVhbi5wYXVsQHR1dG9yZS5sb2NhbCIsImlhdCI6MTc4ODcyNDU2NCwiZXhwIjoxNzg4ODEwOTY0fQ.vK2qXlDNtyzVKfuf7eI-vwjkxa6vFOyZ79RuX0VVZ3k
[0mGET /api/quizzes/chapter/13 [36m304[0m 594.337 ms - -[0m
[06/09/2026 20:56:07] OPTIONS /api/files/upload
[06/09/2026 20:56:07] POST /api/files/upload
[0mPOST /api/files/upload [32m201[0m 4.878 ms - 187[0m
[06/09/2026 20:56:07] GET /api/files/4-1788724567893-test-image.png?token=eyJhbGciOiJIUzI1NiIsInR5cCI6IkpXVCJ9.eyJpZCI6NCwicm9sZSI6IkZvcm1hdGV1ciIsImVtYWlsIjoiamVhbi5wYXVsQHR1dG9yZS5sb2NhbCIsImlhdCI6MTc4ODcyNDU2NCwiZXhwIjoxNzg4ODEwOTY0fQ.vK2qXlDNtyzVKfuf7eI-vwjkxa6vFOyZ79RuX0VVZ3k
[0mGET /api/files/4-1788724567893-test-image.png?token=eyJhbGciOiJIUzI1NiIsInR5cCI6IkpXVCJ9.eyJpZCI6NCwicm9sZSI6IkZvcm1hdGV1ciIsImVtYWlsIjoiamVhbi5wYXVsQHR1dG9yZS5sb2NhbCIsImlhdCI6MTc4ODcyNDU2NCwiZXhwIjoxNzg4ODEwOTY0fQ.vK2qXlDNtyzVKfuf7eI-vwjkxa6vFOyZ79RuX0VVZ3k [32m200[0m 294.167 ms - 70[0m
[06/09/2026 20:56:08] POST /api/files/upload
[0mGET /api/sous-sections/section/22 [32m200[0m 821.144 ms - 167[0m
[0mPOST /api/files/upload [32m201[0m 15.673 ms - 192[0m
[0mGET /api/files/4-1788723550641-test-image.png?token=eyJhbGciOiJIUzI1NiIsInR5cCI6IkpXVCJ9.eyJpZCI6NCwicm9sZSI6IkZvcm1hdGV1ciIsImVtYWlsIjoiamVhbi5wYXVsQHR1dG9yZS5sb2NhbCIsImlhdCI6MTc4ODcyNDU2NCwiZXhwIjoxNzg4ODEwOTY0fQ.vK2qXlDNtyzVKfuf7eI-vwjkxa6vFOyZ79RuX0VVZ3k [32m200[0m 899.800 ms - 70[0m
[06/09/2026 20:56:28] OPTIONS /api/notifications/count-unread
[06/09/2026 20:56:28] OPTIONS /api/notifications/count-unread
[06/09/2026 20:56:28] GET /api/notifications/count-unread
[0mGET /api/notifications/count-unread [36m304[0m 273.833 ms - -[0m
[06/09/2026 20:56:29] GET /api/notifications/count-unread
[0mGET /api/notifications/count-unread [36m304[0m 191.324 ms - -[0m
[06/09/2026 20:57:28] OPTIONS /api/notifications/count-unread
[06/09/2026 20:57:28] GET /api/notifications/count-unread
[0mGET /api/notifications/count-unread [36m304[0m 272.773 ms - -[0m
[06/09/2026 20:57:29] GET /api/notifications/count-unread
[0mGET /api/notifications/count-unread [36m304[0m 198.435 ms - -[0m
[06/09/2026 20:58:28] OPTIONS /api/notifications/count-unread
[06/09/2026 20:58:28] GET /api/notifications/count-unread
[0mGET /api/notifications/count-unread [36m304[0m 256.745 ms - -[0m
[06/09/2026 20:58:29] GET /api/notifications/count-unread
[0mGET /api/notifications/count-unread [36m304[0m 218.079 ms - -[0m
[06/09/2026 20:59:28] OPTIONS /api/notifications/count-unread
[06/09/2026 20:59:28] OPTIONS /api/notifications/count-unread
[06/09/2026 20:59:28] GET /api/notifications/count-unread
[0mGET /api/notifications/count-unread [36m304[0m 382.828 ms - -[0m
[06/09/2026 20:59:29] GET /api/notifications/count-unread
[0mGET /api/notifications/count-unread [36m304[0m 185.998 ms - -[0m
[06/09/2026 20:59:48] OPTIONS /api/auth/login
[06/09/2026 20:59:48] POST /api/auth/login
[0mPOST /api/auth/login [32m200[0m 660.542 ms - 384[0m
[06/09/2026 20:59:49] OPTIONS /api/notifications/count-unread
[06/09/2026 20:59:49] OPTIONS /api/notifications/count-unread
[06/09/2026 20:59:49] OPTIONS /api/formations
[06/09/2026 20:59:49] GET /api/notifications/count-unread
[06/09/2026 20:59:49] GET /api/formations
[0mGET /api/notifications/count-unread [32m200[0m 270.789 ms - 106[0m
[06/09/2026 20:59:50] GET /api/notifications/count-unread
[06/09/2026 20:59:50] OPTIONS /api/auth/me
[06/09/2026 20:59:50] OPTIONS /api/auth/me
[06/09/2026 20:59:50] GET /api/auth/me
[0mGET /api/notifications/count-unread [36m304[0m 295.171 ms - -[0m
[06/09/2026 20:59:50] GET /api/notifications/count-unread
[0mGET /api/notifications/count-unread [36m304[0m 280.726 ms - -[0m
[0mGET /api/formations [32m200[0m 891.382 ms - -[0m
[06/09/2026 20:59:50] GET /api/notifications/count-unread
[06/09/2026 20:59:50] GET /api/formations
[0mGET /api/formations [36m304[0m 201.471 ms - -[0m
[0mGET /api/notifications/count-unread [36m304[0m 204.332 ms - -[0m
[0mGET /api/auth/me [32m200[0m 968.485 ms - 163[0m
[06/09/2026 20:59:51] GET /api/auth/me
[0mGET /api/auth/me [36m304[0m 196.209 ms - -[0m
[06/09/2026 20:59:51] OPTIONS /api/formations/6
[06/09/2026 20:59:51] OPTIONS /api/formations/6
[06/09/2026 20:59:51] GET /api/formations/6
[0mGET /api/formations/6 [32m200[0m 368.060 ms - 371[0m
[06/09/2026 20:59:51] GET /api/formations/6
[06/09/2026 20:59:51] OPTIONS /api/chapters/formation/6
[06/09/2026 20:59:51] GET /api/chapters/formation/6
[0mGET /api/formations/6 [36m304[0m 299.841 ms - -[0m
[0mGET /api/chapters/formation/6 [32m200[0m 498.616 ms - 231[0m
[06/09/2026 20:59:52] GET /api/chapters/formation/6
[06/09/2026 20:59:52] OPTIONS /api/quizzes/chapter/13
[06/09/2026 20:59:52] OPTIONS /api/quizzes/chapter/13
[06/09/2026 20:59:52] GET /api/quizzes/chapter/13
[06/09/2026 20:59:52] OPTIONS /api/sections/chapter/13
[06/09/2026 20:59:52] GET /api/sections/chapter/13
[0mGET /api/chapters/formation/6 [36m304[0m 396.050 ms - -[0m
[0mGET /api/quizzes/chapter/13 [32m200[0m 680.459 ms - 70[0m
[0mGET /api/sections/chapter/13 [32m200[0m 621.350 ms - 399[0m
[06/09/2026 20:59:53] GET /api/quizzes/chapter/13
[06/09/2026 20:59:53] OPTIONS /api/sous-sections/section/22
[06/09/2026 20:59:53] GET /api/sous-sections/section/22
[06/09/2026 20:59:53] GET /api/files/4-1788723550641-test-image.png?token=eyJhbGciOiJIUzI1NiIsInR5cCI6IkpXVCJ9.eyJpZCI6NCwicm9sZSI6IkZvcm1hdGV1ciIsImVtYWlsIjoiamVhbi5wYXVsQHR1dG9yZS5sb2NhbCIsImlhdCI6MTc4ODcyNDc4OSwiZXhwIjoxNzg4ODExMTg5fQ.7E4PhX0Rrn2qRH9OWoobTAHfD-Gx0D8--BZCGfvKzQY
[0mGET /api/quizzes/chapter/13 [36m304[0m 609.582 ms - -[0m
[06/09/2026 20:59:53] OPTIONS /api/files/upload
[06/09/2026 20:59:53] POST /api/files/upload
[0mPOST /api/files/upload [32m201[0m 3.769 ms - 187[0m
[06/09/2026 20:59:53] GET /api/files/4-1788724793751-test-image.png?token=eyJhbGciOiJIUzI1NiIsInR5cCI6IkpXVCJ9.eyJpZCI6NCwicm9sZSI6IkZvcm1hdGV1ciIsImVtYWlsIjoiamVhbi5wYXVsQHR1dG9yZS5sb2NhbCIsImlhdCI6MTc4ODcyNDc4OSwiZXhwIjoxNzg4ODExMTg5fQ.7E4PhX0Rrn2qRH9OWoobTAHfD-Gx0D8--BZCGfvKzQY
[0mGET /api/files/4-1788724793751-test-image.png?token=eyJhbGciOiJIUzI1NiIsInR5cCI6IkpXVCJ9.eyJpZCI6NCwicm9sZSI6IkZvcm1hdGV1ciIsImVtYWlsIjoiamVhbi5wYXVsQHR1dG9yZS5sb2NhbCIsImlhdCI6MTc4ODcyNDc4OSwiZXhwIjoxNzg4ODExMTg5fQ.7E4PhX0Rrn2qRH9OWoobTAHfD-Gx0D8--BZCGfvKzQY [32m200[0m 716.973 ms - 70[0m
[0mGET /api/sous-sections/section/22 [32m200[0m 1424.089 ms - 167[0m
[0mGET /api/files/4-1788723550641-test-image.png?token=eyJhbGciOiJIUzI1NiIsInR5cCI6IkpXVCJ9.eyJpZCI6NCwicm9sZSI6IkZvcm1hdGV1ciIsImVtYWlsIjoiamVhbi5wYXVsQHR1dG9yZS5sb2NhbCIsImlhdCI6MTc4ODcyNDc4OSwiZXhwIjoxNzg4ODExMTg5fQ.7E4PhX0Rrn2qRH9OWoobTAHfD-Gx0D8--BZCGfvKzQY [32m200[0m 1499.840 ms - 70[0m
[06/09/2026 21:00:28] OPTIONS /api/notifications/count-unread
[06/09/2026 21:00:28] OPTIONS /api/notifications/count-unread
[06/09/2026 21:00:28] GET /api/notifications/count-unread
[0mGET /api/notifications/count-unread [36m304[0m 269.974 ms - -[0m
[06/09/2026 21:00:29] GET /api/notifications/count-unread
[0mGET /api/notifications/count-unread [36m304[0m 199.894 ms - -[0m
[06/09/2026 21:00:39] OPTIONS /api/auth/login
[06/09/2026 21:00:39] POST /api/auth/login
[0mPOST /api/auth/login [32m200[0m 740.404 ms - 384[0m
[06/09/2026 21:00:40] OPTIONS /api/notifications/count-unread
[06/09/2026 21:00:40] OPTIONS /api/formations
[06/09/2026 21:00:40] GET /api/notifications/count-unread
[06/09/2026 21:00:40] GET /api/formations
[0mGET /api/notifications/count-unread [32m200[0m 239.912 ms - 106[0m
[0mGET /api/formations [32m200[0m 240.071 ms - -[0m
[06/09/2026 21:00:40] GET /api/notifications/count-unread
[06/09/2026 21:00:40] GET /api/formations
[0mGET /api/notifications/count-unread [36m304[0m 184.513 ms - -[0m
[0mGET /api/formations [36m304[0m 184.046 ms - -[0m
[06/09/2026 21:00:40] GET /api/notifications/count-unread
[06/09/2026 21:00:41] OPTIONS /api/auth/me
[06/09/2026 21:00:41] OPTIONS /api/auth/me
[06/09/2026 21:00:41] GET /api/auth/me
[0mGET /api/notifications/count-unread [36m304[0m 257.271 ms - -[0m
[06/09/2026 21:00:41] GET /api/notifications/count-unread
[0mGET /api/auth/me [32m200[0m 219.097 ms - 163[0m
[0mGET /api/notifications/count-unread [36m304[0m 196.531 ms - -[0m
[06/09/2026 21:00:41] GET /api/auth/me
[0mGET /api/auth/me [36m304[0m 713.305 ms - -[0m
[06/09/2026 21:00:42] OPTIONS /api/formations/6
[06/09/2026 21:00:42] OPTIONS /api/formations/6
[06/09/2026 21:00:42] GET /api/formations/6
[0mGET /api/formations/6 [32m200[0m 241.816 ms - 371[0m
[06/09/2026 21:00:42] GET /api/formations/6
[06/09/2026 21:00:42] OPTIONS /api/chapters/formation/6
[06/09/2026 21:00:42] GET /api/chapters/formation/6
[0mGET /api/formations/6 [36m304[0m 208.096 ms - -[0m
[0mGET /api/chapters/formation/6 [32m200[0m 400.046 ms - 231[0m
[06/09/2026 21:00:42] GET /api/chapters/formation/6
[06/09/2026 21:00:42] OPTIONS /api/quizzes/chapter/13
[06/09/2026 21:00:42] OPTIONS /api/quizzes/chapter/13
[06/09/2026 21:00:42] GET /api/quizzes/chapter/13
[06/09/2026 21:00:43] OPTIONS /api/sections/chapter/13
[06/09/2026 21:00:43] GET /api/sections/chapter/13
[0mGET /api/chapters/formation/6 [36m304[0m 405.029 ms - -[0m
[0mGET /api/quizzes/chapter/13 [32m200[0m 645.634 ms - 70[0m
[06/09/2026 21:00:43] GET /api/quizzes/chapter/13
[0mGET /api/sections/chapter/13 [32m200[0m 596.713 ms - 399[0m
[06/09/2026 21:00:43] OPTIONS /api/sous-sections/section/22
[06/09/2026 21:00:43] GET /api/sous-sections/section/22
[06/09/2026 21:00:43] GET /api/files/4-1788723550641-test-image.png?token=eyJhbGciOiJIUzI1NiIsInR5cCI6IkpXVCJ9.eyJpZCI6NCwicm9sZSI6IkZvcm1hdGV1ciIsImVtYWlsIjoiamVhbi5wYXVsQHR1dG9yZS5sb2NhbCIsImlhdCI6MTc4ODcyNDg0MCwiZXhwIjoxNzg4ODExMjQwfQ.3rT6lyijT8TM-Gr5IQqeCBK6Mde-xaz5i1JNKL9ViEc
[0mGET /api/quizzes/chapter/13 [36m304[0m 612.634 ms - -[0m
[06/09/2026 21:00:44] OPTIONS /api/files/upload
[06/09/2026 21:00:44] POST /api/files/upload
[0mPOST /api/files/upload [32m201[0m 5.979 ms - 187[0m
[06/09/2026 21:00:44] GET /api/files/4-1788724844175-test-image.png?token=eyJhbGciOiJIUzI1NiIsInR5cCI6IkpXVCJ9.eyJpZCI6NCwicm9sZSI6IkZvcm1hdGV1ciIsImVtYWlsIjoiamVhbi5wYXVsQHR1dG9yZS5sb2NhbCIsImlhdCI6MTc4ODcyNDg0MCwiZXhwIjoxNzg4ODExMjQwfQ.3rT6lyijT8TM-Gr5IQqeCBK6Mde-xaz5i1JNKL9ViEc
[06/09/2026 21:00:44] POST /api/files/upload
[0mPOST /api/files/upload [32m201[0m 3.383 ms - 192[0m
[0mGET /api/files/4-1788723550641-test-image.png?token=eyJhbGciOiJIUzI1NiIsInR5cCI6IkpXVCJ9.eyJpZCI6NCwicm9sZSI6IkZvcm1hdGV1ciIsImVtYWlsIjoiamVhbi5wYXVsQHR1dG9yZS5sb2NhbCIsImlhdCI6MTc4ODcyNDg0MCwiZXhwIjoxNzg4ODExMjQwfQ.3rT6lyijT8TM-Gr5IQqeCBK6Mde-xaz5i1JNKL9ViEc [32m200[0m 477.970 ms - 70[0m
[0mGET /api/sous-sections/section/22 [32m200[0m 873.439 ms - 167[0m
[0mGET /api/files/4-1788724844175-test-image.png?token=eyJhbGciOiJIUzI1NiIsInR5cCI6IkpXVCJ9.eyJpZCI6NCwicm9sZSI6IkZvcm1hdGV1ciIsImVtYWlsIjoiamVhbi5wYXVsQHR1dG9yZS5sb2NhbCIsImlhdCI6MTc4ODcyNDg0MCwiZXhwIjoxNzg4ODExMjQwfQ.3rT6lyijT8TM-Gr5IQqeCBK6Mde-xaz5i1JNKL9ViEc [32m200[0m 659.930 ms - 70[0m
[06/09/2026 21:01:28] OPTIONS /api/notifications/count-unread
[06/09/2026 21:01:28] GET /api/notifications/count-unread
[0mGET /api/notifications/count-unread [36m304[0m 166.084 ms - -[0m
[06/09/2026 21:01:29] GET /api/notifications/count-unread
[0mGET /api/notifications/count-unread [36m304[0m 203.046 ms - -[0m
[06/09/2026 21:02:28] OPTIONS /api/notifications/count-unread
[06/09/2026 21:02:28] GET /api/notifications/count-unread
[0mGET /api/notifications/count-unread [36m304[0m 200.188 ms - -[0m
[06/09/2026 21:02:29] GET /api/notifications/count-unread
[0mGET /api/notifications/count-unread [36m304[0m 199.569 ms - -[0m
[06/09/2026 21:03:28] OPTIONS /api/notifications/count-unread
[06/09/2026 21:03:28] OPTIONS /api/notifications/count-unread
[06/09/2026 21:03:28] GET /api/notifications/count-unread
[0mGET /api/notifications/count-unread [36m304[0m 195.378 ms - -[0m
[06/09/2026 21:03:29] GET /api/notifications/count-unread
[0mGET /api/notifications/count-unread [36m304[0m 201.595 ms - -[0m
[06/09/2026 21:04:01] OPTIONS /api/auth/login
[06/09/2026 21:04:01] POST /api/auth/login
[0mPOST /api/auth/login [32m200[0m 743.060 ms - 384[0m
[06/09/2026 21:04:02] OPTIONS /api/notifications/count-unread
[06/09/2026 21:04:02] OPTIONS /api/notifications/count-unread
[06/09/2026 21:04:02] OPTIONS /api/formations
[06/09/2026 21:04:02] GET /api/notifications/count-unread
[06/09/2026 21:04:02] OPTIONS /api/formations
[06/09/2026 21:04:02] GET /api/formations
[0mGET /api/notifications/count-unread [32m200[0m 253.131 ms - 106[0m
[06/09/2026 21:04:02] GET /api/notifications/count-unread
[0mGET /api/notifications/count-unread [36m304[0m 284.166 ms - -[0m
[06/09/2026 21:04:02] GET /api/notifications/count-unread
[06/09/2026 21:04:03] OPTIONS /api/auth/me
[06/09/2026 21:04:03] OPTIONS /api/auth/me
[06/09/2026 21:04:03] GET /api/auth/me
[0mGET /api/notifications/count-unread [36m304[0m 256.097 ms - -[0m
[06/09/2026 21:04:03] GET /api/notifications/count-unread
[0mGET /api/formations [32m200[0m 859.300 ms - -[0m
[06/09/2026 21:04:03] GET /api/formations
[0mGET /api/notifications/count-unread [36m304[0m 201.822 ms - -[0m
[0mGET /api/formations [36m304[0m 197.528 ms - -[0m
[0mGET /api/auth/me [32m200[0m 1032.069 ms - 163[0m
[06/09/2026 21:04:04] GET /api/auth/me
[0mGET /api/auth/me [36m304[0m 200.523 ms - -[0m
[06/09/2026 21:04:04] OPTIONS /api/formations/6
[06/09/2026 21:04:04] OPTIONS /api/formations/6
[06/09/2026 21:04:04] GET /api/formations/6
[0mGET /api/formations/6 [32m200[0m 275.297 ms - 371[0m
[06/09/2026 21:04:04] GET /api/formations/6
[06/09/2026 21:04:04] OPTIONS /api/chapters/formation/6
[06/09/2026 21:04:04] GET /api/chapters/formation/6
[0mGET /api/formations/6 [36m304[0m 207.385 ms - -[0m
[0mGET /api/chapters/formation/6 [32m200[0m 602.006 ms - 231[0m
[06/09/2026 21:04:05] GET /api/chapters/formation/6
[06/09/2026 21:04:05] OPTIONS /api/quizzes/chapter/13
[06/09/2026 21:04:05] OPTIONS /api/quizzes/chapter/13
[06/09/2026 21:04:05] GET /api/quizzes/chapter/13
[06/09/2026 21:04:05] OPTIONS /api/sections/chapter/13
[06/09/2026 21:04:05] GET /api/sections/chapter/13
[0mGET /api/chapters/formation/6 [36m304[0m 404.613 ms - -[0m
[0mGET /api/sections/chapter/13 [32m200[0m 631.257 ms - 399[0m
[0mGET /api/quizzes/chapter/13 [32m200[0m 666.096 ms - 70[0m
[06/09/2026 21:04:06] GET /api/quizzes/chapter/13
[06/09/2026 21:04:06] OPTIONS /api/sous-sections/section/22
[06/09/2026 21:04:06] GET /api/sous-sections/section/22
[06/09/2026 21:04:06] GET /api/files/4-1788723550641-test-image.png?token=eyJhbGciOiJIUzI1NiIsInR5cCI6IkpXVCJ9.eyJpZCI6NCwicm9sZSI6IkZvcm1hdGV1ciIsImVtYWlsIjoiamVhbi5wYXVsQHR1dG9yZS5sb2NhbCIsImlhdCI6MTc4ODcyNTA0MiwiZXhwIjoxNzg4ODExNDQyfQ.t9t1ivGq91iAVLchruCmv-un6t_-HT1bkUwY5IjrYJI
[06/09/2026 21:04:06] OPTIONS /api/files/upload
[06/09/2026 21:04:06] POST /api/files/upload
[0mPOST /api/files/upload [32m201[0m 11.366 ms - 187[0m
[06/09/2026 21:04:06] POST /api/files/upload
[0mPOST /api/files/upload [32m201[0m 4.035 ms - 192[0m
[0mGET /api/quizzes/chapter/13 [36m304[0m 692.299 ms - -[0m
[06/09/2026 21:04:06] GET /api/files/4-1788725046663-test-image.png?token=eyJhbGciOiJIUzI1NiIsInR5cCI6IkpXVCJ9.eyJpZCI6NCwicm9sZSI6IkZvcm1hdGV1ciIsImVtYWlsIjoiamVhbi5wYXVsQHR1dG9yZS5sb2NhbCIsImlhdCI6MTc4ODcyNTA0MiwiZXhwIjoxNzg4ODExNDQyfQ.t9t1ivGq91iAVLchruCmv-un6t_-HT1bkUwY5IjrYJI
[0mGET /api/files/4-1788725046663-test-image.png?token=eyJhbGciOiJIUzI1NiIsInR5cCI6IkpXVCJ9.eyJpZCI6NCwicm9sZSI6IkZvcm1hdGV1ciIsImVtYWlsIjoiamVhbi5wYXVsQHR1dG9yZS5sb2NhbCIsImlhdCI6MTc4ODcyNTA0MiwiZXhwIjoxNzg4ODExNDQyfQ.t9t1ivGq91iAVLchruCmv-un6t_-HT1bkUwY5IjrYJI [32m200[0m 204.378 ms - 70[0m
[0mGET /api/sous-sections/section/22 [32m200[0m 900.221 ms - 167[0m
[0mGET /api/files/4-1788723550641-test-image.png?token=eyJhbGciOiJIUzI1NiIsInR5cCI6IkpXVCJ9.eyJpZCI6NCwicm9sZSI6IkZvcm1hdGV1ciIsImVtYWlsIjoiamVhbi5wYXVsQHR1dG9yZS5sb2NhbCIsImlhdCI6MTc4ODcyNTA0MiwiZXhwIjoxNzg4ODExNDQyfQ.t9t1ivGq91iAVLchruCmv-un6t_-HT1bkUwY5IjrYJI [32m200[0m 873.108 ms - 70[0m
[06/09/2026 21:04:28] OPTIONS /api/notifications/count-unread
[06/09/2026 21:04:28] OPTIONS /api/notifications/count-unread
[06/09/2026 21:04:28] GET /api/notifications/count-unread
[0mGET /api/notifications/count-unread [36m304[0m 238.922 ms - -[0m
[06/09/2026 21:04:29] GET /api/notifications/count-unread
[0mGET /api/notifications/count-unread [36m304[0m 235.886 ms - -[0m
[06/09/2026 21:05:28] OPTIONS /api/notifications/count-unread
[06/09/2026 21:05:28] GET /api/notifications/count-unread
[0mGET /api/notifications/count-unread [36m304[0m 225.587 ms - -[0m
[06/09/2026 21:05:29] GET /api/notifications/count-unread
[0mGET /api/notifications/count-unread [36m304[0m 198.562 ms - -[0m
[06/09/2026 21:06:28] OPTIONS /api/notifications/count-unread
[06/09/2026 21:06:28] OPTIONS /api/notifications/count-unread
[06/09/2026 21:06:28] GET /api/notifications/count-unread
[0mGET /api/notifications/count-unread [36m304[0m 219.267 ms - -[0m
[06/09/2026 21:06:29] GET /api/notifications/count-unread
[0mGET /api/notifications/count-unread [36m304[0m 307.349 ms - -[0m
[06/09/2026 21:07:15] OPTIONS /api/auth/login
[06/09/2026 21:07:15] POST /api/auth/login
[0mPOST /api/auth/login [32m200[0m 731.848 ms - 384[0m
[06/09/2026 21:07:16] OPTIONS /api/notifications/count-unread
[06/09/2026 21:07:16] OPTIONS /api/notifications/count-unread
[06/09/2026 21:07:16] OPTIONS /api/formations
[06/09/2026 21:07:16] OPTIONS /api/formations
[06/09/2026 21:07:16] GET /api/notifications/count-unread
[06/09/2026 21:07:16] GET /api/formations
[0mGET /api/notifications/count-unread [32m200[0m 285.975 ms - 106[0m
[06/09/2026 21:07:16] GET /api/notifications/count-unread
[0mGET /api/notifications/count-unread [36m304[0m 285.109 ms - -[0m
[06/09/2026 21:07:16] GET /api/notifications/count-unread
[0mGET /api/notifications/count-unread [36m304[0m 200.048 ms - -[0m
[0mGET /api/formations [32m200[0m 791.756 ms - -[0m
[06/09/2026 21:07:17] GET /api/notifications/count-unread
[06/09/2026 21:07:17] GET /api/formations
[06/09/2026 21:07:17] OPTIONS /api/auth/me
[06/09/2026 21:07:17] OPTIONS /api/auth/me
[06/09/2026 21:07:17] GET /api/auth/me
[0mGET /api/notifications/count-unread [36m304[0m 299.663 ms - -[0m
[0mGET /api/formations [36m304[0m 297.260 ms - -[0m
[0mGET /api/auth/me [32m200[0m 831.813 ms - 163[0m
[06/09/2026 21:07:18] GET /api/auth/me
[0mGET /api/auth/me [36m304[0m 195.523 ms - -[0m
[06/09/2026 21:07:18] OPTIONS /api/formations/6
[06/09/2026 21:07:18] OPTIONS /api/formations/6
[06/09/2026 21:07:18] GET /api/formations/6
[0mGET /api/formations/6 [32m200[0m 281.994 ms - 371[0m
[06/09/2026 21:07:18] GET /api/formations/6
[06/09/2026 21:07:18] OPTIONS /api/chapters/formation/6
[06/09/2026 21:07:18] GET /api/chapters/formation/6
[0mGET /api/formations/6 [36m304[0m 202.966 ms - -[0m
[0mGET /api/chapters/formation/6 [32m200[0m 501.365 ms - 231[0m
[06/09/2026 21:07:19] GET /api/chapters/formation/6
[06/09/2026 21:07:19] OPTIONS /api/quizzes/chapter/13
[06/09/2026 21:07:19] OPTIONS /api/quizzes/chapter/13
[06/09/2026 21:07:19] GET /api/quizzes/chapter/13
[06/09/2026 21:07:19] OPTIONS /api/sections/chapter/13
[06/09/2026 21:07:19] GET /api/sections/chapter/13
[0mGET /api/chapters/formation/6 [36m304[0m 413.443 ms - -[0m
[0mGET /api/quizzes/chapter/13 [32m200[0m 676.917 ms - 70[0m
[06/09/2026 21:07:19] GET /api/quizzes/chapter/13
[0mGET /api/sections/chapter/13 [32m200[0m 703.940 ms - 399[0m
[06/09/2026 21:07:20] OPTIONS /api/sous-sections/section/22
[06/09/2026 21:07:20] GET /api/sous-sections/section/22
[0mGET /api/quizzes/chapter/13 [36m304[0m 621.654 ms - -[0m
[06/09/2026 21:07:20] GET /api/files/4-1788723550641-test-image.png?token=eyJhbGciOiJIUzI1NiIsInR5cCI6IkpXVCJ9.eyJpZCI6NCwicm9sZSI6IkZvcm1hdGV1ciIsImVtYWlsIjoiamVhbi5wYXVsQHR1dG9yZS5sb2NhbCIsImlhdCI6MTc4ODcyNTIzNiwiZXhwIjoxNzg4ODExNjM2fQ.oAMAIkPZ8yfjniu-6Lxv7ciLizQBZxbkz3RT7MWbR5c
[06/09/2026 21:07:20] OPTIONS /api/files/upload
[06/09/2026 21:07:20] POST /api/files/upload
[0mPOST /api/files/upload [32m201[0m 11.812 ms - 187[0m
[06/09/2026 21:07:20] GET /api/files/4-1788725240838-test-image.png?token=eyJhbGciOiJIUzI1NiIsInR5cCI6IkpXVCJ9.eyJpZCI6NCwicm9sZSI6IkZvcm1hdGV1ciIsImVtYWlsIjoiamVhbi5wYXVsQHR1dG9yZS5sb2NhbCIsImlhdCI6MTc4ODcyNTIzNiwiZXhwIjoxNzg4ODExNjM2fQ.oAMAIkPZ8yfjniu-6Lxv7ciLizQBZxbkz3RT7MWbR5c
[06/09/2026 21:07:20] POST /api/files/upload
[0mPOST /api/files/upload [32m201[0m 4.262 ms - 192[0m
[0mGET /api/files/4-1788723550641-test-image.png?token=eyJhbGciOiJIUzI1NiIsInR5cCI6IkpXVCJ9.eyJpZCI6NCwicm9sZSI6IkZvcm1hdGV1ciIsImVtYWlsIjoiamVhbi5wYXVsQHR1dG9yZS5sb2NhbCIsImlhdCI6MTc4ODcyNTIzNiwiZXhwIjoxNzg4ODExNjM2fQ.oAMAIkPZ8yfjniu-6Lxv7ciLizQBZxbkz3RT7MWbR5c [32m200[0m 545.400 ms - 70[0m
[0mGET /api/sous-sections/section/22 [32m200[0m 974.063 ms - 167[0m
[0mGET /api/files/4-1788725240838-test-image.png?token=eyJhbGciOiJIUzI1NiIsInR5cCI6IkpXVCJ9.eyJpZCI6NCwicm9sZSI6IkZvcm1hdGV1ciIsImVtYWlsIjoiamVhbi5wYXVsQHR1dG9yZS5sb2NhbCIsImlhdCI6MTc4ODcyNTIzNiwiZXhwIjoxNzg4ODExNjM2fQ.oAMAIkPZ8yfjniu-6Lxv7ciLizQBZxbkz3RT7MWbR5c [32m200[0m 658.459 ms - 70[0m
[06/09/2026 21:07:28] OPTIONS /api/notifications/count-unread
[06/09/2026 21:07:28] OPTIONS /api/notifications/count-unread
[06/09/2026 21:07:28] GET /api/notifications/count-unread
[0mGET /api/notifications/count-unread [36m304[0m 223.163 ms - -[0m
[06/09/2026 21:07:29] GET /api/notifications/count-unread
[0mGET /api/notifications/count-unread [36m304[0m 202.402 ms - -[0m
[06/09/2026 21:08:20] OPTIONS /api/notifications/count-unread
[06/09/2026 21:08:20] GET /api/notifications/count-unread
[0mGET /api/notifications/count-unread [36m304[0m 233.743 ms - -[0m
[06/09/2026 21:08:26] OPTIONS /api/notifications/count-unread
[06/09/2026 21:08:26] GET /api/notifications/count-unread
[0mGET /api/notifications/count-unread [36m304[0m 187.192 ms - -[0m
[06/09/2026 21:08:29] GET /api/notifications/count-unread
[0mGET /api/notifications/count-unread [36m304[0m 207.873 ms - -[0m
[06/09/2026 21:08:34] GET /api/test-db
[0mGET /api/test-db [36m304[0m 337.844 ms - -[0m
[06/09/2026 21:08:41] OPTIONS /api/notifications/count-unread
[06/09/2026 21:08:41] GET /api/notifications/count-unread
[0mGET /api/notifications/count-unread [36m304[0m 231.176 ms - -[0m
[06/09/2026 21:08:56] OPTIONS /api/notifications/count-unread
[06/09/2026 21:08:56] GET /api/notifications/count-unread
[0mGET /api/notifications/count-unread [36m304[0m 191.358 ms - -[0m
[06/09/2026 21:09:11] OPTIONS /api/notifications/count-unread
[06/09/2026 21:09:11] GET /api/notifications/count-unread
[0mGET /api/notifications/count-unread [36m304[0m 235.438 ms - -[0m
[06/09/2026 21:09:25] OPTIONS /api/auth/login
[06/09/2026 21:09:25] POST /api/auth/login
[0mPOST /api/auth/login [32m200[0m 648.643 ms - 384[0m
[06/09/2026 21:09:25] OPTIONS /api/notifications/count-unread
[06/09/2026 21:09:25] OPTIONS /api/notifications/count-unread
[06/09/2026 21:09:25] OPTIONS /api/formations
[06/09/2026 21:09:25] GET /api/notifications/count-unread
[06/09/2026 21:09:25] GET /api/formations
[0mGET /api/notifications/count-unread [32m200[0m 205.807 ms - 106[0m
[06/09/2026 21:09:26] GET /api/notifications/count-unread
[0mGET /api/notifications/count-unread [36m304[0m 195.204 ms - -[0m
[06/09/2026 21:09:26] GET /api/notifications/count-unread
[0mGET /api/notifications/count-unread [36m304[0m 199.335 ms - -[0m
[0mGET /api/formations [32m200[0m 613.457 ms - -[0m
[06/09/2026 21:09:26] GET /api/notifications/count-unread
[06/09/2026 21:09:26] GET /api/formations
[06/09/2026 21:09:26] OPTIONS /api/quizzes
[06/09/2026 21:09:26] GET /api/quizzes
[0mGET /api/notifications/count-unread [36m304[0m 197.308 ms - -[0m
[0mGET /api/formations [36m304[0m 196.966 ms - -[0m
[0mGET /api/quizzes [36m304[0m 661.682 ms - -[0m
[06/09/2026 21:09:28] GET /api/notifications/count-unread
[0mGET /api/notifications/count-unread [36m304[0m 180.711 ms - -[0m
[06/09/2026 21:09:31] OPTIONS /api/notifications/count-unread
[06/09/2026 21:09:31] OPTIONS /api/formations
[06/09/2026 21:09:31] OPTIONS /api/categories
[06/09/2026 21:09:31] GET /api/notifications/count-unread
[06/09/2026 21:09:31] GET /api/formations
[06/09/2026 21:09:31] GET /api/categories
[0mGET /api/notifications/count-unread [36m304[0m 162.296 ms - -[0m
[0mGET /api/formations [36m304[0m 208.750 ms - -[0m
[0mGET /api/categories [36m304[0m 208.496 ms - -[0m
[06/09/2026 21:09:31] GET /api/formations
[06/09/2026 21:09:31] GET /api/categories
[0mGET /api/categories [36m304[0m 195.512 ms - -[0m
[0mGET /api/formations [36m304[0m 200.146 ms - -[0m
[06/09/2026 21:09:34] OPTIONS /api/formations/5
[06/09/2026 21:09:34] OPTIONS /api/formations/5
[06/09/2026 21:09:34] GET /api/formations/5
[0mGET /api/formations/5 [36m304[0m 268.401 ms - -[0m
[06/09/2026 21:09:34] GET /api/formations/5
[06/09/2026 21:09:35] OPTIONS /api/chapters/formation/5
[06/09/2026 21:09:35] GET /api/chapters/formation/5
[0mGET /api/formations/5 [36m304[0m 200.414 ms - -[0m
[0mGET /api/chapters/formation/5 [32m200[0m 394.336 ms - 262[0m
[06/09/2026 21:09:35] GET /api/chapters/formation/5
[06/09/2026 21:09:35] OPTIONS /api/quizzes/chapter/11
[06/09/2026 21:09:35] OPTIONS /api/quizzes/chapter/12
[06/09/2026 21:09:35] GET /api/quizzes/chapter/11
[06/09/2026 21:09:35] GET /api/quizzes/chapter/12
[0mGET /api/chapters/formation/5 [36m304[0m 404.116 ms - -[0m
[0mGET /api/quizzes/chapter/11 [36m304[0m 665.554 ms - -[0m
[0mGET /api/quizzes/chapter/12 [36m304[0m 663.278 ms - -[0m
[06/09/2026 21:09:36] GET /api/quizzes/chapter/11
[06/09/2026 21:09:36] GET /api/quizzes/chapter/12
[0mGET /api/quizzes/chapter/12 [36m304[0m 593.103 ms - -[0m
[0mGET /api/quizzes/chapter/11 [36m304[0m 600.551 ms - -[0m
[06/09/2026 21:09:48] OPTIONS /api/sections/chapter/11
[06/09/2026 21:09:48] OPTIONS /api/sections/chapter/11
[06/09/2026 21:09:48] GET /api/sections/chapter/11
[0mGET /api/sections/chapter/11 [36m304[0m 615.872 ms - -[0m
[06/09/2026 21:09:48] GET /api/sections/chapter/11
[0mGET /api/sections/chapter/11 [36m304[0m 609.669 ms - -[0m
[06/09/2026 21:09:50] OPTIONS /api/sous-sections/section/21
[06/09/2026 21:09:50] GET /api/sous-sections/section/21
[06/09/2026 21:09:50] GET /api/files/1788720464287-Logo-UNILUK.png?token=eyJhbGciOiJIUzI1NiIsInR5cCI6IkpXVCJ9.eyJpZCI6NCwicm9sZSI6IkZvcm1hdGV1ciIsImVtYWlsIjoiamVhbi5wYXVsQHR1dG9yZS5sb2NhbCIsImlhdCI6MTc4ODcyNTM2NSwiZXhwIjoxNzg4ODExNzY1fQ.RTypDiLK7cmQpGjJQvvXXkI1uZR5t592azGm1fdrcbc
[06/09/2026 21:09:50] GET /api/files/1788720729380-VID-20260811-WA0026.mp4?token=eyJhbGciOiJIUzI1NiIsInR5cCI6IkpXVCJ9.eyJpZCI6NCwicm9sZSI6IkZvcm1hdGV1ciIsImVtYWlsIjoiamVhbi5wYXVsQHR1dG9yZS5sb2NhbCIsImlhdCI6MTc4ODcyNTM2NSwiZXhwIjoxNzg4ODExNzY1fQ.RTypDiLK7cmQpGjJQvvXXkI1uZR5t592azGm1fdrcbc
[0mGET /api/files/1788720464287-Logo-UNILUK.png?token=eyJhbGciOiJIUzI1NiIsInR5cCI6IkpXVCJ9.eyJpZCI6NCwicm9sZSI6IkZvcm1hdGV1ciIsImVtYWlsIjoiamVhbi5wYXVsQHR1dG9yZS5sb2NhbCIsImlhdCI6MTc4ODcyNTM2NSwiZXhwIjoxNzg4ODExNzY1fQ.RTypDiLK7cmQpGjJQvvXXkI1uZR5t592azGm1fdrcbc [32m200[0m 416.770 ms - 30659[0m
[0mGET /api/sous-sections/section/21 [36m304[0m 1066.780 ms - -[0m
[06/09/2026 21:09:52] GET /api/files/1788720729380-VID-20260811-WA0026.mp4?token=eyJhbGciOiJIUzI1NiIsInR5cCI6IkpXVCJ9.eyJpZCI6NCwicm9sZSI6IkZvcm1hdGV1ciIsImVtYWlsIjoiamVhbi5wYXVsQHR1dG9yZS5sb2NhbCIsImlhdCI6MTc4ODcyNTM2NSwiZXhwIjoxNzg4ODExNzY1fQ.RTypDiLK7cmQpGjJQvvXXkI1uZR5t592azGm1fdrcbc
[0mGET /api/files/1788720729380-VID-20260811-WA0026.mp4?token=eyJhbGciOiJIUzI1NiIsInR5cCI6IkpXVCJ9.eyJpZCI6NCwicm9sZSI6IkZvcm1hdGV1ciIsImVtYWlsIjoiamVhbi5wYXVsQHR1dG9yZS5sb2NhbCIsImlhdCI6MTc4ODcyNTM2NSwiZXhwIjoxNzg4ODExNzY1fQ.RTypDiLK7cmQpGjJQvvXXkI1uZR5t592azGm1fdrcbc [32m206[0m 1082.792 ms - 1269124[0m
[0mGET /api/files/1788720729380-VID-20260811-WA0026.mp4?token=eyJhbGciOiJIUzI1NiIsInR5cCI6IkpXVCJ9.eyJpZCI6NCwicm9sZSI6IkZvcm1hdGV1ciIsImVtYWlsIjoiamVhbi5wYXVsQHR1dG9yZS5sb2NhbCIsImlhdCI6MTc4ODcyNTM2NSwiZXhwIjoxNzg4ODExNzY1fQ.RTypDiLK7cmQpGjJQvvXXkI1uZR5t592azGm1fdrcbc [32m206[0m 399.644 ms - 1269124[0m
[06/09/2026 21:09:55] GET /api/files/1788720729380-VID-20260811-WA0026.mp4?token=eyJhbGciOiJIUzI1NiIsInR5cCI6IkpXVCJ9.eyJpZCI6NCwicm9sZSI6IkZvcm1hdGV1ciIsImVtYWlsIjoiamVhbi5wYXVsQHR1dG9yZS5sb2NhbCIsImlhdCI6MTc4ODcyNTM2NSwiZXhwIjoxNzg4ODExNzY1fQ.RTypDiLK7cmQpGjJQvvXXkI1uZR5t592azGm1fdrcbc
[0mGET /api/files/1788720729380-VID-20260811-WA0026.mp4?token=eyJhbGciOiJIUzI1NiIsInR5cCI6IkpXVCJ9.eyJpZCI6NCwicm9sZSI6IkZvcm1hdGV1ciIsImVtYWlsIjoiamVhbi5wYXVsQHR1dG9yZS5sb2NhbCIsImlhdCI6MTc4ODcyNTM2NSwiZXhwIjoxNzg4ODExNzY1fQ.RTypDiLK7cmQpGjJQvvXXkI1uZR5t592azGm1fdrcbc [32m206[0m 457.239 ms - 1006980[0m
[06/09/2026 21:09:58] GET /api/files/1788720783085-tutore_e_learning.pdf?token=eyJhbGciOiJIUzI1NiIsInR5cCI6IkpXVCJ9.eyJpZCI6NCwicm9sZSI6IkZvcm1hdGV1ciIsImVtYWlsIjoiamVhbi5wYXVsQHR1dG9yZS5sb2NhbCIsImlhdCI6MTc4ODcyNTM2NSwiZXhwIjoxNzg4ODExNzY1fQ.RTypDiLK7cmQpGjJQvvXXkI1uZR5t592azGm1fdrcbc
[0mGET /api/files/1788720783085-tutore_e_learning.pdf?token=eyJhbGciOiJIUzI1NiIsInR5cCI6IkpXVCJ9.eyJpZCI6NCwicm9sZSI6IkZvcm1hdGV1ciIsImVtYWlsIjoiamVhbi5wYXVsQHR1dG9yZS5sb2NhbCIsImlhdCI6MTc4ODcyNTM2NSwiZXhwIjoxNzg4ODExNzY1fQ.RTypDiLK7cmQpGjJQvvXXkI1uZR5t592azGm1fdrcbc [32m200[0m 641.563 ms - 1155220[0m
[06/09/2026 21:10:28] OPTIONS /api/notifications/count-unread
[06/09/2026 21:10:28] GET /api/notifications/count-unread
[0mGET /api/notifications/count-unread [36m304[0m 256.616 ms - -[0m
[06/09/2026 21:10:32] OPTIONS /api/files/upload
[06/09/2026 21:10:32] POST /api/files/upload
[0mPOST /api/files/upload [32m201[0m 16.708 ms - 182[0m
[06/09/2026 21:10:32] GET /api/files/4-1788725432326-graphe2.jpg?token=eyJhbGciOiJIUzI1NiIsInR5cCI6IkpXVCJ9.eyJpZCI6NCwicm9sZSI6IkZvcm1hdGV1ciIsImVtYWlsIjoiamVhbi5wYXVsQHR1dG9yZS5sb2NhbCIsImlhdCI6MTc4ODcyNTM2NSwiZXhwIjoxNzg4ODExNzY1fQ.RTypDiLK7cmQpGjJQvvXXkI1uZR5t592azGm1fdrcbc
[0mGET /api/files/4-1788725432326-graphe2.jpg?token=eyJhbGciOiJIUzI1NiIsInR5cCI6IkpXVCJ9.eyJpZCI6NCwicm9sZSI6IkZvcm1hdGV1ciIsImVtYWlsIjoiamVhbi5wYXVsQHR1dG9yZS5sb2NhbCIsImlhdCI6MTc4ODcyNTM2NSwiZXhwIjoxNzg4ODExNzY1fQ.RTypDiLK7cmQpGjJQvvXXkI1uZR5t592azGm1fdrcbc [32m200[0m 192.480 ms - 227633[0m
[06/09/2026 21:10:44] OPTIONS /api/sous-sections
[06/09/2026 21:10:44] POST /api/sous-sections
[0mPOST /api/sous-sections [32m200[0m 1088.331 ms - 80[0m
[06/09/2026 21:10:45] OPTIONS /api/sous-sections/section/21
[06/09/2026 21:10:45] GET /api/sous-sections/section/21
[0mGET /api/sous-sections/section/21 [32m200[0m 901.737 ms - 139[0m
[06/09/2026 21:10:51] OPTIONS /api/sous-sections/24
[06/09/2026 21:10:51] GET /api/sous-sections/24
[0mGET /api/sous-sections/24 [32m200[0m 967.410 ms - 257[0m
[06/09/2026 21:11:25] OPTIONS /api/files/upload
[06/09/2026 21:11:25] POST /api/files/upload
[0mPOST /api/files/upload [32m201[0m 51.755 ms - 205[0m
[06/09/2026 21:11:25] GET /api/files/4-1788725485664-VID-20260811-WA0021.mp4?token=eyJhbGciOiJIUzI1NiIsInR5cCI6IkpXVCJ9.eyJpZCI6NCwicm9sZSI6IkZvcm1hdGV1ciIsImVtYWlsIjoiamVhbi5wYXVsQHR1dG9yZS5sb2NhbCIsImlhdCI6MTc4ODcyNTM2NSwiZXhwIjoxNzg4ODExNzY1fQ.RTypDiLK7cmQpGjJQvvXXkI1uZR5t592azGm1fdrcbc
[0mGET /api/files/4-1788725485664-VID-20260811-WA0021.mp4?token=eyJhbGciOiJIUzI1NiIsInR5cCI6IkpXVCJ9.eyJpZCI6NCwicm9sZSI6IkZvcm1hdGV1ciIsImVtYWlsIjoiamVhbi5wYXVsQHR1dG9yZS5sb2NhbCIsImlhdCI6MTc4ODcyNTM2NSwiZXhwIjoxNzg4ODExNzY1fQ.RTypDiLK7cmQpGjJQvvXXkI1uZR5t592azGm1fdrcbc [32m206[0m 249.030 ms - 859808[0m
[06/09/2026 21:11:28] OPTIONS /api/notifications/count-unread
[06/09/2026 21:11:28] GET /api/notifications/count-unread
[0mGET /api/notifications/count-unread [36m304[0m 252.014 ms - -[0m
[06/09/2026 21:11:31] GET /api/files/4-1788725485664-VID-20260811-WA0021.mp4?token=eyJhbGciOiJIUzI1NiIsInR5cCI6IkpXVCJ9.eyJpZCI6NCwicm9sZSI6IkZvcm1hdGV1ciIsImVtYWlsIjoiamVhbi5wYXVsQHR1dG9yZS5sb2NhbCIsImlhdCI6MTc4ODcyNTM2NSwiZXhwIjoxNzg4ODExNzY1fQ.RTypDiLK7cmQpGjJQvvXXkI1uZR5t592azGm1fdrcbc
[0mGET /api/files/4-1788725485664-VID-20260811-WA0021.mp4?token=eyJhbGciOiJIUzI1NiIsInR5cCI6IkpXVCJ9.eyJpZCI6NCwicm9sZSI6IkZvcm1hdGV1ciIsImVtYWlsIjoiamVhbi5wYXVsQHR1dG9yZS5sb2NhbCIsImlhdCI6MTc4ODcyNTM2NSwiZXhwIjoxNzg4ODExNzY1fQ.RTypDiLK7cmQpGjJQvvXXkI1uZR5t592azGm1fdrcbc [32m206[0m 264.468 ms - 597664[0m
[06/09/2026 21:11:51] OPTIONS /api/sous-sections/24
[06/09/2026 21:11:51] GET /api/sous-sections/24
[0mGET /api/sous-sections/24 [36m304[0m 810.098 ms - -[0m
[06/09/2026 21:12:27] OPTIONS /api/files/upload
[06/09/2026 21:12:27] POST /api/files/upload
[0mPOST /api/files/upload [32m201[0m 48.020 ms - 205[0m
[06/09/2026 21:12:27] GET /api/files/4-1788725547839-VID-20260811-WA0021.mp4?token=eyJhbGciOiJIUzI1NiIsInR5cCI6IkpXVCJ9.eyJpZCI6NCwicm9sZSI6IkZvcm1hdGV1ciIsImVtYWlsIjoiamVhbi5wYXVsQHR1dG9yZS5sb2NhbCIsImlhdCI6MTc4ODcyNTM2NSwiZXhwIjoxNzg4ODExNzY1fQ.RTypDiLK7cmQpGjJQvvXXkI1uZR5t592azGm1fdrcbc
[0mGET /api/files/4-1788725547839-VID-20260811-WA0021.mp4?token=eyJhbGciOiJIUzI1NiIsInR5cCI6IkpXVCJ9.eyJpZCI6NCwicm9sZSI6IkZvcm1hdGV1ciIsImVtYWlsIjoiamVhbi5wYXVsQHR1dG9yZS5sb2NhbCIsImlhdCI6MTc4ODcyNTM2NSwiZXhwIjoxNzg4ODExNzY1fQ.RTypDiLK7cmQpGjJQvvXXkI1uZR5t592azGm1fdrcbc [32m206[0m 252.993 ms - 859808[0m
[06/09/2026 21:12:28] OPTIONS /api/notifications/count-unread
[06/09/2026 21:12:28] GET /api/notifications/count-unread
[0mGET /api/notifications/count-unread [36m304[0m 249.941 ms - -[0m
[06/09/2026 21:12:30] OPTIONS /api/sous-sections/24
[06/09/2026 21:12:30] PUT /api/sous-sections/24
[0mPUT /api/sous-sections/24 [32m200[0m 1462.967 ms - 383[0m
[06/09/2026 21:12:31] OPTIONS /api/sous-sections/section/21
[06/09/2026 21:12:31] GET /api/sous-sections/section/21
[0mGET /api/sous-sections/section/21 [32m200[0m 814.466 ms - 151[0m
[06/09/2026 21:13:28] OPTIONS /api/notifications/count-unread
[06/09/2026 21:13:28] GET /api/notifications/count-unread
[0mGET /api/notifications/count-unread [36m304[0m 7201.913 ms - -[0m
[06/09/2026 21:14:28] OPTIONS /api/notifications/count-unread
[06/09/2026 21:14:28] GET /api/notifications/count-unread
[0mGET /api/notifications/count-unread [36m304[0m 247.603 ms - -[0m
[06/09/2026 21:15:28] OPTIONS /api/notifications/count-unread
[06/09/2026 21:15:28] GET /api/notifications/count-unread
[0mGET /api/notifications/count-unread [36m304[0m 277.099 ms - -[0m
[06/09/2026 21:16:28] OPTIONS /api/notifications/count-unread
[06/09/2026 21:16:28] GET /api/notifications/count-unread
[0mGET /api/notifications/count-unread [36m304[0m 165.889 ms - -[0m
[06/09/2026 21:17:28] OPTIONS /api/notifications/count-unread
[06/09/2026 21:17:28] GET /api/notifications/count-unread
[0mGET /api/notifications/count-unread [36m304[0m 282.262 ms - -[0m
[06/09/2026 21:18:28] OPTIONS /api/notifications/count-unread
[06/09/2026 21:18:28] GET /api/notifications/count-unread
[0mGET /api/notifications/count-unread [36m304[0m 193.311 ms - -[0m
[06/09/2026 21:19:28] OPTIONS /api/notifications/count-unread
[06/09/2026 21:19:28] GET /api/notifications/count-unread
[0mGET /api/notifications/count-unread [36m304[0m 196.899 ms - -[0m
[06/09/2026 21:20:28] OPTIONS /api/notifications/count-unread
[06/09/2026 21:20:28] GET /api/notifications/count-unread
[0mGET /api/notifications/count-unread [36m304[0m 198.877 ms - -[0m
[06/09/2026 21:21:28] OPTIONS /api/notifications/count-unread
[06/09/2026 21:21:28] GET /api/notifications/count-unread
[0mGET /api/notifications/count-unread [36m304[0m 192.193 ms - -[0m
[06/09/2026 21:22:28] OPTIONS /api/notifications/count-unread
[06/09/2026 21:22:28] GET /api/notifications/count-unread
[0mGET /api/notifications/count-unread [36m304[0m 209.782 ms - -[0m
[06/09/2026 21:23:28] OPTIONS /api/notifications/count-unread
[06/09/2026 21:23:28] GET /api/notifications/count-unread
[0mGET /api/notifications/count-unread [36m304[0m 219.099 ms - -[0m
[06/09/2026 21:24:28] OPTIONS /api/notifications/count-unread
[06/09/2026 21:24:28] GET /api/notifications/count-unread
[0mGET /api/notifications/count-unread [36m304[0m 209.706 ms - -[0m
[06/09/2026 21:25:28] OPTIONS /api/notifications/count-unread
[06/09/2026 21:25:28] GET /api/notifications/count-unread
[0mGET /api/notifications/count-unread [36m304[0m 529.479 ms - -[0m
[06/09/2026 21:26:28] OPTIONS /api/notifications/count-unread
[06/09/2026 21:26:28] GET /api/notifications/count-unread
[0mGET /api/notifications/count-unread [36m304[0m 231.587 ms - -[0m
[06/09/2026 21:27:28] OPTIONS /api/notifications/count-unread
[06/09/2026 21:27:28] GET /api/notifications/count-unread
[0mGET /api/notifications/count-unread [36m304[0m 246.242 ms - -[0m
[06/09/2026 21:28:28] OPTIONS /api/notifications/count-unread
[06/09/2026 21:28:28] GET /api/notifications/count-unread
[0mGET /api/notifications/count-unread [36m304[0m 249.445 ms - -[0m
[06/09/2026 21:29:28] OPTIONS /api/notifications/count-unread
[06/09/2026 21:29:28] GET /api/notifications/count-unread
[0mGET /api/notifications/count-unread [36m304[0m 251.119 ms - -[0m
[06/09/2026 21:30:28] OPTIONS /api/notifications/count-unread
[06/09/2026 21:30:28] GET /api/notifications/count-unread
[0mGET /api/notifications/count-unread [36m304[0m 250.928 ms - -[0m
[06/09/2026 21:31:28] OPTIONS /api/notifications/count-unread
[06/09/2026 21:31:28] GET /api/notifications/count-unread
[0mGET /api/notifications/count-unread [36m304[0m 273.945 ms - -[0m
[06/09/2026 21:32:28] OPTIONS /api/notifications/count-unread
[06/09/2026 21:32:28] GET /api/notifications/count-unread
[0mGET /api/notifications/count-unread [36m304[0m 280.716 ms - -[0m
[06/09/2026 21:33:28] OPTIONS /api/notifications/count-unread
[06/09/2026 21:33:28] GET /api/notifications/count-unread
[0mGET /api/notifications/count-unread [36m304[0m 186.252 ms - -[0m
[06/09/2026 21:34:28] OPTIONS /api/notifications/count-unread
[06/09/2026 21:34:28] GET /api/notifications/count-unread
[0mGET /api/notifications/count-unread [36m304[0m 267.342 ms - -[0m
[06/09/2026 21:35:28] OPTIONS /api/notifications/count-unread
[06/09/2026 21:35:28] GET /api/notifications/count-unread
[0mGET /api/notifications/count-unread [36m304[0m 195.249 ms - -[0m
[06/09/2026 21:36:28] OPTIONS /api/notifications/count-unread
[06/09/2026 21:36:28] GET /api/notifications/count-unread
[0mGET /api/notifications/count-unread [36m304[0m 194.123 ms - -[0m
[06/09/2026 21:37:28] OPTIONS /api/notifications/count-unread
[06/09/2026 21:37:28] GET /api/notifications/count-unread
[0mGET /api/notifications/count-unread [36m304[0m 207.267 ms - -[0m
[06/09/2026 21:38:28] OPTIONS /api/notifications/count-unread
[06/09/2026 21:38:28] GET /api/notifications/count-unread
[0mGET /api/notifications/count-unread [36m304[0m 183.994 ms - -[0m
[06/09/2026 21:39:28] OPTIONS /api/notifications/count-unread
[06/09/2026 21:39:28] GET /api/notifications/count-unread
[0mGET /api/notifications/count-unread [36m304[0m 197.532 ms - -[0m
[06/09/2026 21:40:28] OPTIONS /api/notifications/count-unread
[06/09/2026 21:40:28] GET /api/notifications/count-unread
[0mGET /api/notifications/count-unread [36m304[0m 217.563 ms - -[0m
[06/09/2026 21:41:28] OPTIONS /api/notifications/count-unread
[06/09/2026 21:41:28] GET /api/notifications/count-unread
[0mGET /api/notifications/count-unread [36m304[0m 224.527 ms - -[0m
[06/09/2026 21:42:28] OPTIONS /api/notifications/count-unread
[06/09/2026 21:42:28] GET /api/notifications/count-unread
[0mGET /api/notifications/count-unread [36m304[0m 226.791 ms - -[0m
[06/09/2026 21:43:28] OPTIONS /api/notifications/count-unread
[06/09/2026 21:43:28] GET /api/notifications/count-unread
[0mGET /api/notifications/count-unread [36m304[0m 231.731 ms - -[0m
[06/09/2026 21:44:28] OPTIONS /api/notifications/count-unread
[06/09/2026 21:44:28] GET /api/notifications/count-unread
[0mGET /api/notifications/count-unread [36m304[0m 241.671 ms - -[0m
[06/09/2026 21:45:28] OPTIONS /api/notifications/count-unread
[06/09/2026 21:45:28] GET /api/notifications/count-unread
[0mGET /api/notifications/count-unread [36m304[0m 246.781 ms - -[0m
[06/09/2026 21:46:28] OPTIONS /api/notifications/count-unread
[06/09/2026 21:46:28] GET /api/notifications/count-unread
[0mGET /api/notifications/count-unread [36m304[0m 269.240 ms - -[0m
[06/09/2026 21:47:28] OPTIONS /api/notifications/count-unread
[06/09/2026 21:47:28] GET /api/notifications/count-unread
[0mGET /api/notifications/count-unread [36m304[0m 262.674 ms - -[0m
[06/09/2026 21:48:28] OPTIONS /api/notifications/count-unread
[06/09/2026 21:48:28] GET /api/notifications/count-unread
[0mGET /api/notifications/count-unread [36m304[0m 269.493 ms - -[0m
[06/09/2026 21:49:28] OPTIONS /api/notifications/count-unread
[06/09/2026 21:49:28] GET /api/notifications/count-unread
[0mGET /api/notifications/count-unread [36m304[0m 282.453 ms - -[0m
[06/09/2026 21:50:28] OPTIONS /api/notifications/count-unread
[06/09/2026 21:50:28] GET /api/notifications/count-unread
[0mGET /api/notifications/count-unread [36m304[0m 186.485 ms - -[0m
[06/09/2026 21:51:28] OPTIONS /api/notifications/count-unread
[06/09/2026 21:51:28] GET /api/notifications/count-unread
[0mGET /api/notifications/count-unread [36m304[0m 189.877 ms - -[0m
[06/09/2026 21:52:28] OPTIONS /api/notifications/count-unread
[06/09/2026 21:52:28] GET /api/notifications/count-unread
[0mGET /api/notifications/count-unread [36m304[0m 189.536 ms - -[0m
[06/09/2026 21:53:28] OPTIONS /api/notifications/count-unread
[06/09/2026 21:53:28] GET /api/notifications/count-unread
[0mGET /api/notifications/count-unread [36m304[0m 200.067 ms - -[0m
[06/09/2026 21:54:28] OPTIONS /api/notifications/count-unread
[06/09/2026 21:54:28] GET /api/notifications/count-unread
[0mGET /api/notifications/count-unread [36m304[0m 225.604 ms - -[0m
[06/09/2026 21:55:28] OPTIONS /api/notifications/count-unread
[06/09/2026 21:55:28] GET /api/notifications/count-unread
[0mGET /api/notifications/count-unread [36m304[0m 207.899 ms - -[0m
[06/09/2026 21:56:28] OPTIONS /api/notifications/count-unread
[06/09/2026 21:56:28] GET /api/notifications/count-unread
[0mGET /api/notifications/count-unread [36m304[0m 207.558 ms - -[0m
[06/09/2026 21:57:28] OPTIONS /api/notifications/count-unread
[06/09/2026 21:57:28] GET /api/notifications/count-unread
[0mGET /api/notifications/count-unread [36m304[0m 225.251 ms - -[0m
[06/09/2026 21:58:28] OPTIONS /api/notifications/count-unread
[06/09/2026 21:58:28] GET /api/notifications/count-unread
[0mGET /api/notifications/count-unread [36m304[0m 229.639 ms - -[0m
[06/09/2026 21:59:28] OPTIONS /api/notifications/count-unread
[06/09/2026 21:59:28] GET /api/notifications/count-unread
[0mGET /api/notifications/count-unread [36m304[0m 239.009 ms - -[0m
[06/09/2026 22:00:28] OPTIONS /api/notifications/count-unread
[06/09/2026 22:00:28] GET /api/notifications/count-unread
[0mGET /api/notifications/count-unread [36m304[0m 243.319 ms - -[0m
[06/09/2026 22:01:28] OPTIONS /api/notifications/count-unread
[06/09/2026 22:01:28] GET /api/notifications/count-unread
[0mGET /api/notifications/count-unread [36m304[0m 245.087 ms - -[0m
[06/09/2026 22:02:28] OPTIONS /api/notifications/count-unread
[06/09/2026 22:02:28] GET /api/notifications/count-unread
[0mGET /api/notifications/count-unread [36m304[0m 255.965 ms - -[0m
[06/09/2026 22:03:28] OPTIONS /api/notifications/count-unread
[06/09/2026 22:03:28] GET /api/notifications/count-unread
[0mGET /api/notifications/count-unread [36m304[0m 267.059 ms - -[0m
[06/09/2026 22:04:28] OPTIONS /api/notifications/count-unread
[06/09/2026 22:04:28] GET /api/notifications/count-unread
[0mGET /api/notifications/count-unread [36m304[0m 266.722 ms - -[0m
[06/09/2026 22:05:28] OPTIONS /api/notifications/count-unread
[06/09/2026 22:05:28] GET /api/notifications/count-unread
[0mGET /api/notifications/count-unread [36m304[0m 258.540 ms - -[0m
[06/09/2026 22:06:28] OPTIONS /api/notifications/count-unread
[06/09/2026 22:06:28] GET /api/notifications/count-unread
[0mGET /api/notifications/count-unread [36m304[0m 179.249 ms - -[0m
[06/09/2026 22:07:28] OPTIONS /api/notifications/count-unread
[06/09/2026 22:07:28] GET /api/notifications/count-unread
[0mGET /api/notifications/count-unread [36m304[0m 179.440 ms - -[0m
[06/09/2026 22:08:28] OPTIONS /api/notifications/count-unread
[06/09/2026 22:08:28] GET /api/notifications/count-unread
[0mGET /api/notifications/count-unread [36m304[0m 200.497 ms - -[0m
[06/09/2026 22:09:28] OPTIONS /api/notifications/count-unread
[06/09/2026 22:09:28] GET /api/notifications/count-unread
[0mGET /api/notifications/count-unread [36m304[0m 191.218 ms - -[0m
[06/09/2026 22:10:28] OPTIONS /api/notifications/count-unread
[06/09/2026 22:10:28] GET /api/notifications/count-unread
[0mGET /api/notifications/count-unread [36m304[0m 196.096 ms - -[0m
[07/09/2026 07:33:34] OPTIONS /api/notifications/count-unread
[07/09/2026 07:33:34] GET /api/notifications/count-unread
Error: connect ECONNREFUSED 127.0.0.1:1428
    at NotificationRepository.countUnreadByUserId (file:///D:/E-LearnigLocal/backend/src/repositories/notification.repository.js:118:31)
    at NotificationService.countUnreadNotifications (file:///D:/E-LearnigLocal/backend/src/services/notification.service.js:113:41)
    at countUnread (file:///D:/E-LearnigLocal/backend/src/controllers/notification.controller.js:152:47)
    at Layer.handle [as handle_request] (D:\E-LearnigLocal\backend\node_modules\express\lib\router\layer.js:95:5)
    at next (D:\E-LearnigLocal\backend\node_modules\express\lib\router\route.js:149:13)
    at authMiddleware (file:///D:/E-LearnigLocal/backend/src/middlewares/auth.middleware.js:36:5)
    at Layer.handle [as handle_request] (D:\E-LearnigLocal\backend\node_modules\express\lib\router\layer.js:95:5)
    at next (D:\E-LearnigLocal\backend\node_modules\express\lib\router\route.js:149:13)
    at Route.dispatch (D:\E-LearnigLocal\backend\node_modules\express\lib\router\route.js:119:3)
    at Layer.handle [as handle_request] (D:\E-LearnigLocal\backend\node_modules\express\lib\router\layer.js:95:5) {
  errno: -4078,
  code: 'ECONNREFUSED',
  syscall: 'connect',
  address: '127.0.0.1',
  port: 1428,
  fatal: true
}
[0mGET /api/notifications/count-unread [31m500[0m 23.776 ms - 76[0m
[07/09/2026 07:34:16] OPTIONS /api/notifications/count-unread
[07/09/2026 07:34:16] GET /api/notifications/count-unread
Error: connect ECONNREFUSED 127.0.0.1:1428
    at NotificationRepository.countUnreadByUserId (file:///D:/E-LearnigLocal/backend/src/repositories/notification.repository.js:118:31)
    at NotificationService.countUnreadNotifications (file:///D:/E-LearnigLocal/backend/src/services/notification.service.js:113:41)
    at countUnread (file:///D:/E-LearnigLocal/backend/src/controllers/notification.controller.js:152:47)
    at Layer.handle [as handle_request] (D:\E-LearnigLocal\backend\node_modules\express\lib\router\layer.js:95:5)
    at next (D:\E-LearnigLocal\backend\node_modules\express\lib\router\route.js:149:13)
    at authMiddleware (file:///D:/E-LearnigLocal/backend/src/middlewares/auth.middleware.js:36:5)
    at Layer.handle [as handle_request] (D:\E-LearnigLocal\backend\node_modules\express\lib\router\layer.js:95:5)
    at next (D:\E-LearnigLocal\backend\node_modules\express\lib\router\route.js:149:13)
    at Route.dispatch (D:\E-LearnigLocal\backend\node_modules\express\lib\router\route.js:119:3)
    at Layer.handle [as handle_request] (D:\E-LearnigLocal\backend\node_modules\express\lib\router\layer.js:95:5) {
  errno: -4078,
  code: 'ECONNREFUSED',
  syscall: 'connect',
  address: '127.0.0.1',
  port: 1428,
  fatal: true
}
[0mGET /api/notifications/count-unread [31m500[0m 6.694 ms - 76[0m
[07/09/2026 07:35:16] OPTIONS /api/notifications/count-unread
[07/09/2026 07:35:16] GET /api/notifications/count-unread
Error: connect ECONNREFUSED 127.0.0.1:1428
    at NotificationRepository.countUnreadByUserId (file:///D:/E-LearnigLocal/backend/src/repositories/notification.repository.js:118:31)
    at NotificationService.countUnreadNotifications (file:///D:/E-LearnigLocal/backend/src/services/notification.service.js:113:41)
    at countUnread (file:///D:/E-LearnigLocal/backend/src/controllers/notification.controller.js:152:47)
    at Layer.handle [as handle_request] (D:\E-LearnigLocal\backend\node_modules\express\lib\router\layer.js:95:5)
    at next (D:\E-LearnigLocal\backend\node_modules\express\lib\router\route.js:149:13)
    at authMiddleware (file:///D:/E-LearnigLocal/backend/src/middlewares/auth.middleware.js:36:5)
    at Layer.handle [as handle_request] (D:\E-LearnigLocal\backend\node_modules\express\lib\router\layer.js:95:5)
    at next (D:\E-LearnigLocal\backend\node_modules\express\lib\router\route.js:149:13)
    at Route.dispatch (D:\E-LearnigLocal\backend\node_modules\express\lib\router\route.js:119:3)
    at Layer.handle [as handle_request] (D:\E-LearnigLocal\backend\node_modules\express\lib\router\layer.js:95:5) {
  errno: -4078,
  code: 'ECONNREFUSED',
  syscall: 'connect',
  address: '127.0.0.1',
  port: 1428,
  fatal: true
}
[0mGET /api/notifications/count-unread [31m500[0m 5.974 ms - 76[0m
[07/09/2026 07:36:16] OPTIONS /api/notifications/count-unread
[07/09/2026 07:36:16] GET /api/notifications/count-unread
Error: connect ECONNREFUSED 127.0.0.1:1428
    at NotificationRepository.countUnreadByUserId (file:///D:/E-LearnigLocal/backend/src/repositories/notification.repository.js:118:31)
    at NotificationService.countUnreadNotifications (file:///D:/E-LearnigLocal/backend/src/services/notification.service.js:113:41)
    at countUnread (file:///D:/E-LearnigLocal/backend/src/controllers/notification.controller.js:152:47)
    at Layer.handle [as handle_request] (D:\E-LearnigLocal\backend\node_modules\express\lib\router\layer.js:95:5)
    at next (D:\E-LearnigLocal\backend\node_modules\express\lib\router\route.js:149:13)
    at authMiddleware (file:///D:/E-LearnigLocal/backend/src/middlewares/auth.middleware.js:36:5)
    at Layer.handle [as handle_request] (D:\E-LearnigLocal\backend\node_modules\express\lib\router\layer.js:95:5)
    at next (D:\E-LearnigLocal\backend\node_modules\express\lib\router\route.js:149:13)
    at Route.dispatch (D:\E-LearnigLocal\backend\node_modules\express\lib\router\route.js:119:3)
    at Layer.handle [as handle_request] (D:\E-LearnigLocal\backend\node_modules\express\lib\router\layer.js:95:5) {
  errno: -4078,
  code: 'ECONNREFUSED',
  syscall: 'connect',
  address: '127.0.0.1',
  port: 1428,
  fatal: true
}
[0mGET /api/notifications/count-unread [31m500[0m 4.872 ms - 76[0m
[07/09/2026 07:37:16] OPTIONS /api/notifications/count-unread
[07/09/2026 07:37:16] GET /api/notifications/count-unread
Error: connect ECONNREFUSED 127.0.0.1:1428
    at NotificationRepository.countUnreadByUserId (file:///D:/E-LearnigLocal/backend/src/repositories/notification.repository.js:118:31)
    at NotificationService.countUnreadNotifications (file:///D:/E-LearnigLocal/backend/src/services/notification.service.js:113:41)
    at countUnread (file:///D:/E-LearnigLocal/backend/src/controllers/notification.controller.js:152:47)
    at Layer.handle [as handle_request] (D:\E-LearnigLocal\backend\node_modules\express\lib\router\layer.js:95:5)
    at next (D:\E-LearnigLocal\backend\node_modules\express\lib\router\route.js:149:13)
    at authMiddleware (file:///D:/E-LearnigLocal/backend/src/middlewares/auth.middleware.js:36:5)
    at Layer.handle [as handle_request] (D:\E-LearnigLocal\backend\node_modules\express\lib\router\layer.js:95:5)
    at next (D:\E-LearnigLocal\backend\node_modules\express\lib\router\route.js:149:13)
    at Route.dispatch (D:\E-LearnigLocal\backend\node_modules\express\lib\router\route.js:119:3)
    at Layer.handle [as handle_request] (D:\E-LearnigLocal\backend\node_modules\express\lib\router\layer.js:95:5) {
  errno: -4078,
  code: 'ECONNREFUSED',
  syscall: 'connect',
  address: '127.0.0.1',
  port: 1428,
  fatal: true
}
[0mGET /api/notifications/count-unread [31m500[0m 4.291 ms - 76[0m
[07/09/2026 07:38:16] OPTIONS /api/notifications/count-unread
[07/09/2026 07:38:16] GET /api/notifications/count-unread
Error: connect ECONNREFUSED 127.0.0.1:1428
    at NotificationRepository.countUnreadByUserId (file:///D:/E-LearnigLocal/backend/src/repositories/notification.repository.js:118:31)
    at NotificationService.countUnreadNotifications (file:///D:/E-LearnigLocal/backend/src/services/notification.service.js:113:41)
    at countUnread (file:///D:/E-LearnigLocal/backend/src/controllers/notification.controller.js:152:47)
    at Layer.handle [as handle_request] (D:\E-LearnigLocal\backend\node_modules\express\lib\router\layer.js:95:5)
    at next (D:\E-LearnigLocal\backend\node_modules\express\lib\router\route.js:149:13)
    at authMiddleware (file:///D:/E-LearnigLocal/backend/src/middlewares/auth.middleware.js:36:5)
    at Layer.handle [as handle_request] (D:\E-LearnigLocal\backend\node_modules\express\lib\router\layer.js:95:5)
    at next (D:\E-LearnigLocal\backend\node_modules\express\lib\router\route.js:149:13)
    at Route.dispatch (D:\E-LearnigLocal\backend\node_modules\express\lib\router\route.js:119:3)
    at Layer.handle [as handle_request] (D:\E-LearnigLocal\backend\node_modules\express\lib\router\layer.js:95:5) {
  errno: -4078,
  code: 'ECONNREFUSED',
  syscall: 'connect',
  address: '127.0.0.1',
  port: 1428,
  fatal: true
}
[0mGET /api/notifications/count-unread [31m500[0m 7.829 ms - 76[0m
[07/09/2026 07:39:16] OPTIONS /api/notifications/count-unread
[07/09/2026 07:39:16] GET /api/notifications/count-unread
Error: connect ECONNREFUSED 127.0.0.1:1428
    at NotificationRepository.countUnreadByUserId (file:///D:/E-LearnigLocal/backend/src/repositories/notification.repository.js:118:31)
    at NotificationService.countUnreadNotifications (file:///D:/E-LearnigLocal/backend/src/services/notification.service.js:113:41)
    at countUnread (file:///D:/E-LearnigLocal/backend/src/controllers/notification.controller.js:152:47)
    at Layer.handle [as handle_request] (D:\E-LearnigLocal\backend\node_modules\express\lib\router\layer.js:95:5)
    at next (D:\E-LearnigLocal\backend\node_modules\express\lib\router\route.js:149:13)
    at authMiddleware (file:///D:/E-LearnigLocal/backend/src/middlewares/auth.middleware.js:36:5)
    at Layer.handle [as handle_request] (D:\E-LearnigLocal\backend\node_modules\express\lib\router\layer.js:95:5)
    at next (D:\E-LearnigLocal\backend\node_modules\express\lib\router\route.js:149:13)
    at Route.dispatch (D:\E-LearnigLocal\backend\node_modules\express\lib\router\route.js:119:3)
    at Layer.handle [as handle_request] (D:\E-LearnigLocal\backend\node_modules\express\lib\router\layer.js:95:5) {
  errno: -4078,
  code: 'ECONNREFUSED',
  syscall: 'connect',
  address: '127.0.0.1',
  port: 1428,
  fatal: true
}
[0mGET /api/notifications/count-unread [31m500[0m 5.310 ms - 76[0m
[07/09/2026 07:40:16] OPTIONS /api/notifications/count-unread
[07/09/2026 07:40:16] GET /api/notifications/count-unread
Error: connect ECONNREFUSED 127.0.0.1:1428
    at NotificationRepository.countUnreadByUserId (file:///D:/E-LearnigLocal/backend/src/repositories/notification.repository.js:118:31)
    at NotificationService.countUnreadNotifications (file:///D:/E-LearnigLocal/backend/src/services/notification.service.js:113:41)
    at countUnread (file:///D:/E-LearnigLocal/backend/src/controllers/notification.controller.js:152:47)
    at Layer.handle [as handle_request] (D:\E-LearnigLocal\backend\node_modules\express\lib\router\layer.js:95:5)
    at next (D:\E-LearnigLocal\backend\node_modules\express\lib\router\route.js:149:13)
    at authMiddleware (file:///D:/E-LearnigLocal/backend/src/middlewares/auth.middleware.js:36:5)
    at Layer.handle [as handle_request] (D:\E-LearnigLocal\backend\node_modules\express\lib\router\layer.js:95:5)
    at next (D:\E-LearnigLocal\backend\node_modules\express\lib\router\route.js:149:13)
    at Route.dispatch (D:\E-LearnigLocal\backend\node_modules\express\lib\router\route.js:119:3)
    at Layer.handle [as handle_request] (D:\E-LearnigLocal\backend\node_modules\express\lib\router\layer.js:95:5) {
  errno: -4078,
  code: 'ECONNREFUSED',
  syscall: 'connect',
  address: '127.0.0.1',
  port: 1428,
  fatal: true
}
[0mGET /api/notifications/count-unread [31m500[0m 12.590 ms - 76[0m
[07/09/2026 07:41:16] OPTIONS /api/notifications/count-unread
[07/09/2026 07:41:16] GET /api/notifications/count-unread
Error: connect ECONNREFUSED 127.0.0.1:1428
    at NotificationRepository.countUnreadByUserId (file:///D:/E-LearnigLocal/backend/src/repositories/notification.repository.js:118:31)
    at NotificationService.countUnreadNotifications (file:///D:/E-LearnigLocal/backend/src/services/notification.service.js:113:41)
    at countUnread (file:///D:/E-LearnigLocal/backend/src/controllers/notification.controller.js:152:47)
    at Layer.handle [as handle_request] (D:\E-LearnigLocal\backend\node_modules\express\lib\router\layer.js:95:5)
    at next (D:\E-LearnigLocal\backend\node_modules\express\lib\router\route.js:149:13)
    at authMiddleware (file:///D:/E-LearnigLocal/backend/src/middlewares/auth.middleware.js:36:5)
    at Layer.handle [as handle_request] (D:\E-LearnigLocal\backend\node_modules\express\lib\router\layer.js:95:5)
    at next (D:\E-LearnigLocal\backend\node_modules\express\lib\router\route.js:149:13)
    at Route.dispatch (D:\E-LearnigLocal\backend\node_modules\express\lib\router\route.js:119:3)
    at Layer.handle [as handle_request] (D:\E-LearnigLocal\backend\node_modules\express\lib\router\layer.js:95:5) {
  errno: -4078,
  code: 'ECONNREFUSED',
  syscall: 'connect',
  address: '127.0.0.1',
  port: 1428,
  fatal: true
}
[0mGET /api/notifications/count-unread [31m500[0m 7.546 ms - 76[0m
[07/09/2026 07:42:16] OPTIONS /api/notifications/count-unread
[07/09/2026 07:42:16] GET /api/notifications/count-unread
Error: connect ECONNREFUSED 127.0.0.1:1428
    at NotificationRepository.countUnreadByUserId (file:///D:/E-LearnigLocal/backend/src/repositories/notification.repository.js:118:31)
    at NotificationService.countUnreadNotifications (file:///D:/E-LearnigLocal/backend/src/services/notification.service.js:113:41)
    at countUnread (file:///D:/E-LearnigLocal/backend/src/controllers/notification.controller.js:152:47)
    at Layer.handle [as handle_request] (D:\E-LearnigLocal\backend\node_modules\express\lib\router\layer.js:95:5)
    at next (D:\E-LearnigLocal\backend\node_modules\express\lib\router\route.js:149:13)
    at authMiddleware (file:///D:/E-LearnigLocal/backend/src/middlewares/auth.middleware.js:36:5)
    at Layer.handle [as handle_request] (D:\E-LearnigLocal\backend\node_modules\express\lib\router\layer.js:95:5)
    at next (D:\E-LearnigLocal\backend\node_modules\express\lib\router\route.js:149:13)
    at Route.dispatch (D:\E-LearnigLocal\backend\node_modules\express\lib\router\route.js:119:3)
    at Layer.handle [as handle_request] (D:\E-LearnigLocal\backend\node_modules\express\lib\router\layer.js:95:5) {
  errno: -4078,
  code: 'ECONNREFUSED',
  syscall: 'connect',
  address: '127.0.0.1',
  port: 1428,
  fatal: true
}
[0mGET /api/notifications/count-unread [31m500[0m 4.790 ms - 76[0m
[07/09/2026 08:35:16] OPTIONS /api/notifications/count-unread
[07/09/2026 08:35:16] GET /api/notifications/count-unread
Error: connect ECONNREFUSED 127.0.0.1:1428
    at NotificationRepository.countUnreadByUserId (file:///D:/E-LearnigLocal/backend/src/repositories/notification.repository.js:118:31)
    at NotificationService.countUnreadNotifications (file:///D:/E-LearnigLocal/backend/src/services/notification.service.js:113:41)
    at countUnread (file:///D:/E-LearnigLocal/backend/src/controllers/notification.controller.js:152:47)
    at Layer.handle [as handle_request] (D:\E-LearnigLocal\backend\node_modules\express\lib\router\layer.js:95:5)
    at next (D:\E-LearnigLocal\backend\node_modules\express\lib\router\route.js:149:13)
    at authMiddleware (file:///D:/E-LearnigLocal/backend/src/middlewares/auth.middleware.js:36:5)
    at Layer.handle [as handle_request] (D:\E-LearnigLocal\backend\node_modules\express\lib\router\layer.js:95:5)
    at next (D:\E-LearnigLocal\backend\node_modules\express\lib\router\route.js:149:13)
    at Route.dispatch (D:\E-LearnigLocal\backend\node_modules\express\lib\router\route.js:119:3)
    at Layer.handle [as handle_request] (D:\E-LearnigLocal\backend\node_modules\express\lib\router\layer.js:95:5) {
  errno: -4078,
  code: 'ECONNREFUSED',
  syscall: 'connect',
  address: '127.0.0.1',
  port: 1428,
  fatal: true
}
[0mGET /api/notifications/count-unread [31m500[0m 5.598 ms - 76[0m
[07/09/2026 08:36:15] OPTIONS /api/notifications/count-unread
[07/09/2026 08:36:15] GET /api/notifications/count-unread
Error: connect ECONNREFUSED 127.0.0.1:1428
    at NotificationRepository.countUnreadByUserId (file:///D:/E-LearnigLocal/backend/src/repositories/notification.repository.js:118:31)
    at NotificationService.countUnreadNotifications (file:///D:/E-LearnigLocal/backend/src/services/notification.service.js:113:41)
    at countUnread (file:///D:/E-LearnigLocal/backend/src/controllers/notification.controller.js:152:47)
    at Layer.handle [as handle_request] (D:\E-LearnigLocal\backend\node_modules\express\lib\router\layer.js:95:5)
    at next (D:\E-LearnigLocal\backend\node_modules\express\lib\router\route.js:149:13)
    at authMiddleware (file:///D:/E-LearnigLocal/backend/src/middlewares/auth.middleware.js:36:5)
    at Layer.handle [as handle_request] (D:\E-LearnigLocal\backend\node_modules\express\lib\router\layer.js:95:5)
    at next (D:\E-LearnigLocal\backend\node_modules\express\lib\router\route.js:149:13)
    at Route.dispatch (D:\E-LearnigLocal\backend\node_modules\express\lib\router\route.js:119:3)
    at Layer.handle [as handle_request] (D:\E-LearnigLocal\backend\node_modules\express\lib\router\layer.js:95:5) {
  errno: -4078,
  code: 'ECONNREFUSED',
  syscall: 'connect',
  address: '127.0.0.1',
  port: 1428,
  fatal: true
}
[0mGET /api/notifications/count-unread [31m500[0m 1.087 ms - 76[0m
[07/09/2026 08:37:16] OPTIONS /api/notifications/count-unread
[07/09/2026 08:37:16] GET /api/notifications/count-unread
Error: connect ECONNREFUSED 127.0.0.1:1428
    at NotificationRepository.countUnreadByUserId (file:///D:/E-LearnigLocal/backend/src/repositories/notification.repository.js:118:31)
    at NotificationService.countUnreadNotifications (file:///D:/E-LearnigLocal/backend/src/services/notification.service.js:113:41)
    at countUnread (file:///D:/E-LearnigLocal/backend/src/controllers/notification.controller.js:152:47)
    at Layer.handle [as handle_request] (D:\E-LearnigLocal\backend\node_modules\express\lib\router\layer.js:95:5)
    at next (D:\E-LearnigLocal\backend\node_modules\express\lib\router\route.js:149:13)
    at authMiddleware (file:///D:/E-LearnigLocal/backend/src/middlewares/auth.middleware.js:36:5)
    at Layer.handle [as handle_request] (D:\E-LearnigLocal\backend\node_modules\express\lib\router\layer.js:95:5)
    at next (D:\E-LearnigLocal\backend\node_modules\express\lib\router\route.js:149:13)
    at Route.dispatch (D:\E-LearnigLocal\backend\node_modules\express\lib\router\route.js:119:3)
    at Layer.handle [as handle_request] (D:\E-LearnigLocal\backend\node_modules\express\lib\router\layer.js:95:5) {
  errno: -4078,
  code: 'ECONNREFUSED',
  syscall: 'connect',
  address: '127.0.0.1',
  port: 1428,
  fatal: true
}
[0mGET /api/notifications/count-unread [31m500[0m 5.506 ms - 76[0m
[07/09/2026 08:38:16] OPTIONS /api/notifications/count-unread
[07/09/2026 08:38:16] GET /api/notifications/count-unread
Error: connect ECONNREFUSED 127.0.0.1:1428
    at NotificationRepository.countUnreadByUserId (file:///D:/E-LearnigLocal/backend/src/repositories/notification.repository.js:118:31)
    at NotificationService.countUnreadNotifications (file:///D:/E-LearnigLocal/backend/src/services/notification.service.js:113:41)
    at countUnread (file:///D:/E-LearnigLocal/backend/src/controllers/notification.controller.js:152:47)
    at Layer.handle [as handle_request] (D:\E-LearnigLocal\backend\node_modules\express\lib\router\layer.js:95:5)
    at next (D:\E-LearnigLocal\backend\node_modules\express\lib\router\route.js:149:13)
    at authMiddleware (file:///D:/E-LearnigLocal/backend/src/middlewares/auth.middleware.js:36:5)
    at Layer.handle [as handle_request] (D:\E-LearnigLocal\backend\node_modules\express\lib\router\layer.js:95:5)
    at next (D:\E-LearnigLocal\backend\node_modules\express\lib\router\route.js:149:13)
    at Route.dispatch (D:\E-LearnigLocal\backend\node_modules\express\lib\router\route.js:119:3)
    at Layer.handle [as handle_request] (D:\E-LearnigLocal\backend\node_modules\express\lib\router\layer.js:95:5) {
  errno: -4078,
  code: 'ECONNREFUSED',
  syscall: 'connect',
  address: '127.0.0.1',
  port: 1428,
  fatal: true
}
[0mGET /api/notifications/count-unread [31m500[0m 4.126 ms - 76[0m
[07/09/2026 08:39:16] OPTIONS /api/notifications/count-unread
[07/09/2026 08:39:16] GET /api/notifications/count-unread
Error: connect ECONNREFUSED 127.0.0.1:1428
    at NotificationRepository.countUnreadByUserId (file:///D:/E-LearnigLocal/backend/src/repositories/notification.repository.js:118:31)
    at NotificationService.countUnreadNotifications (file:///D:/E-LearnigLocal/backend/src/services/notification.service.js:113:41)
    at countUnread (file:///D:/E-LearnigLocal/backend/src/controllers/notification.controller.js:152:47)
    at Layer.handle [as handle_request] (D:\E-LearnigLocal\backend\node_modules\express\lib\router\layer.js:95:5)
    at next (D:\E-LearnigLocal\backend\node_modules\express\lib\router\route.js:149:13)
    at authMiddleware (file:///D:/E-LearnigLocal/backend/src/middlewares/auth.middleware.js:36:5)
    at Layer.handle [as handle_request] (D:\E-LearnigLocal\backend\node_modules\express\lib\router\layer.js:95:5)
    at next (D:\E-LearnigLocal\backend\node_modules\express\lib\router\route.js:149:13)
    at Route.dispatch (D:\E-LearnigLocal\backend\node_modules\express\lib\router\route.js:119:3)
    at Layer.handle [as handle_request] (D:\E-LearnigLocal\backend\node_modules\express\lib\router\layer.js:95:5) {
  errno: -4078,
  code: 'ECONNREFUSED',
  syscall: 'connect',
  address: '127.0.0.1',
  port: 1428,
  fatal: true
}
[0mGET /api/notifications/count-unread [31m500[0m 2.084 ms - 76[0m
[07/09/2026 08:40:16] OPTIONS /api/notifications/count-unread
[07/09/2026 08:40:16] GET /api/notifications/count-unread
Error: connect ECONNREFUSED 127.0.0.1:1428
    at NotificationRepository.countUnreadByUserId (file:///D:/E-LearnigLocal/backend/src/repositories/notification.repository.js:118:31)
    at NotificationService.countUnreadNotifications (file:///D:/E-LearnigLocal/backend/src/services/notification.service.js:113:41)
    at countUnread (file:///D:/E-LearnigLocal/backend/src/controllers/notification.controller.js:152:47)
    at Layer.handle [as handle_request] (D:\E-LearnigLocal\backend\node_modules\express\lib\router\layer.js:95:5)
    at next (D:\E-LearnigLocal\backend\node_modules\express\lib\router\route.js:149:13)
    at authMiddleware (file:///D:/E-LearnigLocal/backend/src/middlewares/auth.middleware.js:36:5)
    at Layer.handle [as handle_request] (D:\E-LearnigLocal\backend\node_modules\express\lib\router\layer.js:95:5)
    at next (D:\E-LearnigLocal\backend\node_modules\express\lib\router\route.js:149:13)
    at Route.dispatch (D:\E-LearnigLocal\backend\node_modules\express\lib\router\route.js:119:3)
    at Layer.handle [as handle_request] (D:\E-LearnigLocal\backend\node_modules\express\lib\router\layer.js:95:5) {
  errno: -4078,
  code: 'ECONNREFUSED',
  syscall: 'connect',
  address: '127.0.0.1',
  port: 1428,
  fatal: true
}
[0mGET /api/notifications/count-unread [31m500[0m 5.187 ms - 76[0m
[07/09/2026 08:41:16] OPTIONS /api/notifications/count-unread
[07/09/2026 08:41:16] GET /api/notifications/count-unread
Error: connect ECONNREFUSED 127.0.0.1:1428
    at NotificationRepository.countUnreadByUserId (file:///D:/E-LearnigLocal/backend/src/repositories/notification.repository.js:118:31)
    at NotificationService.countUnreadNotifications (file:///D:/E-LearnigLocal/backend/src/services/notification.service.js:113:41)
    at countUnread (file:///D:/E-LearnigLocal/backend/src/controllers/notification.controller.js:152:47)
    at Layer.handle [as handle_request] (D:\E-LearnigLocal\backend\node_modules\express\lib\router\layer.js:95:5)
    at next (D:\E-LearnigLocal\backend\node_modules\express\lib\router\route.js:149:13)
    at authMiddleware (file:///D:/E-LearnigLocal/backend/src/middlewares/auth.middleware.js:36:5)
    at Layer.handle [as handle_request] (D:\E-LearnigLocal\backend\node_modules\express\lib\router\layer.js:95:5)
    at next (D:\E-LearnigLocal\backend\node_modules\express\lib\router\route.js:149:13)
    at Route.dispatch (D:\E-LearnigLocal\backend\node_modules\express\lib\router\route.js:119:3)
    at Layer.handle [as handle_request] (D:\E-LearnigLocal\backend\node_modules\express\lib\router\layer.js:95:5) {
  errno: -4078,
  code: 'ECONNREFUSED',
  syscall: 'connect',
  address: '127.0.0.1',
  port: 1428,
  fatal: true
}
[0mGET /api/notifications/count-unread [31m500[0m 5.467 ms - 76[0m
[07/09/2026 08:42:16] OPTIONS /api/notifications/count-unread
[07/09/2026 08:42:16] GET /api/notifications/count-unread
Error: connect ECONNREFUSED 127.0.0.1:1428
    at NotificationRepository.countUnreadByUserId (file:///D:/E-LearnigLocal/backend/src/repositories/notification.repository.js:118:31)
    at NotificationService.countUnreadNotifications (file:///D:/E-LearnigLocal/backend/src/services/notification.service.js:113:41)
    at countUnread (file:///D:/E-LearnigLocal/backend/src/controllers/notification.controller.js:152:47)
    at Layer.handle [as handle_request] (D:\E-LearnigLocal\backend\node_modules\express\lib\router\layer.js:95:5)
    at next (D:\E-LearnigLocal\backend\node_modules\express\lib\router\route.js:149:13)
    at authMiddleware (file:///D:/E-LearnigLocal/backend/src/middlewares/auth.middleware.js:36:5)
    at Layer.handle [as handle_request] (D:\E-LearnigLocal\backend\node_modules\express\lib\router\layer.js:95:5)
    at next (D:\E-LearnigLocal\backend\node_modules\express\lib\router\route.js:149:13)
    at Route.dispatch (D:\E-LearnigLocal\backend\node_modules\express\lib\router\route.js:119:3)
    at Layer.handle [as handle_request] (D:\E-LearnigLocal\backend\node_modules\express\lib\router\layer.js:95:5) {
  errno: -4078,
  code: 'ECONNREFUSED',
  syscall: 'connect',
  address: '127.0.0.1',
  port: 1428,
  fatal: true
}
[0mGET /api/notifications/count-unread [31m500[0m 2.967 ms - 76[0m
[07/09/2026 08:43:16] OPTIONS /api/notifications/count-unread
[07/09/2026 08:43:16] GET /api/notifications/count-unread
Error: connect ECONNREFUSED 127.0.0.1:1428
    at NotificationRepository.countUnreadByUserId (file:///D:/E-LearnigLocal/backend/src/repositories/notification.repository.js:118:31)
    at NotificationService.countUnreadNotifications (file:///D:/E-LearnigLocal/backend/src/services/notification.service.js:113:41)
    at countUnread (file:///D:/E-LearnigLocal/backend/src/controllers/notification.controller.js:152:47)
    at Layer.handle [as handle_request] (D:\E-LearnigLocal\backend\node_modules\express\lib\router\layer.js:95:5)
    at next (D:\E-LearnigLocal\backend\node_modules\express\lib\router\route.js:149:13)
    at authMiddleware (file:///D:/E-LearnigLocal/backend/src/middlewares/auth.middleware.js:36:5)
    at Layer.handle [as handle_request] (D:\E-LearnigLocal\backend\node_modules\express\lib\router\layer.js:95:5)
    at next (D:\E-LearnigLocal\backend\node_modules\express\lib\router\route.js:149:13)
    at Route.dispatch (D:\E-LearnigLocal\backend\node_modules\express\lib\router\route.js:119:3)
    at Layer.handle [as handle_request] (D:\E-LearnigLocal\backend\node_modules\express\lib\router\layer.js:95:5) {
  errno: -4078,
  code: 'ECONNREFUSED',
  syscall: 'connect',
  address: '127.0.0.1',
  port: 1428,
  fatal: true
}
[0mGET /api/notifications/count-unread [31m500[0m 6.525 ms - 76[0m
[07/09/2026 08:44:16] OPTIONS /api/notifications/count-unread
[07/09/2026 08:44:16] GET /api/notifications/count-unread
Error: connect ECONNREFUSED 127.0.0.1:1428
    at NotificationRepository.countUnreadByUserId (file:///D:/E-LearnigLocal/backend/src/repositories/notification.repository.js:118:31)
    at NotificationService.countUnreadNotifications (file:///D:/E-LearnigLocal/backend/src/services/notification.service.js:113:41)
    at countUnread (file:///D:/E-LearnigLocal/backend/src/controllers/notification.controller.js:152:47)
    at Layer.handle [as handle_request] (D:\E-LearnigLocal\backend\node_modules\express\lib\router\layer.js:95:5)
    at next (D:\E-LearnigLocal\backend\node_modules\express\lib\router\route.js:149:13)
    at authMiddleware (file:///D:/E-LearnigLocal/backend/src/middlewares/auth.middleware.js:36:5)
    at Layer.handle [as handle_request] (D:\E-LearnigLocal\backend\node_modules\express\lib\router\layer.js:95:5)
    at next (D:\E-LearnigLocal\backend\node_modules\express\lib\router\route.js:149:13)
    at Route.dispatch (D:\E-LearnigLocal\backend\node_modules\express\lib\router\route.js:119:3)
    at Layer.handle [as handle_request] (D:\E-LearnigLocal\backend\node_modules\express\lib\router\layer.js:95:5) {
  errno: -4078,
  code: 'ECONNREFUSED',
  syscall: 'connect',
  address: '127.0.0.1',
  port: 1428,
  fatal: true
}
[0mGET /api/notifications/count-unread [31m500[0m 3.211 ms - 76[0m
[07/09/2026 08:44:31] OPTIONS /api/auth/login
[07/09/2026 08:44:31] POST /api/auth/login
Error: connect ECONNREFUSED 127.0.0.1:1428
    at AuthRepository.findByEmail (file:///D:/E-LearnigLocal/backend/src/repositories/auth.repository.js:25:31)
    at AuthService.login (file:///D:/E-LearnigLocal/backend/src/services/auth.service.js:93:34)
    at login (file:///D:/E-LearnigLocal/backend/src/controllers/auth.controller.js:25:40)
    at Layer.handle [as handle_request] (D:\E-LearnigLocal\backend\node_modules\express\lib\router\layer.js:95:5)
    at next (D:\E-LearnigLocal\backend\node_modules\express\lib\router\route.js:149:13)
    at validate (file:///D:/E-LearnigLocal/backend/src/middlewares/validate.js:23:3)
    at Layer.handle [as handle_request] (D:\E-LearnigLocal\backend\node_modules\express\lib\router\layer.js:95:5)
    at next (D:\E-LearnigLocal\backend\node_modules\express\lib\router\route.js:149:13)
    at middleware (D:\E-LearnigLocal\backend\node_modules\express-validator\lib\middlewares\check.js:16:13)
    at process.processTicksAndRejections (node:internal/process/task_queues:104:5) {
  errno: -4078,
  code: 'ECONNREFUSED',
  syscall: 'connect',
  address: '127.0.0.1',
  port: 1428,
  fatal: true
}
[0mPOST /api/auth/login [31m500[0m 5.413 ms - 76[0m
[07/09/2026 08:45:16] OPTIONS /api/notifications/count-unread
[07/09/2026 08:45:16] GET /api/notifications/count-unread
Error: connect ECONNREFUSED 127.0.0.1:1428
    at NotificationRepository.countUnreadByUserId (file:///D:/E-LearnigLocal/backend/src/repositories/notification.repository.js:118:31)
    at NotificationService.countUnreadNotifications (file:///D:/E-LearnigLocal/backend/src/services/notification.service.js:113:41)
    at countUnread (file:///D:/E-LearnigLocal/backend/src/controllers/notification.controller.js:152:47)
    at Layer.handle [as handle_request] (D:\E-LearnigLocal\backend\node_modules\express\lib\router\layer.js:95:5)
    at next (D:\E-LearnigLocal\backend\node_modules\express\lib\router\route.js:149:13)
    at authMiddleware (file:///D:/E-LearnigLocal/backend/src/middlewares/auth.middleware.js:36:5)
    at Layer.handle [as handle_request] (D:\E-LearnigLocal\backend\node_modules\express\lib\router\layer.js:95:5)
    at next (D:\E-LearnigLocal\backend\node_modules\express\lib\router\route.js:149:13)
    at Route.dispatch (D:\E-LearnigLocal\backend\node_modules\express\lib\router\route.js:119:3)
    at Layer.handle [as handle_request] (D:\E-LearnigLocal\backend\node_modules\express\lib\router\layer.js:95:5) {
  errno: -4078,
  code: 'ECONNREFUSED',
  syscall: 'connect',
  address: '127.0.0.1',
  port: 1428,
  fatal: true
}
[0mGET /api/notifications/count-unread [31m500[0m 4.015 ms - 76[0m
[07/09/2026 08:45:28] OPTIONS /api/auth/login
[07/09/2026 08:45:28] POST /api/auth/login
Error: connect ECONNREFUSED 127.0.0.1:1428
    at AuthRepository.findByEmail (file:///D:/E-LearnigLocal/backend/src/repositories/auth.repository.js:25:31)
    at AuthService.login (file:///D:/E-LearnigLocal/backend/src/services/auth.service.js:93:34)
    at login (file:///D:/E-LearnigLocal/backend/src/controllers/auth.controller.js:25:40)
    at Layer.handle [as handle_request] (D:\E-LearnigLocal\backend\node_modules\express\lib\router\layer.js:95:5)
    at next (D:\E-LearnigLocal\backend\node_modules\express\lib\router\route.js:149:13)
    at validate (file:///D:/E-LearnigLocal/backend/src/middlewares/validate.js:23:3)
    at Layer.handle [as handle_request] (D:\E-LearnigLocal\backend\node_modules\express\lib\router\layer.js:95:5)
    at next (D:\E-LearnigLocal\backend\node_modules\express\lib\router\route.js:149:13)
    at middleware (D:\E-LearnigLocal\backend\node_modules\express-validator\lib\middlewares\check.js:16:13)
    at process.processTicksAndRejections (node:internal/process/task_queues:104:5) {
  errno: -4078,
  code: 'ECONNREFUSED',
  syscall: 'connect',
  address: '127.0.0.1',
  port: 1428,
  fatal: true
}
[0mPOST /api/auth/login [31m500[0m 3.930 ms - 76[0m
[07/09/2026 08:46:15] POST /api/auth/login
Error: connect ECONNREFUSED 127.0.0.1:1428
    at AuthRepository.findByEmail (file:///D:/E-LearnigLocal/backend/src/repositories/auth.repository.js:25:31)
    at AuthService.login (file:///D:/E-LearnigLocal/backend/src/services/auth.service.js:93:34)
    at login (file:///D:/E-LearnigLocal/backend/src/controllers/auth.controller.js:25:40)
    at Layer.handle [as handle_request] (D:\E-LearnigLocal\backend\node_modules\express\lib\router\layer.js:95:5)
    at next (D:\E-LearnigLocal\backend\node_modules\express\lib\router\route.js:149:13)
    at validate (file:///D:/E-LearnigLocal/backend/src/middlewares/validate.js:23:3)
    at Layer.handle [as handle_request] (D:\E-LearnigLocal\backend\node_modules\express\lib\router\layer.js:95:5)
    at next (D:\E-LearnigLocal\backend\node_modules\express\lib\router\route.js:149:13)
    at middleware (D:\E-LearnigLocal\backend\node_modules\express-validator\lib\middlewares\check.js:16:13)
    at process.processTicksAndRejections (node:internal/process/task_queues:104:5) {
  errno: -4078,
  code: 'ECONNREFUSED',
  syscall: 'connect',
  address: '127.0.0.1',
  port: 1428,
  fatal: true
}
[0mPOST /api/auth/login [31m500[0m 2.556 ms - 76[0m
[07/09/2026 08:46:16] OPTIONS /api/notifications/count-unread
[07/09/2026 08:46:16] GET /api/notifications/count-unread
Error: connect ECONNREFUSED 127.0.0.1:1428
    at NotificationRepository.countUnreadByUserId (file:///D:/E-LearnigLocal/backend/src/repositories/notification.repository.js:118:31)
    at NotificationService.countUnreadNotifications (file:///D:/E-LearnigLocal/backend/src/services/notification.service.js:113:41)
    at countUnread (file:///D:/E-LearnigLocal/backend/src/controllers/notification.controller.js:152:47)
    at Layer.handle [as handle_request] (D:\E-LearnigLocal\backend\node_modules\express\lib\router\layer.js:95:5)
    at next (D:\E-LearnigLocal\backend\node_modules\express\lib\router\route.js:149:13)
    at authMiddleware (file:///D:/E-LearnigLocal/backend/src/middlewares/auth.middleware.js:36:5)
    at Layer.handle [as handle_request] (D:\E-LearnigLocal\backend\node_modules\express\lib\router\layer.js:95:5)
    at next (D:\E-LearnigLocal\backend\node_modules\express\lib\router\route.js:149:13)
    at Route.dispatch (D:\E-LearnigLocal\backend\node_modules\express\lib\router\route.js:119:3)
    at Layer.handle [as handle_request] (D:\E-LearnigLocal\backend\node_modules\express\lib\router\layer.js:95:5) {
  errno: -4078,
  code: 'ECONNREFUSED',
  syscall: 'connect',
  address: '127.0.0.1',
  port: 1428,
  fatal: true
}
[0mGET /api/notifications/count-unread [31m500[0m 7.895 ms - 76[0m
[07/09/2026 08:46:29] POST /api/auth/login
Error: connect ECONNREFUSED 127.0.0.1:1428
    at AuthRepository.findByEmail (file:///D:/E-LearnigLocal/backend/src/repositories/auth.repository.js:25:31)
    at AuthService.login (file:///D:/E-LearnigLocal/backend/src/services/auth.service.js:93:34)
    at login (file:///D:/E-LearnigLocal/backend/src/controllers/auth.controller.js:25:40)
    at Layer.handle [as handle_request] (D:\E-LearnigLocal\backend\node_modules\express\lib\router\layer.js:95:5)
    at next (D:\E-LearnigLocal\backend\node_modules\express\lib\router\route.js:149:13)
    at validate (file:///D:/E-LearnigLocal/backend/src/middlewares/validate.js:23:3)
    at Layer.handle [as handle_request] (D:\E-LearnigLocal\backend\node_modules\express\lib\router\layer.js:95:5)
    at next (D:\E-LearnigLocal\backend\node_modules\express\lib\router\route.js:149:13)
    at middleware (D:\E-LearnigLocal\backend\node_modules\express-validator\lib\middlewares\check.js:16:13)
    at process.processTicksAndRejections (node:internal/process/task_queues:104:5) {
  errno: -4078,
  code: 'ECONNREFUSED',
  syscall: 'connect',
  address: '127.0.0.1',
  port: 1428,
  fatal: true
}
[0mPOST /api/auth/login [31m500[0m 2.111 ms - 76[0m
[07/09/2026 08:46:45] POST /api/auth/login
Error: connect ECONNREFUSED 127.0.0.1:1428
    at AuthRepository.findByEmail (file:///D:/E-LearnigLocal/backend/src/repositories/auth.repository.js:25:31)
    at AuthService.login (file:///D:/E-LearnigLocal/backend/src/services/auth.service.js:93:34)
    at login (file:///D:/E-LearnigLocal/backend/src/controllers/auth.controller.js:25:40)
    at Layer.handle [as handle_request] (D:\E-LearnigLocal\backend\node_modules\express\lib\router\layer.js:95:5)
    at next (D:\E-LearnigLocal\backend\node_modules\express\lib\router\route.js:149:13)
    at validate (file:///D:/E-LearnigLocal/backend/src/middlewares/validate.js:23:3)
    at Layer.handle [as handle_request] (D:\E-LearnigLocal\backend\node_modules\express\lib\router\layer.js:95:5)
    at next (D:\E-LearnigLocal\backend\node_modules\express\lib\router\route.js:149:13)
    at middleware (D:\E-LearnigLocal\backend\node_modules\express-validator\lib\middlewares\check.js:16:13)
    at process.processTicksAndRejections (node:internal/process/task_queues:104:5) {
  errno: -4078,
  code: 'ECONNREFUSED',
  syscall: 'connect',
  address: '127.0.0.1',
  port: 1428,
  fatal: true
}
[0mPOST /api/auth/login [31m500[0m 1.985 ms - 76[0m
[07/09/2026 08:47:16] OPTIONS /api/notifications/count-unread
[07/09/2026 08:47:16] GET /api/notifications/count-unread
Error: connect ECONNREFUSED 127.0.0.1:1428
    at NotificationRepository.countUnreadByUserId (file:///D:/E-LearnigLocal/backend/src/repositories/notification.repository.js:118:31)
    at NotificationService.countUnreadNotifications (file:///D:/E-LearnigLocal/backend/src/services/notification.service.js:113:41)
    at countUnread (file:///D:/E-LearnigLocal/backend/src/controllers/notification.controller.js:152:47)
    at Layer.handle [as handle_request] (D:\E-LearnigLocal\backend\node_modules\express\lib\router\layer.js:95:5)
    at next (D:\E-LearnigLocal\backend\node_modules\express\lib\router\route.js:149:13)
    at authMiddleware (file:///D:/E-LearnigLocal/backend/src/middlewares/auth.middleware.js:36:5)
    at Layer.handle [as handle_request] (D:\E-LearnigLocal\backend\node_modules\express\lib\router\layer.js:95:5)
    at next (D:\E-LearnigLocal\backend\node_modules\express\lib\router\route.js:149:13)
    at Route.dispatch (D:\E-LearnigLocal\backend\node_modules\express\lib\router\route.js:119:3)
    at Layer.handle [as handle_request] (D:\E-LearnigLocal\backend\node_modules\express\lib\router\layer.js:95:5) {
  errno: -4078,
  code: 'ECONNREFUSED',
  syscall: 'connect',
  address: '127.0.0.1',
  port: 1428,
  fatal: true
}
[0mGET /api/notifications/count-unread [31m500[0m 9.225 ms - 76[0m
[07/09/2026 08:48:16] OPTIONS /api/notifications/count-unread
[07/09/2026 08:48:16] GET /api/notifications/count-unread
Error: connect ECONNREFUSED 127.0.0.1:1428
    at NotificationRepository.countUnreadByUserId (file:///D:/E-LearnigLocal/backend/src/repositories/notification.repository.js:118:31)
    at NotificationService.countUnreadNotifications (file:///D:/E-LearnigLocal/backend/src/services/notification.service.js:113:41)
    at countUnread (file:///D:/E-LearnigLocal/backend/src/controllers/notification.controller.js:152:47)
    at Layer.handle [as handle_request] (D:\E-LearnigLocal\backend\node_modules\express\lib\router\layer.js:95:5)
    at next (D:\E-LearnigLocal\backend\node_modules\express\lib\router\route.js:149:13)
    at authMiddleware (file:///D:/E-LearnigLocal/backend/src/middlewares/auth.middleware.js:36:5)
    at Layer.handle [as handle_request] (D:\E-LearnigLocal\backend\node_modules\express\lib\router\layer.js:95:5)
    at next (D:\E-LearnigLocal\backend\node_modules\express\lib\router\route.js:149:13)
    at Route.dispatch (D:\E-LearnigLocal\backend\node_modules\express\lib\router\route.js:119:3)
    at Layer.handle [as handle_request] (D:\E-LearnigLocal\backend\node_modules\express\lib\router\layer.js:95:5) {
  errno: -4078,
  code: 'ECONNREFUSED',
  syscall: 'connect',
  address: '127.0.0.1',
  port: 1428,
  fatal: true
}
[0mGET /api/notifications/count-unread [31m500[0m 6.496 ms - 76[0m
[07/09/2026 08:49:16] OPTIONS /api/notifications/count-unread
[07/09/2026 08:49:16] GET /api/notifications/count-unread
Error: connect ECONNREFUSED 127.0.0.1:1428
    at NotificationRepository.countUnreadByUserId (file:///D:/E-LearnigLocal/backend/src/repositories/notification.repository.js:118:31)
    at NotificationService.countUnreadNotifications (file:///D:/E-LearnigLocal/backend/src/services/notification.service.js:113:41)
    at countUnread (file:///D:/E-LearnigLocal/backend/src/controllers/notification.controller.js:152:47)
    at Layer.handle [as handle_request] (D:\E-LearnigLocal\backend\node_modules\express\lib\router\layer.js:95:5)
    at next (D:\E-LearnigLocal\backend\node_modules\express\lib\router\route.js:149:13)
    at authMiddleware (file:///D:/E-LearnigLocal/backend/src/middlewares/auth.middleware.js:36:5)
    at Layer.handle [as handle_request] (D:\E-LearnigLocal\backend\node_modules\express\lib\router\layer.js:95:5)
    at next (D:\E-LearnigLocal\backend\node_modules\express\lib\router\route.js:149:13)
    at Route.dispatch (D:\E-LearnigLocal\backend\node_modules\express\lib\router\route.js:119:3)
    at Layer.handle [as handle_request] (D:\E-LearnigLocal\backend\node_modules\express\lib\router\layer.js:95:5) {
  errno: -4078,
  code: 'ECONNREFUSED',
  syscall: 'connect',
  address: '127.0.0.1',
  port: 1428,
  fatal: true
}
[0mGET /api/notifications/count-unread [31m500[0m 3.510 ms - 76[0m
[07/09/2026 08:50:16] OPTIONS /api/notifications/count-unread
[07/09/2026 08:50:16] GET /api/notifications/count-unread
Error: connect ECONNREFUSED 127.0.0.1:1428
    at NotificationRepository.countUnreadByUserId (file:///D:/E-LearnigLocal/backend/src/repositories/notification.repository.js:118:31)
    at NotificationService.countUnreadNotifications (file:///D:/E-LearnigLocal/backend/src/services/notification.service.js:113:41)
    at countUnread (file:///D:/E-LearnigLocal/backend/src/controllers/notification.controller.js:152:47)
    at Layer.handle [as handle_request] (D:\E-LearnigLocal\backend\node_modules\express\lib\router\layer.js:95:5)
    at next (D:\E-LearnigLocal\backend\node_modules\express\lib\router\route.js:149:13)
    at authMiddleware (file:///D:/E-LearnigLocal/backend/src/middlewares/auth.middleware.js:36:5)
    at Layer.handle [as handle_request] (D:\E-LearnigLocal\backend\node_modules\express\lib\router\layer.js:95:5)
    at next (D:\E-LearnigLocal\backend\node_modules\express\lib\router\route.js:149:13)
    at Route.dispatch (D:\E-LearnigLocal\backend\node_modules\express\lib\router\route.js:119:3)
    at Layer.handle [as handle_request] (D:\E-LearnigLocal\backend\node_modules\express\lib\router\layer.js:95:5) {
  errno: -4078,
  code: 'ECONNREFUSED',
  syscall: 'connect',
  address: '127.0.0.1',
  port: 1428,
  fatal: true
}
[0mGET /api/notifications/count-unread [31m500[0m 3.567 ms - 76[0m
[07/09/2026 08:51:02] POST /api/auth/login
[0mPOST /api/auth/login [32m200[0m 1057.099 ms - 384[0m
[07/09/2026 08:51:12] OPTIONS /api/auth/login
[07/09/2026 08:51:12] POST /api/auth/login
[0mPOST /api/auth/login [32m200[0m 428.250 ms - 384[0m
[07/09/2026 08:51:13] OPTIONS /api/notifications/count-unread
[07/09/2026 08:51:13] OPTIONS /api/notifications/count-unread
[07/09/2026 08:51:13] OPTIONS /api/formations
[07/09/2026 08:51:13] OPTIONS /api/notifications/count-unread
[07/09/2026 08:51:13] OPTIONS /api/formations
[07/09/2026 08:51:13] GET /api/notifications/count-unread
[07/09/2026 08:51:13] GET /api/formations
[0mGET /api/notifications/count-unread [32m200[0m 173.327 ms - 106[0m
[07/09/2026 08:51:13] GET /api/notifications/count-unread
[0mGET /api/notifications/count-unread [36m304[0m 194.981 ms - -[0m
[07/09/2026 08:51:13] GET /api/notifications/count-unread
[0mGET /api/formations [32m200[0m 599.802 ms - -[0m
[0mGET /api/notifications/count-unread [36m304[0m 174.911 ms - -[0m
[07/09/2026 08:51:14] GET /api/formations
[07/09/2026 08:51:14] GET /api/notifications/count-unread
[0mGET /api/formations [36m304[0m 167.454 ms - -[0m
[0mGET /api/notifications/count-unread [36m304[0m 164.347 ms - -[0m
[07/09/2026 08:51:14] OPTIONS /api/auth/me
[07/09/2026 08:51:14] OPTIONS /api/auth/me
[07/09/2026 08:51:14] GET /api/auth/me
[0mGET /api/auth/me [32m200[0m 348.317 ms - 163[0m
[07/09/2026 08:51:14] GET /api/auth/me
[0mGET /api/auth/me [36m304[0m 171.078 ms - -[0m
[07/09/2026 08:51:15] OPTIONS /api/formations/6
[07/09/2026 08:51:15] OPTIONS /api/formations/6
[07/09/2026 08:51:15] GET /api/formations/6
[0mGET /api/formations/6 [32m200[0m 216.982 ms - 371[0m
[07/09/2026 08:51:15] GET /api/formations/6
[07/09/2026 08:51:15] OPTIONS /api/chapters/formation/6
[07/09/2026 08:51:15] GET /api/chapters/formation/6
[0mGET /api/formations/6 [36m304[0m 166.305 ms - -[0m
[0mGET /api/chapters/formation/6 [32m200[0m 399.965 ms - 231[0m
[07/09/2026 08:51:15] GET /api/chapters/formation/6
[07/09/2026 08:51:15] OPTIONS /api/quizzes/chapter/13
[07/09/2026 08:51:15] OPTIONS /api/quizzes/chapter/13
[07/09/2026 08:51:15] GET /api/quizzes/chapter/13
[07/09/2026 08:51:15] OPTIONS /api/sections/chapter/13
[07/09/2026 08:51:15] GET /api/sections/chapter/13
[0mGET /api/chapters/formation/6 [36m304[0m 428.598 ms - -[0m
[0mGET /api/quizzes/chapter/13 [32m200[0m 595.563 ms - 70[0m
[07/09/2026 08:51:16] GET /api/quizzes/chapter/13
[07/09/2026 08:51:16] OPTIONS /api/notifications/count-unread
[07/09/2026 08:51:16] GET /api/notifications/count-unread
[0mGET /api/sections/chapter/13 [32m200[0m 930.735 ms - 399[0m
[07/09/2026 08:51:16] OPTIONS /api/sous-sections/section/22
[07/09/2026 08:51:16] GET /api/sous-sections/section/22
[0mGET /api/notifications/count-unread [32m200[0m 180.659 ms - 106[0m
[0mGET /api/quizzes/chapter/13 [36m304[0m 520.049 ms - -[0m
[07/09/2026 08:51:17] GET /api/files/4-1788723550641-test-image.png?token=eyJhbGciOiJIUzI1NiIsInR5cCI6IkpXVCJ9.eyJpZCI6NCwicm9sZSI6IkZvcm1hdGV1ciIsImVtYWlsIjoiamVhbi5wYXVsQHR1dG9yZS5sb2NhbCIsImlhdCI6MTc4ODc2NzQ3MywiZXhwIjoxNzg4ODUzODczfQ.ZPf6ZjCVdLV5Acg8ljYW33Ww_FBjYQ0p32oseb-bTdg
[07/09/2026 08:51:17] OPTIONS /api/files/upload
[07/09/2026 08:51:17] POST /api/files/upload
[0mPOST /api/files/upload [32m201[0m 4.534 ms - 192[0m
[0mGET /api/files/4-1788723550641-test-image.png?token=eyJhbGciOiJIUzI1NiIsInR5cCI6IkpXVCJ9.eyJpZCI6NCwicm9sZSI6IkZvcm1hdGV1ciIsImVtYWlsIjoiamVhbi5wYXVsQHR1dG9yZS5sb2NhbCIsImlhdCI6MTc4ODc2NzQ3MywiZXhwIjoxNzg4ODUzODczfQ.ZPf6ZjCVdLV5Acg8ljYW33Ww_FBjYQ0p32oseb-bTdg [32m200[0m 493.453 ms - 70[0m
[0mGET /api/sous-sections/section/22 [32m200[0m 908.007 ms - 167[0m
[07/09/2026 08:52:16] OPTIONS /api/notifications/count-unread
[07/09/2026 08:52:16] GET /api/notifications/count-unread
[0mGET /api/notifications/count-unread [36m304[0m 173.220 ms - -[0m
[07/09/2026 08:53:16] OPTIONS /api/notifications/count-unread
[07/09/2026 08:53:16] GET /api/notifications/count-unread
[0mGET /api/notifications/count-unread [36m304[0m 260.018 ms - -[0m
[07/09/2026 08:54:16] OPTIONS /api/notifications/count-unread
[07/09/2026 08:54:16] GET /api/notifications/count-unread
[0mGET /api/notifications/count-unread [36m304[0m 378.071 ms - -[0m
[07/09/2026 08:55:16] OPTIONS /api/notifications/count-unread
[07/09/2026 08:55:16] GET /api/notifications/count-unread
[0mGET /api/notifications/count-unread [36m304[0m 7836.444 ms - -[0m
[07/09/2026 08:56:16] OPTIONS /api/notifications/count-unread
[07/09/2026 08:56:16] GET /api/notifications/count-unread
[0mGET /api/notifications/count-unread [36m304[0m 698.268 ms - -[0m
[07/09/2026 08:57:16] OPTIONS /api/notifications/count-unread
[07/09/2026 08:57:16] GET /api/notifications/count-unread
[0mGET /api/notifications/count-unread [36m304[0m 168.962 ms - -[0m
[07/09/2026 08:58:14] OPTIONS /api/notifications/count-unread
[07/09/2026 08:58:14] GET /api/notifications/count-unread
[0mGET /api/notifications/count-unread [36m304[0m 174.869 ms - -[0m
[07/09/2026 08:59:14] OPTIONS /api/notifications/count-unread
[07/09/2026 08:59:14] GET /api/notifications/count-unread
[0mGET /api/notifications/count-unread [36m304[0m 190.491 ms - -[0m
[07/09/2026 09:00:14] OPTIONS /api/notifications/count-unread
[07/09/2026 09:00:14] GET /api/notifications/count-unread
[0mGET /api/notifications/count-unread [36m304[0m 1135.718 ms - -[0m
[07/09/2026 09:01:14] OPTIONS /api/notifications/count-unread
[07/09/2026 09:01:14] GET /api/notifications/count-unread
[0mGET /api/notifications/count-unread [36m304[0m 195.891 ms - -[0m
[07/09/2026 09:02:14] OPTIONS /api/notifications/count-unread
[07/09/2026 09:02:14] GET /api/notifications/count-unread
[0mGET /api/notifications/count-unread [36m304[0m 180.695 ms - -[0m
[07/09/2026 09:02:47] OPTIONS /api/auth/login
[07/09/2026 09:02:47] POST /api/auth/login
[0mPOST /api/auth/login [32m200[0m 604.898 ms - 384[0m
[07/09/2026 09:02:48] OPTIONS /api/notifications/count-unread
[07/09/2026 09:02:48] OPTIONS /api/notifications/count-unread
[07/09/2026 09:02:48] OPTIONS /api/formations
[07/09/2026 09:02:48] OPTIONS /api/formations
[07/09/2026 09:02:48] GET /api/notifications/count-unread
[07/09/2026 09:02:48] GET /api/formations
[0mGET /api/notifications/count-unread [32m200[0m 181.528 ms - 106[0m
[07/09/2026 09:02:48] GET /api/notifications/count-unread
[0mGET /api/notifications/count-unread [36m304[0m 178.987 ms - -[0m
[07/09/2026 09:02:48] GET /api/notifications/count-unread
[0mGET /api/formations [32m200[0m 542.357 ms - -[0m
[07/09/2026 09:02:48] GET /api/formations
[0mGET /api/notifications/count-unread [36m304[0m 183.725 ms - -[0m
[07/09/2026 09:02:49] GET /api/notifications/count-unread
[0mGET /api/formations [36m304[0m 180.662 ms - -[0m
[0mGET /api/notifications/count-unread [36m304[0m 176.726 ms - -[0m
[07/09/2026 09:02:49] OPTIONS /api/auth/me
[07/09/2026 09:02:49] OPTIONS /api/auth/me
[07/09/2026 09:02:49] GET /api/auth/me
[0mGET /api/auth/me [32m200[0m 337.082 ms - 163[0m
[07/09/2026 09:02:49] GET /api/auth/me
[0mGET /api/auth/me [36m304[0m 167.860 ms - -[0m
[07/09/2026 09:02:49] OPTIONS /api/formations/6
[07/09/2026 09:02:49] OPTIONS /api/formations/6
[07/09/2026 09:02:49] GET /api/formations/6
[0mGET /api/formations/6 [32m200[0m 160.833 ms - 371[0m
[07/09/2026 09:02:49] GET /api/formations/6
[07/09/2026 09:02:49] OPTIONS /api/chapters/formation/6
[07/09/2026 09:02:49] GET /api/chapters/formation/6
[0mGET /api/formations/6 [36m304[0m 167.947 ms - -[0m
[0mGET /api/chapters/formation/6 [32m200[0m 340.539 ms - 231[0m
[07/09/2026 09:02:50] GET /api/chapters/formation/6
[07/09/2026 09:02:50] OPTIONS /api/quizzes/chapter/13
[07/09/2026 09:02:50] OPTIONS /api/quizzes/chapter/13
[07/09/2026 09:02:50] GET /api/quizzes/chapter/13
[07/09/2026 09:02:50] OPTIONS /api/sections/chapter/13
[07/09/2026 09:02:50] GET /api/sections/chapter/13
[0mGET /api/chapters/formation/6 [36m304[0m 352.502 ms - -[0m
[0mGET /api/quizzes/chapter/13 [32m200[0m 505.681 ms - 70[0m
[07/09/2026 09:02:50] GET /api/quizzes/chapter/13
[0mGET /api/sections/chapter/13 [32m200[0m 848.680 ms - 399[0m
[07/09/2026 09:02:51] OPTIONS /api/sous-sections/section/22
[07/09/2026 09:02:51] GET /api/sous-sections/section/22
[0mGET /api/quizzes/chapter/13 [36m304[0m 515.676 ms - -[0m
[07/09/2026 09:02:51] OPTIONS /api/files/upload
[07/09/2026 09:02:51] POST /api/files/upload
[0mPOST /api/files/upload [32m201[0m 10.058 ms - 192[0m
[0mGET /api/sous-sections/section/22 [32m200[0m 644.630 ms - 167[0m
[07/09/2026 09:03:14] OPTIONS /api/notifications/count-unread
[07/09/2026 09:03:14] GET /api/notifications/count-unread
[0mGET /api/notifications/count-unread [36m304[0m 3982.682 ms - -[0m
[07/09/2026 09:04:14] OPTIONS /api/notifications/count-unread
[07/09/2026 09:04:14] GET /api/notifications/count-unread
[0mGET /api/notifications/count-unread [36m304[0m 2490.331 ms - -[0m
[07/09/2026 09:05:14] OPTIONS /api/notifications/count-unread
[07/09/2026 09:05:14] GET /api/notifications/count-unread
[0mGET /api/notifications/count-unread [36m304[0m 939.344 ms - -[0m
[07/09/2026 09:06:14] OPTIONS /api/notifications/count-unread
[07/09/2026 09:06:14] GET /api/notifications/count-unread
[0mGET /api/notifications/count-unread [36m304[0m 166.225 ms - -[0m
[07/09/2026 09:07:08] OPTIONS /api/auth/login
[07/09/2026 09:07:08] POST /api/auth/login
[0mPOST /api/auth/login [32m200[0m 592.057 ms - 384[0m
[07/09/2026 09:07:09] OPTIONS /api/notifications/count-unread
[07/09/2026 09:07:09] OPTIONS /api/notifications/count-unread
[07/09/2026 09:07:09] OPTIONS /api/formations
[07/09/2026 09:07:09] GET /api/notifications/count-unread
[07/09/2026 09:07:09] GET /api/formations
[0mGET /api/notifications/count-unread [32m200[0m 171.803 ms - 106[0m
[07/09/2026 09:07:09] GET /api/notifications/count-unread
[0mGET /api/notifications/count-unread [36m304[0m 158.840 ms - -[0m
[07/09/2026 09:07:09] GET /api/notifications/count-unread
[0mGET /api/formations [32m200[0m 570.154 ms - -[0m
[0mGET /api/notifications/count-unread [36m304[0m 172.442 ms - -[0m
[07/09/2026 09:07:10] GET /api/formations
[07/09/2026 09:07:10] GET /api/notifications/count-unread
[07/09/2026 09:07:10] OPTIONS /api/auth/me
[07/09/2026 09:07:10] OPTIONS /api/auth/me
[07/09/2026 09:07:10] GET /api/auth/me
[0mGET /api/formations [36m304[0m 165.142 ms - -[0m
[0mGET /api/notifications/count-unread [36m304[0m 186.723 ms - -[0m
[0mGET /api/auth/me [32m200[0m 681.745 ms - 163[0m
[07/09/2026 09:07:10] GET /api/auth/me
[0mGET /api/auth/me [36m304[0m 159.923 ms - -[0m
[07/09/2026 09:07:11] OPTIONS /api/formations/6
[07/09/2026 09:07:11] OPTIONS /api/formations/6
[07/09/2026 09:07:11] GET /api/formations/6
[0mGET /api/formations/6 [32m200[0m 177.327 ms - 371[0m
[07/09/2026 09:07:11] GET /api/formations/6
[07/09/2026 09:07:11] OPTIONS /api/chapters/formation/6
[07/09/2026 09:07:11] GET /api/chapters/formation/6
[0mGET /api/formations/6 [36m304[0m 172.666 ms - -[0m
[0mGET /api/chapters/formation/6 [32m200[0m 337.954 ms - 231[0m
[07/09/2026 09:07:11] GET /api/chapters/formation/6
[07/09/2026 09:07:11] OPTIONS /api/quizzes/chapter/13
[07/09/2026 09:07:11] OPTIONS /api/quizzes/chapter/13
[07/09/2026 09:07:11] GET /api/quizzes/chapter/13
[07/09/2026 09:07:11] OPTIONS /api/sections/chapter/13
[07/09/2026 09:07:11] GET /api/sections/chapter/13
[0mGET /api/chapters/formation/6 [36m304[0m 329.663 ms - -[0m
[0mGET /api/quizzes/chapter/13 [32m200[0m 557.849 ms - 70[0m
[07/09/2026 09:07:12] GET /api/quizzes/chapter/13
[0mGET /api/sections/chapter/13 [32m200[0m 588.054 ms - 399[0m
[07/09/2026 09:07:12] OPTIONS /api/sous-sections/section/22
[07/09/2026 09:07:12] GET /api/sous-sections/section/22
[0mGET /api/quizzes/chapter/13 [36m304[0m 527.403 ms - -[0m
[07/09/2026 09:07:13] OPTIONS /api/files/upload
[07/09/2026 09:07:13] POST /api/files/upload
[0mPOST /api/files/upload [32m201[0m 3.671 ms - 187[0m
[0mGET /api/sous-sections/section/22 [32m200[0m 768.295 ms - 167[0m
[07/09/2026 09:07:14] OPTIONS /api/notifications/count-unread
[07/09/2026 09:07:14] GET /api/notifications/count-unread
[0mGET /api/notifications/count-unread [36m304[0m 227.378 ms - -[0m
[07/09/2026 09:08:14] OPTIONS /api/notifications/count-unread
[07/09/2026 09:08:14] GET /api/notifications/count-unread
[0mGET /api/notifications/count-unread [36m304[0m 164.554 ms - -[0m
[07/09/2026 09:09:14] OPTIONS /api/notifications/count-unread
[07/09/2026 09:09:14] GET /api/notifications/count-unread
[0mGET /api/notifications/count-unread [36m304[0m 169.795 ms - -[0m
[07/09/2026 09:09:19] GET /api/files/4-1788723550641-test-image.png
[0mGET /api/files/4-1788723550641-test-image.png [33m401[0m 0.274 ms - 78[0m
[07/09/2026 09:10:14] OPTIONS /api/notifications/count-unread
[07/09/2026 09:10:14] GET /api/notifications/count-unread
[0mGET /api/notifications/count-unread [36m304[0m 270.249 ms - -[0m
[07/09/2026 09:10:56] OPTIONS /api/auth/login
[07/09/2026 09:10:56] POST /api/auth/login
[0mPOST /api/auth/login [32m200[0m 402.171 ms - 384[0m
[07/09/2026 09:10:56] OPTIONS /api/notifications/count-unread
[07/09/2026 09:10:56] OPTIONS /api/notifications/count-unread
[07/09/2026 09:10:56] OPTIONS /api/formations
[07/09/2026 09:10:56] GET /api/notifications/count-unread
[07/09/2026 09:10:56] GET /api/formations
[0mGET /api/notifications/count-unread [32m200[0m 181.549 ms - 106[0m
[07/09/2026 09:10:56] GET /api/notifications/count-unread
[0mGET /api/notifications/count-unread [36m304[0m 207.925 ms - -[0m
[07/09/2026 09:10:57] GET /api/notifications/count-unread
[0mGET /api/notifications/count-unread [36m304[0m 170.324 ms - -[0m
[0mGET /api/formations [32m200[0m 611.648 ms - -[0m
[07/09/2026 09:10:57] GET /api/notifications/count-unread
[07/09/2026 09:10:57] GET /api/formations
[07/09/2026 09:10:57] OPTIONS /api/auth/me
[07/09/2026 09:10:57] OPTIONS /api/auth/me
[07/09/2026 09:10:57] GET /api/auth/me
[0mGET /api/notifications/count-unread [36m304[0m 211.132 ms - -[0m
[0mGET /api/formations [36m304[0m 257.651 ms - -[0m
[0mGET /api/auth/me [32m200[0m 768.430 ms - 163[0m
[07/09/2026 09:10:58] GET /api/auth/me
[0mGET /api/auth/me [36m304[0m 167.990 ms - -[0m
[07/09/2026 09:10:58] OPTIONS /api/formations/6
[07/09/2026 09:10:58] OPTIONS /api/formations/6
[07/09/2026 09:10:58] GET /api/formations/6
[0mGET /api/formations/6 [32m200[0m 195.616 ms - 371[0m
[07/09/2026 09:10:58] GET /api/formations/6
[07/09/2026 09:10:58] OPTIONS /api/chapters/formation/6
[07/09/2026 09:10:58] GET /api/chapters/formation/6
[0mGET /api/formations/6 [36m304[0m 189.037 ms - -[0m
[0mGET /api/chapters/formation/6 [32m200[0m 390.091 ms - 231[0m
[07/09/2026 09:10:59] GET /api/chapters/formation/6
[07/09/2026 09:10:59] OPTIONS /api/quizzes/chapter/13
[07/09/2026 09:10:59] OPTIONS /api/quizzes/chapter/13
[07/09/2026 09:10:59] GET /api/quizzes/chapter/13
[07/09/2026 09:10:59] OPTIONS /api/sections/chapter/13
[07/09/2026 09:10:59] GET /api/sections/chapter/13
[0mGET /api/chapters/formation/6 [36m304[0m 588.473 ms - -[0m
[0mGET /api/quizzes/chapter/13 [32m200[0m 718.106 ms - 70[0m
[07/09/2026 09:10:59] GET /api/quizzes/chapter/13
[0mGET /api/sections/chapter/13 [32m200[0m 521.955 ms - 399[0m
[07/09/2026 09:11:00] OPTIONS /api/sous-sections/section/22
[07/09/2026 09:11:00] GET /api/sous-sections/section/22
[07/09/2026 09:11:00] GET /api/files/4-1788723550641-test-image.png
[0mGET /api/files/4-1788723550641-test-image.png [33m401[0m 0.198 ms - 78[0m
[07/09/2026 09:11:00] GET /api/files/4-1788723550641-test-image.png?token=eyJhbGciOiJIUzI1NiIsInR5cCI6IkpXVCJ9.eyJpZCI6NCwicm9sZSI6IkZvcm1hdGV1ciIsImVtYWlsIjoiamVhbi5wYXVsQHR1dG9yZS5sb2NhbCIsImlhdCI6MTc4ODc2ODY1NiwiZXhwIjoxNzg4ODU1MDU2fQ.cys00aKz8B2yQCQ1X9z5uPvSSU-fSKeInEN_Sf9rHZE
[0mGET /api/quizzes/chapter/13 [36m304[0m 552.511 ms - -[0m
[07/09/2026 09:11:00] GET /api/files/4-1788723550641-test-image.png
[0mGET /api/files/4-1788723550641-test-image.png [33m401[0m 0.764 ms - 78[0m
[07/09/2026 09:11:00] GET /api/files/4-1788723550641-test-image.png
[0mGET /api/files/4-1788723550641-test-image.png [33m401[0m 0.308 ms - 78[0m
[0mGET /api/sous-sections/section/22 [32m200[0m 727.407 ms - 167[0m
[0mGET /api/files/4-1788723550641-test-image.png?token=eyJhbGciOiJIUzI1NiIsInR5cCI6IkpXVCJ9.eyJpZCI6NCwicm9sZSI6IkZvcm1hdGV1ciIsImVtYWlsIjoiamVhbi5wYXVsQHR1dG9yZS5sb2NhbCIsImlhdCI6MTc4ODc2ODY1NiwiZXhwIjoxNzg4ODU1MDU2fQ.cys00aKz8B2yQCQ1X9z5uPvSSU-fSKeInEN_Sf9rHZE [32m200[0m 776.560 ms - 70[0m
[07/09/2026 09:11:14] OPTIONS /api/notifications/count-unread
[07/09/2026 09:11:14] GET /api/notifications/count-unread
[0mGET /api/notifications/count-unread [36m304[0m 269.192 ms - -[0m
[07/09/2026 09:11:50] OPTIONS /api/auth/login
[07/09/2026 09:11:50] POST /api/auth/login
[0mPOST /api/auth/login [32m200[0m 645.149 ms - 384[0m
[07/09/2026 09:11:51] OPTIONS /api/notifications/count-unread
[07/09/2026 09:11:51] OPTIONS /api/notifications/count-unread
[07/09/2026 09:11:51] OPTIONS /api/formations
[07/09/2026 09:11:51] GET /api/notifications/count-unread
[07/09/2026 09:11:51] GET /api/formations
[0mGET /api/notifications/count-unread [32m200[0m 214.043 ms - 106[0m
[07/09/2026 09:11:51] GET /api/notifications/count-unread
[0mGET /api/formations [32m200[0m 213.910 ms - -[0m
[07/09/2026 09:11:51] GET /api/formations
[07/09/2026 09:11:51] OPTIONS /api/quizzes
[07/09/2026 09:11:51] GET /api/quizzes
[0mGET /api/notifications/count-unread [36m304[0m 171.871 ms - -[0m
[0mGET /api/formations [36m304[0m 181.708 ms - -[0m
[07/09/2026 09:11:51] GET /api/notifications/count-unread
[0mGET /api/quizzes [32m200[0m 171.506 ms - -[0m
[0mGET /api/notifications/count-unread [36m304[0m 168.232 ms - -[0m
[07/09/2026 09:11:51] GET /api/notifications/count-unread
[07/09/2026 09:11:51] OPTIONS /api/auth/me
[07/09/2026 09:11:51] OPTIONS /api/auth/me
[07/09/2026 09:11:51] GET /api/auth/me
[0mGET /api/notifications/count-unread [36m304[0m 168.146 ms - -[0m
[0mGET /api/auth/me [32m200[0m 158.636 ms - 163[0m
[07/09/2026 09:11:52] GET /api/auth/me
[0mGET /api/auth/me [36m304[0m 166.719 ms - -[0m
[07/09/2026 09:11:52] OPTIONS /api/formations/6
[07/09/2026 09:11:52] OPTIONS /api/formations/6
[07/09/2026 09:11:52] GET /api/formations/6
[0mGET /api/formations/6 [32m200[0m 165.487 ms - 371[0m
[07/09/2026 09:11:52] GET /api/formations/6
[07/09/2026 09:11:52] OPTIONS /api/chapters/formation/6
[07/09/2026 09:11:52] GET /api/chapters/formation/6
[0mGET /api/formations/6 [36m304[0m 160.576 ms - -[0m
[0mGET /api/chapters/formation/6 [32m200[0m 322.303 ms - 231[0m
[07/09/2026 09:11:52] GET /api/chapters/formation/6
[07/09/2026 09:11:52] OPTIONS /api/quizzes/chapter/13
[07/09/2026 09:11:52] OPTIONS /api/quizzes/chapter/13
[07/09/2026 09:11:52] GET /api/quizzes/chapter/13
[07/09/2026 09:11:52] OPTIONS /api/sections/chapter/13
[07/09/2026 09:11:52] GET /api/sections/chapter/13
[0mGET /api/chapters/formation/6 [36m304[0m 328.205 ms - -[0m
[0mGET /api/quizzes/chapter/13 [32m200[0m 502.563 ms - 70[0m
[07/09/2026 09:11:53] GET /api/quizzes/chapter/13
[0mGET /api/sections/chapter/13 [32m200[0m 501.883 ms - 399[0m
[07/09/2026 09:11:53] OPTIONS /api/sous-sections/section/22
[07/09/2026 09:11:53] GET /api/sous-sections/section/22
[07/09/2026 09:11:53] GET /api/files/4-1788723550641-test-image.png?token=eyJhbGciOiJIUzI1NiIsInR5cCI6IkpXVCJ9.eyJpZCI6NCwicm9sZSI6IkZvcm1hdGV1ciIsImVtYWlsIjoiamVhbi5wYXVsQHR1dG9yZS5sb2NhbCIsImlhdCI6MTc4ODc2ODcxMSwiZXhwIjoxNzg4ODU1MTExfQ.A3-2RIX_Gg7ErPXjSbwYcnvTrITTbfoQfJjpqvQcAcM
[07/09/2026 09:11:53] GET /api/files/4-1788723550641-test-image.png
[0mGET /api/files/4-1788723550641-test-image.png [33m401[0m 0.226 ms - 78[0m
[0mGET /api/quizzes/chapter/13 [36m304[0m 519.723 ms - -[0m
[07/09/2026 09:11:53] GET /api/files/4-1788723550641-test-image.png
[0mGET /api/files/4-1788723550641-test-image.png [33m401[0m 0.327 ms - 78[0m
[0mGET /api/files/4-1788723550641-test-image.png?token=eyJhbGciOiJIUzI1NiIsInR5cCI6IkpXVCJ9.eyJpZCI6NCwicm9sZSI6IkZvcm1hdGV1ciIsImVtYWlsIjoiamVhbi5wYXVsQHR1dG9yZS5sb2NhbCIsImlhdCI6MTc4ODc2ODcxMSwiZXhwIjoxNzg4ODU1MTExfQ.A3-2RIX_Gg7ErPXjSbwYcnvTrITTbfoQfJjpqvQcAcM [32m200[0m 330.377 ms - 70[0m
[0mGET /api/sous-sections/section/22 [32m200[0m 716.432 ms - 167[0m
[07/09/2026 09:12:14] OPTIONS /api/notifications/count-unread
[07/09/2026 09:12:14] GET /api/notifications/count-unread
[0mGET /api/notifications/count-unread [36m304[0m 266.798 ms - -[0m
[07/09/2026 09:13:14] OPTIONS /api/notifications/count-unread
[07/09/2026 09:13:14] GET /api/notifications/count-unread
[0mGET /api/notifications/count-unread [36m304[0m 177.183 ms - -[0m
[07/09/2026 09:14:14] OPTIONS /api/notifications/count-unread
[07/09/2026 09:14:14] GET /api/notifications/count-unread
[0mGET /api/notifications/count-unread [36m304[0m 188.311 ms - -[0m
[07/09/2026 09:14:27] OPTIONS /api/notifications/count-unread
[07/09/2026 09:14:27] GET /api/notifications/count-unread
[0mGET /api/notifications/count-unread [36m304[0m 298.754 ms - -[0m
[07/09/2026 09:14:42] OPTIONS /api/notifications/count-unread
[07/09/2026 09:14:42] GET /api/notifications/count-unread
[0mGET /api/notifications/count-unread [36m304[0m 661.138 ms - -[0m
[07/09/2026 09:14:57] OPTIONS /api/notifications/count-unread
[07/09/2026 09:14:57] GET /api/notifications/count-unread
[0mGET /api/notifications/count-unread [36m304[0m 206.465 ms - -[0m
[07/09/2026 09:15:12] OPTIONS /api/notifications/count-unread
[07/09/2026 09:15:12] GET /api/notifications/count-unread
[0mGET /api/notifications/count-unread [36m304[0m 184.567 ms - -[0m
[07/09/2026 09:16:14] OPTIONS /api/notifications/count-unread
[07/09/2026 09:16:14] GET /api/notifications/count-unread
[0mGET /api/notifications/count-unread [36m304[0m 956.147 ms - -[0m
[07/09/2026 09:17:14] OPTIONS /api/notifications/count-unread
[07/09/2026 09:17:14] GET /api/notifications/count-unread
[0mGET /api/notifications/count-unread [36m304[0m 8410.081 ms - -[0m
[07/09/2026 09:18:14] OPTIONS /api/notifications/count-unread
[07/09/2026 09:18:14] GET /api/notifications/count-unread
Error: read ECONNRESET
    at NotificationRepository.countUnreadByUserId (file:///D:/E-LearnigLocal/backend/src/repositories/notification.repository.js:118:31)
    at NotificationService.countUnreadNotifications (file:///D:/E-LearnigLocal/backend/src/services/notification.service.js:113:41)
    at countUnread (file:///D:/E-LearnigLocal/backend/src/controllers/notification.controller.js:152:47)
    at Layer.handle [as handle_request] (D:\E-LearnigLocal\backend\node_modules\express\lib\router\layer.js:95:5)
    at next (D:\E-LearnigLocal\backend\node_modules\express\lib\router\route.js:149:13)
    at authMiddleware (file:///D:/E-LearnigLocal/backend/src/middlewares/auth.middleware.js:36:5)
    at Layer.handle [as handle_request] (D:\E-LearnigLocal\backend\node_modules\express\lib\router\layer.js:95:5)
    at next (D:\E-LearnigLocal\backend\node_modules\express\lib\router\route.js:149:13)
    at Route.dispatch (D:\E-LearnigLocal\backend\node_modules\express\lib\router\route.js:119:3)
    at Layer.handle [as handle_request] (D:\E-LearnigLocal\backend\node_modules\express\lib\router\layer.js:95:5) {
  errno: -4077,
  code: 'ECONNRESET',
  syscall: 'read',
  fatal: true
}
[0mGET /api/notifications/count-unread [31m500[0m 30964.121 ms - 76[0m
[07/09/2026 09:19:14] OPTIONS /api/notifications/count-unread
[07/09/2026 09:19:14] GET /api/notifications/count-unread
Error: connect ECONNREFUSED 127.0.0.1:1428
    at NotificationRepository.countUnreadByUserId (file:///D:/E-LearnigLocal/backend/src/repositories/notification.repository.js:118:31)
    at NotificationService.countUnreadNotifications (file:///D:/E-LearnigLocal/backend/src/services/notification.service.js:113:41)
    at countUnread (file:///D:/E-LearnigLocal/backend/src/controllers/notification.controller.js:152:47)
    at Layer.handle [as handle_request] (D:\E-LearnigLocal\backend\node_modules\express\lib\router\layer.js:95:5)
    at next (D:\E-LearnigLocal\backend\node_modules\express\lib\router\route.js:149:13)
    at authMiddleware (file:///D:/E-LearnigLocal/backend/src/middlewares/auth.middleware.js:36:5)
    at Layer.handle [as handle_request] (D:\E-LearnigLocal\backend\node_modules\express\lib\router\layer.js:95:5)
    at next (D:\E-LearnigLocal\backend\node_modules\express\lib\router\route.js:149:13)
    at Route.dispatch (D:\E-LearnigLocal\backend\node_modules\express\lib\router\route.js:119:3)
    at Layer.handle [as handle_request] (D:\E-LearnigLocal\backend\node_modules\express\lib\router\layer.js:95:5) {
  errno: -4078,
  code: 'ECONNREFUSED',
  syscall: 'connect',
  address: '127.0.0.1',
  port: 1428,
  fatal: true
}
[0mGET /api/notifications/count-unread [31m500[0m 7.729 ms - 76[0m
[07/09/2026 09:20:14] OPTIONS /api/notifications/count-unread
[07/09/2026 09:20:14] GET /api/notifications/count-unread
Error: connect ECONNREFUSED 127.0.0.1:1428
    at NotificationRepository.countUnreadByUserId (file:///D:/E-LearnigLocal/backend/src/repositories/notification.repository.js:118:31)
    at NotificationService.countUnreadNotifications (file:///D:/E-LearnigLocal/backend/src/services/notification.service.js:113:41)
    at countUnread (file:///D:/E-LearnigLocal/backend/src/controllers/notification.controller.js:152:47)
    at Layer.handle [as handle_request] (D:\E-LearnigLocal\backend\node_modules\express\lib\router\layer.js:95:5)
    at next (D:\E-LearnigLocal\backend\node_modules\express\lib\router\route.js:149:13)
    at authMiddleware (file:///D:/E-LearnigLocal/backend/src/middlewares/auth.middleware.js:36:5)
    at Layer.handle [as handle_request] (D:\E-LearnigLocal\backend\node_modules\express\lib\router\layer.js:95:5)
    at next (D:\E-LearnigLocal\backend\node_modules\express\lib\router\route.js:149:13)
    at Route.dispatch (D:\E-LearnigLocal\backend\node_modules\express\lib\router\route.js:119:3)
    at Layer.handle [as handle_request] (D:\E-LearnigLocal\backend\node_modules\express\lib\router\layer.js:95:5) {
  errno: -4078,
  code: 'ECONNREFUSED',
  syscall: 'connect',
  address: '127.0.0.1',
  port: 1428,
  fatal: true
}
[0mGET /api/notifications/count-unread [31m500[0m 6.718 ms - 76[0m
[07/09/2026 09:20:25] OPTIONS /api/auth/login
[07/09/2026 09:20:25] POST /api/auth/login
Error: connect ECONNREFUSED 127.0.0.1:1428
    at AuthRepository.findByEmail (file:///D:/E-LearnigLocal/backend/src/repositories/auth.repository.js:25:31)
    at AuthService.login (file:///D:/E-LearnigLocal/backend/src/services/auth.service.js:93:34)
    at login (file:///D:/E-LearnigLocal/backend/src/controllers/auth.controller.js:25:40)
    at Layer.handle [as handle_request] (D:\E-LearnigLocal\backend\node_modules\express\lib\router\layer.js:95:5)
    at next (D:\E-LearnigLocal\backend\node_modules\express\lib\router\route.js:149:13)
    at validate (file:///D:/E-LearnigLocal/backend/src/middlewares/validate.js:23:3)
    at Layer.handle [as handle_request] (D:\E-LearnigLocal\backend\node_modules\express\lib\router\layer.js:95:5)
    at next (D:\E-LearnigLocal\backend\node_modules\express\lib\router\route.js:149:13)
    at middleware (D:\E-LearnigLocal\backend\node_modules\express-validator\lib\middlewares\check.js:16:13)
    at process.processTicksAndRejections (node:internal/process/task_queues:104:5) {
  errno: -4078,
  code: 'ECONNREFUSED',
  syscall: 'connect',
  address: '127.0.0.1',
  port: 1428,
  fatal: true
}
[0mPOST /api/auth/login [31m500[0m 4.013 ms - 76[0m
[07/09/2026 09:20:56] POST /api/auth/login
Error: connect ECONNREFUSED 127.0.0.1:1428
    at AuthRepository.findByEmail (file:///D:/E-LearnigLocal/backend/src/repositories/auth.repository.js:25:31)
    at AuthService.login (file:///D:/E-LearnigLocal/backend/src/services/auth.service.js:93:34)
    at login (file:///D:/E-LearnigLocal/backend/src/controllers/auth.controller.js:25:40)
    at Layer.handle [as handle_request] (D:\E-LearnigLocal\backend\node_modules\express\lib\router\layer.js:95:5)
    at next (D:\E-LearnigLocal\backend\node_modules\express\lib\router\route.js:149:13)
    at validate (file:///D:/E-LearnigLocal/backend/src/middlewares/validate.js:23:3)
    at Layer.handle [as handle_request] (D:\E-LearnigLocal\backend\node_modules\express\lib\router\layer.js:95:5)
    at next (D:\E-LearnigLocal\backend\node_modules\express\lib\router\route.js:149:13)
    at middleware (D:\E-LearnigLocal\backend\node_modules\express-validator\lib\middlewares\check.js:16:13)
    at process.processTicksAndRejections (node:internal/process/task_queues:104:5) {
  errno: -4078,
  code: 'ECONNREFUSED',
  syscall: 'connect',
  address: '127.0.0.1',
  port: 1428,
  fatal: true
}
[0mPOST /api/auth/login [31m500[0m 3.322 ms - 76[0m
[07/09/2026 09:21:14] OPTIONS /api/notifications/count-unread
[07/09/2026 09:21:14] GET /api/notifications/count-unread
Error: connect ECONNREFUSED 127.0.0.1:1428
    at NotificationRepository.countUnreadByUserId (file:///D:/E-LearnigLocal/backend/src/repositories/notification.repository.js:118:31)
    at NotificationService.countUnreadNotifications (file:///D:/E-LearnigLocal/backend/src/services/notification.service.js:113:41)
    at countUnread (file:///D:/E-LearnigLocal/backend/src/controllers/notification.controller.js:152:47)
    at Layer.handle [as handle_request] (D:\E-LearnigLocal\backend\node_modules\express\lib\router\layer.js:95:5)
    at next (D:\E-LearnigLocal\backend\node_modules\express\lib\router\route.js:149:13)
    at authMiddleware (file:///D:/E-LearnigLocal/backend/src/middlewares/auth.middleware.js:36:5)
    at Layer.handle [as handle_request] (D:\E-LearnigLocal\backend\node_modules\express\lib\router\layer.js:95:5)
    at next (D:\E-LearnigLocal\backend\node_modules\express\lib\router\route.js:149:13)
    at Route.dispatch (D:\E-LearnigLocal\backend\node_modules\express\lib\router\route.js:119:3)
    at Layer.handle [as handle_request] (D:\E-LearnigLocal\backend\node_modules\express\lib\router\layer.js:95:5) {
  errno: -4078,
  code: 'ECONNREFUSED',
  syscall: 'connect',
  address: '127.0.0.1',
  port: 1428,
  fatal: true
}
[0mGET /api/notifications/count-unread [31m500[0m 8.999 ms - 76[0m
[07/09/2026 09:22:14] OPTIONS /api/notifications/count-unread
[07/09/2026 09:22:14] GET /api/notifications/count-unread
Error: connect ECONNREFUSED 127.0.0.1:1428
    at NotificationRepository.countUnreadByUserId (file:///D:/E-LearnigLocal/backend/src/repositories/notification.repository.js:118:31)
    at NotificationService.countUnreadNotifications (file:///D:/E-LearnigLocal/backend/src/services/notification.service.js:113:41)
    at countUnread (file:///D:/E-LearnigLocal/backend/src/controllers/notification.controller.js:152:47)
    at Layer.handle [as handle_request] (D:\E-LearnigLocal\backend\node_modules\express\lib\router\layer.js:95:5)
    at next (D:\E-LearnigLocal\backend\node_modules\express\lib\router\route.js:149:13)
    at authMiddleware (file:///D:/E-LearnigLocal/backend/src/middlewares/auth.middleware.js:36:5)
    at Layer.handle [as handle_request] (D:\E-LearnigLocal\backend\node_modules\express\lib\router\layer.js:95:5)
    at next (D:\E-LearnigLocal\backend\node_modules\express\lib\router\route.js:149:13)
    at Route.dispatch (D:\E-LearnigLocal\backend\node_modules\express\lib\router\route.js:119:3)
    at Layer.handle [as handle_request] (D:\E-LearnigLocal\backend\node_modules\express\lib\router\layer.js:95:5) {
  errno: -4078,
  code: 'ECONNREFUSED',
  syscall: 'connect',
  address: '127.0.0.1',
  port: 1428,
  fatal: true
}
[0mGET /api/notifications/count-unread [31m500[0m 5.657 ms - 76[0m
[07/09/2026 09:22:30] OPTIONS /api/auth/login
[07/09/2026 09:22:30] POST /api/auth/login
[0mPOST /api/auth/login [32m200[0m 941.812 ms - 384[0m
[07/09/2026 09:22:31] OPTIONS /api/notifications/count-unread
[07/09/2026 09:22:31] OPTIONS /api/notifications/count-unread
[07/09/2026 09:22:31] OPTIONS /api/formations
[07/09/2026 09:22:31] GET /api/notifications/count-unread
[07/09/2026 09:22:31] GET /api/formations
[0mGET /api/notifications/count-unread [32m200[0m 187.813 ms - 106[0m
[07/09/2026 09:22:31] GET /api/notifications/count-unread
[0mGET /api/notifications/count-unread [36m304[0m 173.109 ms - -[0m
[07/09/2026 09:22:31] GET /api/notifications/count-unread
[07/09/2026 09:22:31] OPTIONS /api/auth/me
[07/09/2026 09:22:31] OPTIONS /api/auth/me
[07/09/2026 09:22:31] GET /api/auth/me
[0mGET /api/formations [32m200[0m 562.182 ms - -[0m
[07/09/2026 09:22:31] GET /api/formations
[0mGET /api/notifications/count-unread [36m304[0m 175.883 ms - -[0m
[07/09/2026 09:22:32] GET /api/notifications/count-unread
[0mGET /api/formations [36m304[0m 173.571 ms - -[0m
[0mGET /api/notifications/count-unread [36m304[0m 178.054 ms - -[0m
[0mGET /api/auth/me [32m200[0m 715.915 ms - 163[0m
[07/09/2026 09:22:32] GET /api/auth/me
[0mGET /api/auth/me [36m304[0m 168.583 ms - -[0m
[07/09/2026 09:22:32] OPTIONS /api/formations/6
[07/09/2026 09:22:32] OPTIONS /api/formations/6
[07/09/2026 09:22:32] GET /api/formations/6
[0mGET /api/formations/6 [32m200[0m 179.201 ms - 371[0m
[07/09/2026 09:22:33] GET /api/formations/6
[07/09/2026 09:22:33] OPTIONS /api/chapters/formation/6
[07/09/2026 09:22:33] GET /api/chapters/formation/6
[0mGET /api/formations/6 [36m304[0m 184.839 ms - -[0m
[0mGET /api/chapters/formation/6 [32m200[0m 362.105 ms - 231[0m
[07/09/2026 09:22:33] GET /api/chapters/formation/6
[07/09/2026 09:22:33] OPTIONS /api/quizzes/chapter/13
[07/09/2026 09:22:33] OPTIONS /api/quizzes/chapter/13
[07/09/2026 09:22:33] GET /api/quizzes/chapter/13
[07/09/2026 09:22:33] OPTIONS /api/sections/chapter/13
[07/09/2026 09:22:33] GET /api/sections/chapter/13
[0mGET /api/chapters/formation/6 [36m304[0m 363.415 ms - -[0m
[0mGET /api/quizzes/chapter/13 [32m200[0m 586.868 ms - 70[0m
[07/09/2026 09:22:34] GET /api/quizzes/chapter/13
[0mGET /api/sections/chapter/13 [32m200[0m 671.101 ms - 399[0m
[07/09/2026 09:22:34] OPTIONS /api/sous-sections/section/22
[07/09/2026 09:22:34] GET /api/sous-sections/section/22
[0mGET /api/quizzes/chapter/13 [36m304[0m 555.432 ms - -[0m
[07/09/2026 09:22:34] GET /api/files/4-1788723550641-test-image.png?token=eyJhbGciOiJIUzI1NiIsInR5cCI6IkpXVCJ9.eyJpZCI6NCwicm9sZSI6IkZvcm1hdGV1ciIsImVtYWlsIjoiamVhbi5wYXVsQHR1dG9yZS5sb2NhbCIsImlhdCI6MTc4ODc2OTM1MSwiZXhwIjoxNzg4ODU1NzUxfQ.EXcFEaekpPcOkMbClERYmlmyUZDkjaeUHH9pRwO_DWM
[07/09/2026 09:22:34] OPTIONS /api/files/upload
[07/09/2026 09:22:34] POST /api/files/upload
[0mPOST /api/files/upload [32m201[0m 4.885 ms - 187[0m
[07/09/2026 09:22:34] GET /api/files/4-1788769354951-test-image.png?token=eyJhbGciOiJIUzI1NiIsInR5cCI6IkpXVCJ9.eyJpZCI6NCwicm9sZSI6IkZvcm1hdGV1ciIsImVtYWlsIjoiamVhbi5wYXVsQHR1dG9yZS5sb2NhbCIsImlhdCI6MTc4ODc2OTM1MSwiZXhwIjoxNzg4ODU1NzUxfQ.EXcFEaekpPcOkMbClERYmlmyUZDkjaeUHH9pRwO_DWM
[0mGET /api/files/4-1788723550641-test-image.png?token=eyJhbGciOiJIUzI1NiIsInR5cCI6IkpXVCJ9.eyJpZCI6NCwicm9sZSI6IkZvcm1hdGV1ciIsImVtYWlsIjoiamVhbi5wYXVsQHR1dG9yZS5sb2NhbCIsImlhdCI6MTc4ODc2OTM1MSwiZXhwIjoxNzg4ODU1NzUxfQ.EXcFEaekpPcOkMbClERYmlmyUZDkjaeUHH9pRwO_DWM [32m200[0m 387.563 ms - 70[0m
[0mGET /api/sous-sections/section/22 [32m200[0m 716.158 ms - 167[0m
[0mGET /api/files/4-1788769354951-test-image.png?token=eyJhbGciOiJIUzI1NiIsInR5cCI6IkpXVCJ9.eyJpZCI6NCwicm9sZSI6IkZvcm1hdGV1ciIsImVtYWlsIjoiamVhbi5wYXVsQHR1dG9yZS5sb2NhbCIsImlhdCI6MTc4ODc2OTM1MSwiZXhwIjoxNzg4ODU1NzUxfQ.EXcFEaekpPcOkMbClERYmlmyUZDkjaeUHH9pRwO_DWM [32m200[0m 537.360 ms - 70[0m
[07/09/2026 09:22:35] POST /api/files/upload
[0mPOST /api/files/upload [32m201[0m 3.150 ms - 192[0m
[07/09/2026 09:22:35] OPTIONS /api/sections/22
[07/09/2026 09:22:35] PUT /api/sections/22
[0mPUT /api/sections/22 [32m200[0m 1234.013 ms - 581[0m
[07/09/2026 09:22:37] GET /api/sections/chapter/13
[0mGET /api/sections/chapter/13 [32m200[0m 1027.328 ms - 533[0m
[07/09/2026 09:22:38] OPTIONS /api/auth/me
[07/09/2026 09:22:38] GET /api/auth/me
[0mGET /api/auth/me [36m304[0m 347.754 ms - -[0m
[07/09/2026 09:22:39] GET /api/auth/me
[0mGET /api/auth/me [36m304[0m 176.945 ms - -[0m
[07/09/2026 09:22:39] OPTIONS /api/formations/6
[07/09/2026 09:22:39] OPTIONS /api/formations/6
[07/09/2026 09:22:39] GET /api/formations/6
[0mGET /api/formations/6 [36m304[0m 189.224 ms - -[0m
[07/09/2026 09:22:39] GET /api/formations/6
[07/09/2026 09:22:39] OPTIONS /api/chapters/formation/6
[07/09/2026 09:22:39] GET /api/chapters/formation/6
[0mGET /api/formations/6 [36m304[0m 179.238 ms - -[0m
[0mGET /api/chapters/formation/6 [36m304[0m 498.668 ms - -[0m
[07/09/2026 09:22:40] GET /api/chapters/formation/6
[07/09/2026 09:22:40] OPTIONS /api/quizzes/chapter/13
[07/09/2026 09:22:40] OPTIONS /api/quizzes/chapter/13
[07/09/2026 09:22:40] GET /api/quizzes/chapter/13
[07/09/2026 09:22:40] OPTIONS /api/sections/chapter/13
[07/09/2026 09:22:40] GET /api/sections/chapter/13
[0mGET /api/chapters/formation/6 [36m304[0m 553.842 ms - -[0m
[0mGET /api/quizzes/chapter/13 [36m304[0m 676.312 ms - -[0m
[07/09/2026 09:22:40] GET /api/quizzes/chapter/13
[0mGET /api/sections/chapter/13 [36m304[0m 672.168 ms - -[0m
[07/09/2026 09:22:40] OPTIONS /api/sous-sections/section/22
[07/09/2026 09:22:40] GET /api/sous-sections/section/22
[0mGET /api/quizzes/chapter/13 [36m304[0m 519.072 ms - -[0m
[0mGET /api/sous-sections/section/22 [36m304[0m 701.610 ms - -[0m
[07/09/2026 09:23:14] OPTIONS /api/notifications/count-unread
[07/09/2026 09:23:14] GET /api/notifications/count-unread
[0mGET /api/notifications/count-unread [32m200[0m 218.947 ms - 106[0m
[07/09/2026 09:24:14] OPTIONS /api/notifications/count-unread
[07/09/2026 09:24:14] GET /api/notifications/count-unread
[0mGET /api/notifications/count-unread [36m304[0m 201.550 ms - -[0m
[07/09/2026 09:25:14] OPTIONS /api/notifications/count-unread
[07/09/2026 09:25:14] GET /api/notifications/count-unread
[0mGET /api/notifications/count-unread [36m304[0m 170.402 ms - -[0m
[07/09/2026 09:25:31] OPTIONS /api/auth/login
[07/09/2026 09:25:31] POST /api/auth/login
[0mPOST /api/auth/login [32m200[0m 392.233 ms - 384[0m
[07/09/2026 09:25:32] OPTIONS /api/notifications/count-unread
[07/09/2026 09:25:32] OPTIONS /api/notifications/count-unread
[07/09/2026 09:25:32] OPTIONS /api/formations
[07/09/2026 09:25:32] GET /api/notifications/count-unread
[07/09/2026 09:25:32] GET /api/formations
[0mGET /api/notifications/count-unread [32m200[0m 179.587 ms - 106[0m
[07/09/2026 09:25:32] GET /api/notifications/count-unread
[0mGET /api/notifications/count-unread [36m304[0m 185.734 ms - -[0m
[07/09/2026 09:25:32] GET /api/notifications/count-unread
[0mGET /api/formations [32m200[0m 541.208 ms - -[0m
[07/09/2026 09:25:32] GET /api/formations
[0mGET /api/notifications/count-unread [36m304[0m 159.675 ms - -[0m
[07/09/2026 09:25:32] GET /api/notifications/count-unread
[07/09/2026 09:25:32] OPTIONS /api/auth/me
[07/09/2026 09:25:32] OPTIONS /api/auth/me
[07/09/2026 09:25:32] GET /api/auth/me
[0mGET /api/formations [36m304[0m 178.719 ms - -[0m
[0mGET /api/notifications/count-unread [36m304[0m 158.902 ms - -[0m
[0mGET /api/auth/me [32m200[0m 1628.902 ms - 163[0m
[07/09/2026 09:25:34] GET /api/auth/me
[0mGET /api/auth/me [36m304[0m 172.722 ms - -[0m
[07/09/2026 09:25:34] OPTIONS /api/formations/6
[07/09/2026 09:25:34] OPTIONS /api/formations/6
[07/09/2026 09:25:34] GET /api/formations/6
[0mGET /api/formations/6 [32m200[0m 173.685 ms - 371[0m
[07/09/2026 09:25:34] GET /api/formations/6
[07/09/2026 09:25:34] OPTIONS /api/chapters/formation/6
[07/09/2026 09:25:35] GET /api/chapters/formation/6
[0mGET /api/formations/6 [36m304[0m 167.885 ms - -[0m
[0mGET /api/chapters/formation/6 [32m200[0m 349.463 ms - 231[0m
[07/09/2026 09:25:35] GET /api/chapters/formation/6
[07/09/2026 09:25:35] OPTIONS /api/quizzes/chapter/13
[07/09/2026 09:25:35] GET /api/quizzes/chapter/13
[07/09/2026 09:25:35] OPTIONS /api/sections/chapter/13
[07/09/2026 09:25:35] GET /api/sections/chapter/13
[0mGET /api/chapters/formation/6 [36m304[0m 383.280 ms - -[0m
[0mGET /api/quizzes/chapter/13 [32m200[0m 517.796 ms - 70[0m
[07/09/2026 09:25:35] GET /api/quizzes/chapter/13
[0mGET /api/sections/chapter/13 [32m200[0m 549.380 ms - 533[0m
[07/09/2026 09:25:36] OPTIONS /api/sous-sections/section/22
[07/09/2026 09:25:36] GET /api/sous-sections/section/22
[07/09/2026 09:25:36] GET /api/files/4-1788769354951-test-image.png?token=eyJhbGciOiJIUzI1NiIsInR5cCI6IkpXVCJ9.eyJpZCI6NCwicm9sZSI6IkZvcm1hdGV1ciIsImVtYWlsIjoiamVhbi5wYXVsQHR1dG9yZS5sb2NhbCIsImlhdCI6MTc4ODc2OTUzMiwiZXhwIjoxNzg4ODU1OTMyfQ.PeLLGctPTFuwp2YTcyy2Bd6Ppg84Gqhaj1BPxi07CqI
[0mGET /api/quizzes/chapter/13 [36m304[0m 654.217 ms - -[0m
[0mGET /api/sous-sections/section/22 [32m200[0m 834.288 ms - 167[0m
[0mGET /api/files/4-1788769354951-test-image.png?token=eyJhbGciOiJIUzI1NiIsInR5cCI6IkpXVCJ9.eyJpZCI6NCwicm9sZSI6IkZvcm1hdGV1ciIsImVtYWlsIjoiamVhbi5wYXVsQHR1dG9yZS5sb2NhbCIsImlhdCI6MTc4ODc2OTUzMiwiZXhwIjoxNzg4ODU1OTMyfQ.PeLLGctPTFuwp2YTcyy2Bd6Ppg84Gqhaj1BPxi07CqI [32m200[0m 963.408 ms - 70[0m
[07/09/2026 09:26:14] OPTIONS /api/notifications/count-unread
[07/09/2026 09:26:14] GET /api/notifications/count-unread
[0mGET /api/notifications/count-unread [36m304[0m 266.228 ms - -[0m
[07/09/2026 09:27:14] OPTIONS /api/notifications/count-unread
[07/09/2026 09:27:14] GET /api/notifications/count-unread
[0mGET /api/notifications/count-unread [36m304[0m 176.005 ms - -[0m
[07/09/2026 09:28:08] OPTIONS /api/auth/login
[07/09/2026 09:28:08] POST /api/auth/login
[0mPOST /api/auth/login [32m200[0m 540.149 ms - 384[0m
[07/09/2026 09:28:08] OPTIONS /api/notifications/count-unread
[07/09/2026 09:28:08] OPTIONS /api/notifications/count-unread
[07/09/2026 09:28:08] OPTIONS /api/formations
[07/09/2026 09:28:08] OPTIONS /api/formations
[07/09/2026 09:28:08] GET /api/notifications/count-unread
[07/09/2026 09:28:08] GET /api/formations
[0mGET /api/notifications/count-unread [32m200[0m 177.013 ms - 106[0m
[07/09/2026 09:28:09] GET /api/notifications/count-unread
[07/09/2026 09:28:09] OPTIONS /api/auth/me
[07/09/2026 09:28:09] OPTIONS /api/auth/me
[07/09/2026 09:28:09] GET /api/auth/me
[0mGET /api/notifications/count-unread [36m304[0m 445.723 ms - -[0m
[07/09/2026 09:28:09] GET /api/notifications/count-unread
[0mGET /api/notifications/count-unread [36m304[0m 541.695 ms - -[0m
[0mGET /api/formations [32m200[0m 1189.693 ms - -[0m
[07/09/2026 09:28:10] GET /api/notifications/count-unread
[07/09/2026 09:28:10] GET /api/formations
[0mGET /api/formations [0m-[0m - ms - -[0m
[0mGET /api/notifications/count-unread [0m-[0m - ms - -[0m
[0mGET /api/auth/me [32m200[0m 1334.172 ms - 163[0m
[07/09/2026 09:28:10] GET /api/auth/me
[0mGET /api/auth/me [36m304[0m 242.711 ms - -[0m
[07/09/2026 09:28:10] OPTIONS /api/formations/6
[07/09/2026 09:28:10] OPTIONS /api/formations/6
[07/09/2026 09:28:10] GET /api/formations/6
[0mGET /api/formations/6 [32m200[0m 194.606 ms - 371[0m
[07/09/2026 09:28:10] GET /api/formations/6
[07/09/2026 09:28:10] OPTIONS /api/chapters/formation/6
[07/09/2026 09:28:10] GET /api/chapters/formation/6
[0mGET /api/formations/6 [36m304[0m 291.436 ms - -[0m
[0mGET /api/chapters/formation/6 [32m200[0m 532.763 ms - 231[0m
[07/09/2026 09:28:11] GET /api/chapters/formation/6
[07/09/2026 09:28:11] OPTIONS /api/quizzes/chapter/13
[07/09/2026 09:28:11] OPTIONS /api/quizzes/chapter/13
[07/09/2026 09:28:11] GET /api/quizzes/chapter/13
[07/09/2026 09:28:11] OPTIONS /api/sections/chapter/13
[07/09/2026 09:28:11] GET /api/sections/chapter/13
[0mGET /api/chapters/formation/6 [36m304[0m 581.815 ms - -[0m
[0mGET /api/sections/chapter/13 [32m200[0m 956.217 ms - 533[0m
[0mGET /api/quizzes/chapter/13 [32m200[0m 1071.555 ms - 70[0m
[07/09/2026 09:28:12] GET /api/quizzes/chapter/13
[07/09/2026 09:28:12] OPTIONS /api/sous-sections/section/22
[07/09/2026 09:28:12] GET /api/sous-sections/section/22
[07/09/2026 09:28:13] GET /api/files/4-1788769354951-test-image.png?token=eyJhbGciOiJIUzI1NiIsInR5cCI6IkpXVCJ9.eyJpZCI6NCwicm9sZSI6IkZvcm1hdGV1ciIsImVtYWlsIjoiamVhbi5wYXVsQHR1dG9yZS5sb2NhbCIsImlhdCI6MTc4ODc2OTY4OCwiZXhwIjoxNzg4ODU2MDg4fQ.jgu7seIMzzakwkNovYGOQSg1dVDqjK14ByG20SpLUx8
[07/09/2026 09:28:14] OPTIONS /api/notifications/count-unread
[07/09/2026 09:28:14] GET /api/notifications/count-unread
[0mGET /api/quizzes/chapter/13 [36m304[0m 2317.297 ms - -[0m
[0mGET /api/notifications/count-unread [36m304[0m 1392.119 ms - -[0m
[0mGET /api/sous-sections/section/22 [32m200[0m 2579.141 ms - 167[0m
[0mGET /api/files/4-1788769354951-test-image.png?token=eyJhbGciOiJIUzI1NiIsInR5cCI6IkpXVCJ9.eyJpZCI6NCwicm9sZSI6IkZvcm1hdGV1ciIsImVtYWlsIjoiamVhbi5wYXVsQHR1dG9yZS5sb2NhbCIsImlhdCI6MTc4ODc2OTY4OCwiZXhwIjoxNzg4ODU2MDg4fQ.jgu7seIMzzakwkNovYGOQSg1dVDqjK14ByG20SpLUx8 [32m200[0m 2440.704 ms - 70[0m
[07/09/2026 09:29:14] OPTIONS /api/notifications/count-unread
[07/09/2026 09:29:14] GET /api/notifications/count-unread
[0mGET /api/notifications/count-unread [36m304[0m 167.692 ms - -[0m
[07/09/2026 09:30:14] OPTIONS /api/notifications/count-unread
[07/09/2026 09:30:14] GET /api/notifications/count-unread
[0mGET /api/notifications/count-unread [36m304[0m 277.267 ms - -[0m
[07/09/2026 09:31:14] OPTIONS /api/notifications/count-unread
[07/09/2026 09:31:14] GET /api/notifications/count-unread
[0mGET /api/notifications/count-unread [36m304[0m 688.132 ms - -[0m
[07/09/2026 09:32:11] OPTIONS /api/auth/login
[07/09/2026 09:32:11] POST /api/auth/login
[0mPOST /api/auth/login [32m200[0m 585.609 ms - 384[0m
[07/09/2026 09:32:12] OPTIONS /api/notifications/count-unread
[07/09/2026 09:32:12] OPTIONS /api/formations
[07/09/2026 09:32:12] OPTIONS /api/formations
[07/09/2026 09:32:12] GET /api/notifications/count-unread
[07/09/2026 09:32:12] GET /api/formations
[0mGET /api/notifications/count-unread [32m200[0m 172.685 ms - 106[0m
[07/09/2026 09:32:12] GET /api/notifications/count-unread
[07/09/2026 09:32:12] OPTIONS /api/auth/me
[07/09/2026 09:32:12] OPTIONS /api/auth/me
[07/09/2026 09:32:12] GET /api/auth/me
[0mGET /api/notifications/count-unread [36m304[0m 202.674 ms - -[0m
[07/09/2026 09:32:12] GET /api/notifications/count-unread
[0mGET /api/notifications/count-unread [36m304[0m 174.745 ms - -[0m
[07/09/2026 09:32:13] GET /api/notifications/count-unread
[0mGET /api/formations [32m200[0m 578.746 ms - -[0m
[07/09/2026 09:32:13] GET /api/formations
[0mGET /api/notifications/count-unread [36m304[0m 180.599 ms - -[0m
[0mGET /api/formations [36m304[0m 169.487 ms - -[0m
[0mGET /api/auth/me [32m200[0m 755.558 ms - 163[0m
[07/09/2026 09:32:13] GET /api/auth/me
[0mGET /api/auth/me [36m304[0m 189.917 ms - -[0m
[07/09/2026 09:32:13] OPTIONS /api/formations/6
[07/09/2026 09:32:13] OPTIONS /api/formations/6
[07/09/2026 09:32:13] GET /api/formations/6
[0mGET /api/formations/6 [32m200[0m 167.391 ms - 371[0m
[07/09/2026 09:32:14] GET /api/formations/6
[07/09/2026 09:32:14] OPTIONS /api/chapters/formation/6
[07/09/2026 09:32:14] GET /api/chapters/formation/6
[07/09/2026 09:32:14] OPTIONS /api/notifications/count-unread
[07/09/2026 09:32:14] GET /api/notifications/count-unread
[0mGET /api/notifications/count-unread [36m304[0m 185.093 ms - -[0m
[0mGET /api/formations/6 [36m304[0m 212.907 ms - -[0m
[0mGET /api/chapters/formation/6 [32m200[0m 379.815 ms - 231[0m
[07/09/2026 09:32:14] GET /api/chapters/formation/6
[07/09/2026 09:32:14] OPTIONS /api/quizzes/chapter/13
[07/09/2026 09:32:14] OPTIONS /api/quizzes/chapter/13
[07/09/2026 09:32:14] OPTIONS /api/sections/chapter/13
[07/09/2026 09:32:14] GET /api/quizzes/chapter/13
[07/09/2026 09:32:14] GET /api/sections/chapter/13
[0mGET /api/chapters/formation/6 [36m304[0m 456.959 ms - -[0m
[0mGET /api/quizzes/chapter/13 [32m200[0m 600.865 ms - 70[0m
[07/09/2026 09:32:15] GET /api/quizzes/chapter/13
[0mGET /api/sections/chapter/13 [32m200[0m 1006.208 ms - 533[0m
[07/09/2026 09:32:15] OPTIONS /api/sous-sections/section/22
[07/09/2026 09:32:15] GET /api/sous-sections/section/22
[07/09/2026 09:32:15] GET /api/files/4-1788769354951-test-image.png?token=eyJhbGciOiJIUzI1NiIsInR5cCI6IkpXVCJ9.eyJpZCI6NCwicm9sZSI6IkZvcm1hdGV1ciIsImVtYWlsIjoiamVhbi5wYXVsQHR1dG9yZS5sb2NhbCIsImlhdCI6MTc4ODc2OTkzMiwiZXhwIjoxNzg4ODU2MzMyfQ.U4VEeGgNTYXB4tzp8YwFDNipDFLMdHvS6ES83PQT61Q
[0mGET /api/quizzes/chapter/13 [36m304[0m 821.903 ms - -[0m
[0mGET /api/sous-sections/section/22 [32m200[0m 784.134 ms - 167[0m
[0mGET /api/files/4-1788769354951-test-image.png?token=eyJhbGciOiJIUzI1NiIsInR5cCI6IkpXVCJ9.eyJpZCI6NCwicm9sZSI6IkZvcm1hdGV1ciIsImVtYWlsIjoiamVhbi5wYXVsQHR1dG9yZS5sb2NhbCIsImlhdCI6MTc4ODc2OTkzMiwiZXhwIjoxNzg4ODU2MzMyfQ.U4VEeGgNTYXB4tzp8YwFDNipDFLMdHvS6ES83PQT61Q [32m200[0m 804.773 ms - 70[0m
[07/09/2026 09:33:14] OPTIONS /api/notifications/count-unread
[07/09/2026 09:33:14] GET /api/notifications/count-unread
[0mGET /api/notifications/count-unread [36m304[0m 487.173 ms - -[0m
[07/09/2026 09:33:18] OPTIONS /api/auth/login
[07/09/2026 09:33:18] POST /api/auth/login
[0mPOST /api/auth/login [32m200[0m 672.257 ms - 384[0m
[07/09/2026 09:33:19] OPTIONS /api/notifications/count-unread
[07/09/2026 09:33:19] OPTIONS /api/notifications/count-unread
[07/09/2026 09:33:19] OPTIONS /api/formations
[07/09/2026 09:33:19] GET /api/notifications/count-unread
[07/09/2026 09:33:19] GET /api/formations
[0mGET /api/notifications/count-unread [32m200[0m 176.836 ms - 106[0m
[07/09/2026 09:33:19] GET /api/notifications/count-unread
[0mGET /api/notifications/count-unread [36m304[0m 176.351 ms - -[0m
[07/09/2026 09:33:19] GET /api/notifications/count-unread
[0mGET /api/formations [32m200[0m 531.998 ms - -[0m
[07/09/2026 09:33:19] GET /api/formations
[0mGET /api/notifications/count-unread [36m304[0m 173.814 ms - -[0m
[07/09/2026 09:33:19] GET /api/notifications/count-unread
[07/09/2026 09:33:19] OPTIONS /api/auth/me
[07/09/2026 09:33:19] OPTIONS /api/auth/me
[0mGET /api/formations [36m304[0m 175.260 ms - -[0m
[07/09/2026 09:33:19] GET /api/auth/me
[0mGET /api/notifications/count-unread [36m304[0m 200.788 ms - -[0m
[0mGET /api/auth/me [32m200[0m 348.784 ms - 163[0m
[07/09/2026 09:33:20] GET /api/auth/me
[0mGET /api/auth/me [36m304[0m 165.408 ms - -[0m
[07/09/2026 09:33:20] OPTIONS /api/formations/6
[07/09/2026 09:33:20] OPTIONS /api/formations/6
[07/09/2026 09:33:20] GET /api/formations/6
[0mGET /api/formations/6 [32m200[0m 179.035 ms - 371[0m
[07/09/2026 09:33:20] GET /api/formations/6
[07/09/2026 09:33:20] OPTIONS /api/chapters/formation/6
[07/09/2026 09:33:20] GET /api/chapters/formation/6
[0mGET /api/formations/6 [36m304[0m 175.612 ms - -[0m
[0mGET /api/chapters/formation/6 [32m200[0m 378.572 ms - 231[0m
[07/09/2026 09:33:21] GET /api/chapters/formation/6
[07/09/2026 09:33:21] OPTIONS /api/quizzes/chapter/13
[07/09/2026 09:33:21] OPTIONS /api/quizzes/chapter/13
[07/09/2026 09:33:21] GET /api/quizzes/chapter/13
[07/09/2026 09:33:21] OPTIONS /api/sections/chapter/13
[07/09/2026 09:33:21] GET /api/sections/chapter/13
[0mGET /api/chapters/formation/6 [36m304[0m 391.082 ms - -[0m
[0mGET /api/quizzes/chapter/13 [32m200[0m 651.033 ms - 70[0m
[07/09/2026 09:33:21] GET /api/quizzes/chapter/13
[0mGET /api/sections/chapter/13 [32m200[0m 975.861 ms - 533[0m
[0mGET /api/quizzes/chapter/13 [36m304[0m 597.109 ms - -[0m
[07/09/2026 09:33:22] OPTIONS /api/sous-sections/section/22
[07/09/2026 09:33:22] GET /api/sous-sections/section/22
[07/09/2026 09:33:22] GET /api/files/4-1788769354951-test-image.png?token=eyJhbGciOiJIUzI1NiIsInR5cCI6IkpXVCJ9.eyJpZCI6NCwicm9sZSI6IkZvcm1hdGV1ciIsImVtYWlsIjoiamVhbi5wYXVsQHR1dG9yZS5sb2NhbCIsImlhdCI6MTc4ODc2OTk5OSwiZXhwIjoxNzg4ODU2Mzk5fQ.b5XQp-LMnoLed7sksM7LlzayLf9MKYBe3Rn6AAoxjy0
[0mGET /api/files/4-1788769354951-test-image.png?token=eyJhbGciOiJIUzI1NiIsInR5cCI6IkpXVCJ9.eyJpZCI6NCwicm9sZSI6IkZvcm1hdGV1ciIsImVtYWlsIjoiamVhbi5wYXVsQHR1dG9yZS5sb2NhbCIsImlhdCI6MTc4ODc2OTk5OSwiZXhwIjoxNzg4ODU2Mzk5fQ.b5XQp-LMnoLed7sksM7LlzayLf9MKYBe3Rn6AAoxjy0 [32m200[0m 687.336 ms - 70[0m
[0mGET /api/sous-sections/section/22 [32m200[0m 1270.545 ms - 167[0m
[07/09/2026 09:34:14] OPTIONS /api/notifications/count-unread
[07/09/2026 09:34:14] GET /api/notifications/count-unread
[0mGET /api/notifications/count-unread [36m304[0m 193.416 ms - -[0m
[07/09/2026 09:35:14] OPTIONS /api/notifications/count-unread
[07/09/2026 09:35:14] GET /api/notifications/count-unread
[0mGET /api/notifications/count-unread [36m304[0m 163.077 ms - -[0m
[07/09/2026 09:36:14] OPTIONS /api/notifications/count-unread
[07/09/2026 09:36:14] GET /api/notifications/count-unread
[0mGET /api/notifications/count-unread [36m304[0m 176.836 ms - -[0m
[07/09/2026 09:37:14] OPTIONS /api/notifications/count-unread
[07/09/2026 09:37:14] GET /api/notifications/count-unread
[0mGET /api/notifications/count-unread [36m304[0m 159.610 ms - -[0m
[07/09/2026 09:38:05] OPTIONS /api/auth/login
[07/09/2026 09:38:05] POST /api/auth/login
[0mPOST /api/auth/login [32m200[0m 598.290 ms - 384[0m
[07/09/2026 09:38:05] OPTIONS /api/notifications/count-unread
[07/09/2026 09:38:05] OPTIONS /api/notifications/count-unread
[07/09/2026 09:38:05] OPTIONS /api/formations
[07/09/2026 09:38:05] GET /api/notifications/count-unread
[07/09/2026 09:38:05] GET /api/formations
[0mGET /api/notifications/count-unread [32m200[0m 162.234 ms - 106[0m
[07/09/2026 09:38:05] GET /api/notifications/count-unread
[0mGET /api/notifications/count-unread [36m304[0m 157.055 ms - -[0m
[07/09/2026 09:38:06] GET /api/notifications/count-unread
[0mGET /api/formations [32m200[0m 488.965 ms - -[0m
[07/09/2026 09:38:06] OPTIONS /api/auth/me
[07/09/2026 09:38:06] OPTIONS /api/auth/me
[07/09/2026 09:38:06] GET /api/formations
[07/09/2026 09:38:06] GET /api/auth/me
[0mGET /api/notifications/count-unread [36m304[0m 159.386 ms - -[0m
[07/09/2026 09:38:06] GET /api/notifications/count-unread
[0mGET /api/formations [36m304[0m 175.814 ms - -[0m
[0mGET /api/notifications/count-unread [36m304[0m 159.889 ms - -[0m
[0mGET /api/auth/me [32m200[0m 734.147 ms - 163[0m
[07/09/2026 09:38:06] GET /api/auth/me
[0mGET /api/auth/me [36m304[0m 161.291 ms - -[0m
[07/09/2026 09:38:07] OPTIONS /api/formations/6
[07/09/2026 09:38:07] OPTIONS /api/formations/6
[07/09/2026 09:38:07] GET /api/formations/6
[0mGET /api/formations/6 [32m200[0m 166.888 ms - 371[0m
[07/09/2026 09:38:07] GET /api/formations/6
[07/09/2026 09:38:07] OPTIONS /api/chapters/formation/6
[07/09/2026 09:38:07] GET /api/chapters/formation/6
[0mGET /api/formations/6 [36m304[0m 165.471 ms - -[0m
[0mGET /api/chapters/formation/6 [32m200[0m 330.879 ms - 231[0m
[07/09/2026 09:38:07] GET /api/chapters/formation/6
[07/09/2026 09:38:07] OPTIONS /api/quizzes/chapter/13
[07/09/2026 09:38:07] OPTIONS /api/quizzes/chapter/13
[07/09/2026 09:38:07] GET /api/quizzes/chapter/13
[07/09/2026 09:38:07] OPTIONS /api/sections/chapter/13
[07/09/2026 09:38:07] GET /api/sections/chapter/13
[0mGET /api/chapters/formation/6 [36m304[0m 328.259 ms - -[0m
[0mGET /api/quizzes/chapter/13 [32m200[0m 475.729 ms - 70[0m
[07/09/2026 09:38:08] GET /api/quizzes/chapter/13
[0mGET /api/sections/chapter/13 [32m200[0m 488.527 ms - 533[0m
[07/09/2026 09:38:08] OPTIONS /api/sous-sections/section/22
[07/09/2026 09:38:08] GET /api/sous-sections/section/22
[07/09/2026 09:38:08] GET /api/files/4-1788769354951-test-image.png?token=eyJhbGciOiJIUzI1NiIsInR5cCI6IkpXVCJ9.eyJpZCI6NCwicm9sZSI6IkZvcm1hdGV1ciIsImVtYWlsIjoiamVhbi5wYXVsQHR1dG9yZS5sb2NhbCIsImlhdCI6MTc4ODc3MDI4NSwiZXhwIjoxNzg4ODU2Njg1fQ.VQ21EXNgbyVpRGLntw0nb87Ch6kDTToZA-0E2ykE4Jg
[0mGET /api/quizzes/chapter/13 [36m304[0m 470.523 ms - -[0m
[0mGET /api/sous-sections/section/22 [32m200[0m 782.639 ms - 167[0m
[0mGET /api/files/4-1788769354951-test-image.png?token=eyJhbGciOiJIUzI1NiIsInR5cCI6IkpXVCJ9.eyJpZCI6NCwicm9sZSI6IkZvcm1hdGV1ciIsImVtYWlsIjoiamVhbi5wYXVsQHR1dG9yZS5sb2NhbCIsImlhdCI6MTc4ODc3MDI4NSwiZXhwIjoxNzg4ODU2Njg1fQ.VQ21EXNgbyVpRGLntw0nb87Ch6kDTToZA-0E2ykE4Jg [32m200[0m 775.733 ms - 70[0m
[07/09/2026 09:38:14] OPTIONS /api/notifications/count-unread
[07/09/2026 09:38:14] GET /api/notifications/count-unread
[0mGET /api/notifications/count-unread [36m304[0m 228.094 ms - -[0m
[07/09/2026 09:39:06] OPTIONS /api/auth/login
[07/09/2026 09:39:06] POST /api/auth/login
[0mPOST /api/auth/login [32m200[0m 609.604 ms - 384[0m
[07/09/2026 09:39:06] OPTIONS /api/notifications/count-unread
[07/09/2026 09:39:06] OPTIONS /api/notifications/count-unread
[07/09/2026 09:39:06] OPTIONS /api/formations
[07/09/2026 09:39:06] GET /api/notifications/count-unread
[07/09/2026 09:39:06] GET /api/formations
[0mGET /api/notifications/count-unread [32m200[0m 166.271 ms - 106[0m
[0mGET /api/formations [32m200[0m 192.676 ms - -[0m
[07/09/2026 09:39:07] GET /api/notifications/count-unread
[07/09/2026 09:39:07] GET /api/formations
[0mGET /api/notifications/count-unread [36m304[0m 164.478 ms - -[0m
[0mGET /api/formations [36m304[0m 185.160 ms - -[0m
[07/09/2026 09:39:07] GET /api/notifications/count-unread
[07/09/2026 09:39:07] OPTIONS /api/auth/me
[07/09/2026 09:39:07] OPTIONS /api/auth/me
[07/09/2026 09:39:07] GET /api/auth/me
[0mGET /api/notifications/count-unread [36m304[0m 181.207 ms - -[0m
[07/09/2026 09:39:07] GET /api/notifications/count-unread
[0mGET /api/notifications/count-unread [36m304[0m 170.180 ms - -[0m
[0mGET /api/auth/me [32m200[0m 354.962 ms - 163[0m
[07/09/2026 09:39:07] GET /api/auth/me
[0mGET /api/auth/me [36m304[0m 266.414 ms - -[0m
[07/09/2026 09:39:08] OPTIONS /api/formations/6
[07/09/2026 09:39:08] OPTIONS /api/formations/6
[07/09/2026 09:39:08] GET /api/formations/6
[0mGET /api/formations/6 [32m200[0m 173.363 ms - 371[0m
[07/09/2026 09:39:08] GET /api/formations/6
[07/09/2026 09:39:08] OPTIONS /api/chapters/formation/6
[07/09/2026 09:39:08] GET /api/chapters/formation/6
[0mGET /api/formations/6 [36m304[0m 165.300 ms - -[0m
[0mGET /api/chapters/formation/6 [32m200[0m 365.794 ms - 231[0m
[07/09/2026 09:39:08] GET /api/chapters/formation/6
[07/09/2026 09:39:08] OPTIONS /api/quizzes/chapter/13
[07/09/2026 09:39:08] OPTIONS /api/quizzes/chapter/13
[07/09/2026 09:39:08] GET /api/quizzes/chapter/13
[07/09/2026 09:39:08] OPTIONS /api/sections/chapter/13
[07/09/2026 09:39:08] GET /api/sections/chapter/13
[0mGET /api/chapters/formation/6 [36m304[0m 359.064 ms - -[0m
[0mGET /api/quizzes/chapter/13 [32m200[0m 537.338 ms - 70[0m
[0mGET /api/sections/chapter/13 [32m200[0m 521.323 ms - 533[0m
[07/09/2026 09:39:09] GET /api/quizzes/chapter/13
[07/09/2026 09:39:09] OPTIONS /api/sous-sections/section/22
[07/09/2026 09:39:09] GET /api/sous-sections/section/22
[07/09/2026 09:39:09] GET /api/files/4-1788769354951-test-image.png?token=eyJhbGciOiJIUzI1NiIsInR5cCI6IkpXVCJ9.eyJpZCI6NCwicm9sZSI6IkZvcm1hdGV1ciIsImVtYWlsIjoiamVhbi5wYXVsQHR1dG9yZS5sb2NhbCIsImlhdCI6MTc4ODc3MDM0NiwiZXhwIjoxNzg4ODU2NzQ2fQ.KFHPmntJp9TR12BT_kioH0GLAmy--maYVjIDV6c4Hn4
[0mGET /api/quizzes/chapter/13 [36m304[0m 552.714 ms - -[0m
[07/09/2026 09:39:09] OPTIONS /api/files/upload
[07/09/2026 09:39:09] POST /api/files/upload
[0mPOST /api/files/upload [32m201[0m 5.172 ms - 187[0m
[07/09/2026 09:39:10] GET /api/files/4-1788770349978-test-image.png?token=eyJhbGciOiJIUzI1NiIsInR5cCI6IkpXVCJ9.eyJpZCI6NCwicm9sZSI6IkZvcm1hdGV1ciIsImVtYWlsIjoiamVhbi5wYXVsQHR1dG9yZS5sb2NhbCIsImlhdCI6MTc4ODc3MDM0NiwiZXhwIjoxNzg4ODU2NzQ2fQ.KFHPmntJp9TR12BT_kioH0GLAmy--maYVjIDV6c4Hn4
[0mGET /api/files/4-1788770349978-test-image.png?token=eyJhbGciOiJIUzI1NiIsInR5cCI6IkpXVCJ9.eyJpZCI6NCwicm9sZSI6IkZvcm1hdGV1ciIsImVtYWlsIjoiamVhbi5wYXVsQHR1dG9yZS5sb2NhbCIsImlhdCI6MTc4ODc3MDM0NiwiZXhwIjoxNzg4ODU2NzQ2fQ.KFHPmntJp9TR12BT_kioH0GLAmy--maYVjIDV6c4Hn4 [32m200[0m 184.447 ms - 70[0m
[0mGET /api/sous-sections/section/22 [32m200[0m 712.297 ms - 167[0m
[07/09/2026 09:39:10] POST /api/files/upload
[0mPOST /api/files/upload [32m201[0m 2.675 ms - 192[0m
[0mGET /api/files/4-1788769354951-test-image.png?token=eyJhbGciOiJIUzI1NiIsInR5cCI6IkpXVCJ9.eyJpZCI6NCwicm9sZSI6IkZvcm1hdGV1ciIsImVtYWlsIjoiamVhbi5wYXVsQHR1dG9yZS5sb2NhbCIsImlhdCI6MTc4ODc3MDM0NiwiZXhwIjoxNzg4ODU2NzQ2fQ.KFHPmntJp9TR12BT_kioH0GLAmy--maYVjIDV6c4Hn4 [32m200[0m 722.553 ms - 70[0m
[07/09/2026 09:39:10] OPTIONS /api/sections/22
[07/09/2026 09:39:10] PUT /api/sections/22
[0mPUT /api/sections/22 [32m200[0m 1233.252 ms - 715[0m
[07/09/2026 09:39:11] GET /api/sections/chapter/13
[0mGET /api/sections/chapter/13 [32m200[0m 546.890 ms - 667[0m
[07/09/2026 09:39:13] OPTIONS /api/auth/me
[07/09/2026 09:39:13] OPTIONS /api/auth/me
[07/09/2026 09:39:13] GET /api/auth/me
[0mGET /api/auth/me [36m304[0m 337.946 ms - -[0m
[07/09/2026 09:39:13] GET /api/auth/me
[0mGET /api/auth/me [36m304[0m 167.111 ms - -[0m
[07/09/2026 09:39:13] OPTIONS /api/formations/6
[07/09/2026 09:39:13] OPTIONS /api/formations/6
[07/09/2026 09:39:13] GET /api/formations/6
[0mGET /api/formations/6 [36m304[0m 188.878 ms - -[0m
[07/09/2026 09:39:13] GET /api/formations/6
[07/09/2026 09:39:13] OPTIONS /api/chapters/formation/6
[07/09/2026 09:39:13] GET /api/chapters/formation/6
[07/09/2026 09:39:14] OPTIONS /api/notifications/count-unread
[07/09/2026 09:39:14] GET /api/notifications/count-unread
[0mGET /api/formations/6 [36m304[0m 176.227 ms - -[0m
[0mGET /api/notifications/count-unread [36m304[0m 169.786 ms - -[0m
[0mGET /api/chapters/formation/6 [36m304[0m 350.393 ms - -[0m
[07/09/2026 09:39:14] GET /api/chapters/formation/6
[07/09/2026 09:39:14] OPTIONS /api/quizzes/chapter/13
[07/09/2026 09:39:14] GET /api/quizzes/chapter/13
[07/09/2026 09:39:14] OPTIONS /api/sections/chapter/13
[07/09/2026 09:39:14] GET /api/sections/chapter/13
[0mGET /api/chapters/formation/6 [36m304[0m 337.641 ms - -[0m
[0mGET /api/quizzes/chapter/13 [36m304[0m 486.124 ms - -[0m
[07/09/2026 09:39:14] GET /api/quizzes/chapter/13
[0mGET /api/sections/chapter/13 [36m304[0m 492.991 ms - -[0m
[07/09/2026 09:39:15] OPTIONS /api/sous-sections/section/22
[07/09/2026 09:39:15] GET /api/sous-sections/section/22
[0mGET /api/quizzes/chapter/13 [36m304[0m 531.904 ms - -[0m
[0mGET /api/sous-sections/section/22 [36m304[0m 791.636 ms - -[0m
[07/09/2026 09:40:14] OPTIONS /api/notifications/count-unread
[07/09/2026 09:40:14] GET /api/notifications/count-unread
[0mGET /api/notifications/count-unread [36m304[0m 172.097 ms - -[0m
[07/09/2026 09:40:18] OPTIONS /api/auth/login
[07/09/2026 09:40:18] POST /api/auth/login
[0mPOST /api/auth/login [32m200[0m 616.160 ms - 384[0m
[07/09/2026 09:40:19] OPTIONS /api/notifications/count-unread
[07/09/2026 09:40:19] OPTIONS /api/notifications/count-unread
[07/09/2026 09:40:19] OPTIONS /api/formations
[07/09/2026 09:40:19] GET /api/notifications/count-unread
[07/09/2026 09:40:19] GET /api/formations
[0mGET /api/notifications/count-unread [32m200[0m 176.988 ms - 106[0m
[07/09/2026 09:40:19] GET /api/notifications/count-unread
[0mGET /api/notifications/count-unread [36m304[0m 172.046 ms - -[0m
[07/09/2026 09:40:20] GET /api/notifications/count-unread
[0mGET /api/formations [32m200[0m 544.190 ms - -[0m
[07/09/2026 09:40:20] GET /api/formations
[07/09/2026 09:40:20] OPTIONS /api/auth/me
[07/09/2026 09:40:20] OPTIONS /api/auth/me
[07/09/2026 09:40:20] GET /api/auth/me
[0mGET /api/notifications/count-unread [36m304[0m 185.770 ms - -[0m
[07/09/2026 09:40:20] GET /api/notifications/count-unread
[0mGET /api/formations [36m304[0m 178.670 ms - -[0m
[0mGET /api/notifications/count-unread [36m304[0m 175.539 ms - -[0m
[0mGET /api/auth/me [32m200[0m 728.517 ms - 163[0m
[07/09/2026 09:40:20] GET /api/auth/me
[0mGET /api/auth/me [36m304[0m 172.816 ms - -[0m
[07/09/2026 09:40:21] OPTIONS /api/formations/6
[07/09/2026 09:40:21] OPTIONS /api/formations/6
[07/09/2026 09:40:21] GET /api/formations/6
[0mGET /api/formations/6 [32m200[0m 171.755 ms - 371[0m
[07/09/2026 09:40:21] GET /api/formations/6
[07/09/2026 09:40:21] OPTIONS /api/chapters/formation/6
[07/09/2026 09:40:21] GET /api/chapters/formation/6
[0mGET /api/formations/6 [36m304[0m 169.878 ms - -[0m
[0mGET /api/chapters/formation/6 [32m200[0m 351.124 ms - 231[0m
[07/09/2026 09:40:21] GET /api/chapters/formation/6
[07/09/2026 09:40:21] OPTIONS /api/quizzes/chapter/13
[07/09/2026 09:40:21] OPTIONS /api/quizzes/chapter/13
[07/09/2026 09:40:21] GET /api/quizzes/chapter/13
[07/09/2026 09:40:21] OPTIONS /api/sections/chapter/13
[07/09/2026 09:40:21] GET /api/sections/chapter/13
[0mGET /api/chapters/formation/6 [36m304[0m 364.115 ms - -[0m
[0mGET /api/quizzes/chapter/13 [32m200[0m 533.100 ms - 70[0m
[07/09/2026 09:40:22] GET /api/quizzes/chapter/13
[0mGET /api/sections/chapter/13 [32m200[0m 543.487 ms - 667[0m
[0mGET /api/quizzes/chapter/13 [0m-[0m - ms - -[0m
[07/09/2026 09:41:14] OPTIONS /api/notifications/count-unread
[07/09/2026 09:41:14] GET /api/notifications/count-unread
[0mGET /api/notifications/count-unread [36m304[0m 166.999 ms - -[0m
[07/09/2026 09:41:26] OPTIONS /api/auth/login
[07/09/2026 09:41:26] POST /api/auth/login
[0mPOST /api/auth/login [32m200[0m 520.430 ms - 384[0m
[07/09/2026 09:41:26] OPTIONS /api/notifications/count-unread
[07/09/2026 09:41:26] OPTIONS /api/notifications/count-unread
[07/09/2026 09:41:26] GET /api/notifications/count-unread
[07/09/2026 09:41:26] OPTIONS /api/formations
[07/09/2026 09:41:26] GET /api/formations
[0mGET /api/notifications/count-unread [32m200[0m 159.106 ms - 106[0m
[07/09/2026 09:41:26] GET /api/notifications/count-unread
[0mGET /api/notifications/count-unread [36m304[0m 168.202 ms - -[0m
[07/09/2026 09:41:27] GET /api/notifications/count-unread
[07/09/2026 09:41:27] OPTIONS /api/auth/me
[07/09/2026 09:41:27] OPTIONS /api/auth/me
[07/09/2026 09:41:27] GET /api/auth/me
[0mGET /api/formations [32m200[0m 584.078 ms - -[0m
[07/09/2026 09:41:27] GET /api/formations
[0mGET /api/notifications/count-unread [36m304[0m 191.668 ms - -[0m
[07/09/2026 09:41:27] GET /api/notifications/count-unread
[0mGET /api/formations [36m304[0m 174.040 ms - -[0m
[0mGET /api/notifications/count-unread [36m304[0m 176.959 ms - -[0m
[0mGET /api/auth/me [32m200[0m 666.832 ms - 163[0m
[07/09/2026 09:41:27] GET /api/auth/me
[0mGET /api/auth/me [36m304[0m 177.383 ms - -[0m
[07/09/2026 09:41:27] OPTIONS /api/formations/6
[07/09/2026 09:41:27] OPTIONS /api/formations/6
[07/09/2026 09:41:27] GET /api/formations/6
[0mGET /api/formations/6 [32m200[0m 175.817 ms - 371[0m
[07/09/2026 09:41:28] GET /api/formations/6
[07/09/2026 09:41:28] OPTIONS /api/chapters/formation/6
[07/09/2026 09:41:28] GET /api/chapters/formation/6
[0mGET /api/formations/6 [36m304[0m 159.838 ms - -[0m
[0mGET /api/chapters/formation/6 [32m200[0m 325.409 ms - 231[0m
[07/09/2026 09:41:28] GET /api/chapters/formation/6
[07/09/2026 09:41:28] OPTIONS /api/quizzes/chapter/13
[07/09/2026 09:41:28] OPTIONS /api/quizzes/chapter/13
[07/09/2026 09:41:28] GET /api/quizzes/chapter/13
[0mGET /api/quizzes/chapter/13 [0m-[0m - ms - -[0m
[0mGET /api/chapters/formation/6 [0m-[0m - ms - -[0m
[07/09/2026 09:41:54] OPTIONS /api/auth/login
[07/09/2026 09:41:54] POST /api/auth/login
[0mPOST /api/auth/login [32m200[0m 428.495 ms - 384[0m
[07/09/2026 09:41:55] OPTIONS /api/notifications/count-unread
[07/09/2026 09:41:55] OPTIONS /api/notifications/count-unread
[07/09/2026 09:41:55] OPTIONS /api/formations
[07/09/2026 09:41:55] OPTIONS /api/formations
[07/09/2026 09:41:55] GET /api/notifications/count-unread
[07/09/2026 09:41:55] GET /api/formations
[0mGET /api/notifications/count-unread [32m200[0m 162.115 ms - 106[0m
[07/09/2026 09:41:55] GET /api/notifications/count-unread
[0mGET /api/formations [32m200[0m 171.766 ms - -[0m
[07/09/2026 09:41:55] GET /api/formations
[0mGET /api/notifications/count-unread [36m304[0m 162.778 ms - -[0m
[0mGET /api/formations [36m304[0m 175.784 ms - -[0m
[07/09/2026 09:41:55] GET /api/notifications/count-unread
[07/09/2026 09:41:55] OPTIONS /api/auth/me
[07/09/2026 09:41:55] OPTIONS /api/auth/me
[07/09/2026 09:41:55] GET /api/auth/me
[0mGET /api/notifications/count-unread [36m304[0m 159.682 ms - -[0m
[07/09/2026 09:41:55] GET /api/notifications/count-unread
[0mGET /api/auth/me [32m200[0m 163.894 ms - 163[0m
[07/09/2026 09:41:56] GET /api/auth/me
[0mGET /api/notifications/count-unread [36m304[0m 166.269 ms - -[0m
[0mGET /api/auth/me [36m304[0m 160.272 ms - -[0m
[07/09/2026 09:41:56] OPTIONS /api/formations/6
[07/09/2026 09:41:56] OPTIONS /api/formations/6
[07/09/2026 09:41:56] GET /api/formations/6
[0mGET /api/formations/6 [32m200[0m 173.320 ms - 371[0m
[07/09/2026 09:41:56] GET /api/formations/6
[07/09/2026 09:41:56] OPTIONS /api/chapters/formation/6
[07/09/2026 09:41:56] GET /api/chapters/formation/6
[0mGET /api/formations/6 [36m304[0m 166.679 ms - -[0m
[0mGET /api/chapters/formation/6 [32m200[0m 421.305 ms - 231[0m
[07/09/2026 09:41:56] GET /api/chapters/formation/6
[07/09/2026 09:41:56] OPTIONS /api/quizzes/chapter/13
[07/09/2026 09:41:56] OPTIONS /api/quizzes/chapter/13
[07/09/2026 09:41:56] GET /api/quizzes/chapter/13
[07/09/2026 09:41:57] OPTIONS /api/sections/chapter/13
[07/09/2026 09:41:57] GET /api/sections/chapter/13
[0mGET /api/chapters/formation/6 [36m304[0m 488.335 ms - -[0m
[0mGET /api/sections/chapter/13 [32m200[0m 564.979 ms - 667[0m
[0mGET /api/quizzes/chapter/13 [32m200[0m 819.393 ms - 70[0m
[07/09/2026 09:41:57] GET /api/quizzes/chapter/13
[0mGET /api/quizzes/chapter/13 [0m-[0m - ms - -[0m
[07/09/2026 09:42:14] OPTIONS /api/notifications/count-unread
[07/09/2026 09:42:14] GET /api/notifications/count-unread
[0mGET /api/notifications/count-unread [36m304[0m 190.112 ms - -[0m
[07/09/2026 09:43:14] OPTIONS /api/notifications/count-unread
[07/09/2026 09:43:14] GET /api/notifications/count-unread
[0mGET /api/notifications/count-unread [36m304[0m 163.222 ms - -[0m
[07/09/2026 09:44:14] OPTIONS /api/notifications/count-unread
[07/09/2026 09:44:14] GET /api/notifications/count-unread
[0mGET /api/notifications/count-unread [36m304[0m 169.390 ms - -[0m
[07/09/2026 09:45:02] OPTIONS /api/auth/login
[07/09/2026 09:45:02] POST /api/auth/login
[0mPOST /api/auth/login [32m200[0m 378.075 ms - 384[0m
[07/09/2026 09:45:03] OPTIONS /api/notifications/count-unread
[07/09/2026 09:45:03] OPTIONS /api/notifications/count-unread
[07/09/2026 09:45:03] OPTIONS /api/formations
[07/09/2026 09:45:03] GET /api/notifications/count-unread
[07/09/2026 09:45:03] GET /api/formations
[0mGET /api/notifications/count-unread [32m200[0m 191.065 ms - 106[0m
[07/09/2026 09:45:03] GET /api/notifications/count-unread
[0mGET /api/notifications/count-unread [36m304[0m 192.734 ms - -[0m
[07/09/2026 09:45:03] GET /api/notifications/count-unread
[0mGET /api/notifications/count-unread [36m304[0m 235.373 ms - -[0m
[0mGET /api/formations [32m200[0m 665.439 ms - -[0m
[07/09/2026 09:45:04] GET /api/notifications/count-unread
[07/09/2026 09:45:04] GET /api/formations
[07/09/2026 09:45:04] OPTIONS /api/auth/me
[07/09/2026 09:45:04] OPTIONS /api/auth/me
[07/09/2026 09:45:04] GET /api/auth/me
[0mGET /api/notifications/count-unread [36m304[0m 166.622 ms - -[0m
[0mGET /api/formations [36m304[0m 169.849 ms - -[0m
[0mGET /api/auth/me [32m200[0m 784.007 ms - 163[0m
[07/09/2026 09:45:05] GET /api/auth/me
[0mGET /api/auth/me [36m304[0m 171.568 ms - -[0m
[07/09/2026 09:45:05] OPTIONS /api/formations/6
[07/09/2026 09:45:05] OPTIONS /api/formations/6
[07/09/2026 09:45:05] GET /api/formations/6
[0mGET /api/formations/6 [32m200[0m 194.857 ms - 371[0m
[07/09/2026 09:45:05] GET /api/formations/6
[07/09/2026 09:45:05] OPTIONS /api/chapters/formation/6
[07/09/2026 09:45:05] GET /api/chapters/formation/6
[0mGET /api/formations/6 [36m304[0m 179.627 ms - -[0m
[0mGET /api/chapters/formation/6 [32m200[0m 407.984 ms - 231[0m
[07/09/2026 09:45:05] GET /api/chapters/formation/6
[07/09/2026 09:45:05] OPTIONS /api/quizzes/chapter/13
[07/09/2026 09:45:05] OPTIONS /api/quizzes/chapter/13
[07/09/2026 09:45:05] GET /api/quizzes/chapter/13
[07/09/2026 09:45:05] OPTIONS /api/sections/chapter/13
[07/09/2026 09:45:05] GET /api/sections/chapter/13
[0mGET /api/chapters/formation/6 [36m304[0m 452.715 ms - -[0m
[0mGET /api/quizzes/chapter/13 [32m200[0m 656.137 ms - 70[0m
[07/09/2026 09:45:06] GET /api/quizzes/chapter/13
[0mGET /api/sections/chapter/13 [32m200[0m 622.064 ms - 667[0m
[07/09/2026 09:45:06] OPTIONS /api/sous-sections/section/22
[07/09/2026 09:45:06] GET /api/sous-sections/section/22
[07/09/2026 09:45:06] GET /api/files/4-1788770349978-test-image.png?token=eyJhbGciOiJIUzI1NiIsInR5cCI6IkpXVCJ9.eyJpZCI6NCwicm9sZSI6IkZvcm1hdGV1ciIsImVtYWlsIjoiamVhbi5wYXVsQHR1dG9yZS5sb2NhbCIsImlhdCI6MTc4ODc3MDcwMywiZXhwIjoxNzg4ODU3MTAzfQ.thyajOZqgLlovekFQlwNdS0E_JJDkAJRw7PPAZCoZRs
[07/09/2026 09:45:07] OPTIONS /api/files/upload
[07/09/2026 09:45:07] POST /api/files/upload
[0mPOST /api/files/upload [32m201[0m 2.876 ms - 187[0m
[07/09/2026 09:45:07] GET /api/files/4-1788770707027-test-image.png?token=eyJhbGciOiJIUzI1NiIsInR5cCI6IkpXVCJ9.eyJpZCI6NCwicm9sZSI6IkZvcm1hdGV1ciIsImVtYWlsIjoiamVhbi5wYXVsQHR1dG9yZS5sb2NhbCIsImlhdCI6MTc4ODc3MDcwMywiZXhwIjoxNzg4ODU3MTAzfQ.thyajOZqgLlovekFQlwNdS0E_JJDkAJRw7PPAZCoZRs
[0mGET /api/quizzes/chapter/13 [36m304[0m 617.793 ms - -[0m
[0mGET /api/sous-sections/section/22 [32m200[0m 775.013 ms - 167[0m
[0mGET /api/files/4-1788770349978-test-image.png?token=eyJhbGciOiJIUzI1NiIsInR5cCI6IkpXVCJ9.eyJpZCI6NCwicm9sZSI6IkZvcm1hdGV1ciIsImVtYWlsIjoiamVhbi5wYXVsQHR1dG9yZS5sb2NhbCIsImlhdCI6MTc4ODc3MDcwMywiZXhwIjoxNzg4ODU3MTAzfQ.thyajOZqgLlovekFQlwNdS0E_JJDkAJRw7PPAZCoZRs [32m200[0m 854.317 ms - 70[0m
[0mGET /api/files/4-1788770707027-test-image.png?token=eyJhbGciOiJIUzI1NiIsInR5cCI6IkpXVCJ9.eyJpZCI6NCwicm9sZSI6IkZvcm1hdGV1ciIsImVtYWlsIjoiamVhbi5wYXVsQHR1dG9yZS5sb2NhbCIsImlhdCI6MTc4ODc3MDcwMywiZXhwIjoxNzg4ODU3MTAzfQ.thyajOZqgLlovekFQlwNdS0E_JJDkAJRw7PPAZCoZRs [32m200[0m 595.680 ms - 70[0m
[07/09/2026 09:45:07] POST /api/files/upload
[0mPOST /api/files/upload [32m201[0m 1.621 ms - 192[0m
[07/09/2026 09:45:07] OPTIONS /api/sections/22
[07/09/2026 09:45:07] PUT /api/sections/22
[0mPUT /api/sections/22 [32m200[0m 1321.158 ms - 849[0m
[07/09/2026 09:45:09] GET /api/sections/chapter/13
[0mGET /api/sections/chapter/13 [32m200[0m 648.181 ms - 801[0m
[07/09/2026 09:45:10] OPTIONS /api/auth/me
[07/09/2026 09:45:10] OPTIONS /api/auth/me
[07/09/2026 09:45:10] GET /api/auth/me
[0mGET /api/auth/me [36m304[0m 360.455 ms - -[0m
[07/09/2026 09:45:10] GET /api/auth/me
[0mGET /api/auth/me [36m304[0m 202.509 ms - -[0m
[07/09/2026 09:45:10] OPTIONS /api/formations/6
[07/09/2026 09:45:10] OPTIONS /api/formations/6
[07/09/2026 09:45:10] GET /api/formations/6
[0mGET /api/formations/6 [36m304[0m 214.921 ms - -[0m
[07/09/2026 09:45:11] GET /api/formations/6
[07/09/2026 09:45:11] OPTIONS /api/chapters/formation/6
[07/09/2026 09:45:11] GET /api/chapters/formation/6
[0mGET /api/formations/6 [36m304[0m 211.325 ms - -[0m
[0mGET /api/chapters/formation/6 [36m304[0m 413.930 ms - -[0m
[07/09/2026 09:45:11] GET /api/chapters/formation/6
[07/09/2026 09:45:11] OPTIONS /api/quizzes/chapter/13
[07/09/2026 09:45:11] OPTIONS /api/quizzes/chapter/13
[07/09/2026 09:45:11] GET /api/quizzes/chapter/13
[07/09/2026 09:45:11] OPTIONS /api/sections/chapter/13
[07/09/2026 09:45:11] GET /api/sections/chapter/13
[0mGET /api/chapters/formation/6 [36m304[0m 412.112 ms - -[0m
[0mGET /api/quizzes/chapter/13 [36m304[0m 586.052 ms - -[0m
[07/09/2026 09:45:12] GET /api/quizzes/chapter/13
[0mGET /api/sections/chapter/13 [36m304[0m 596.755 ms - -[0m
[07/09/2026 09:45:12] OPTIONS /api/sous-sections/section/22
[07/09/2026 09:45:12] GET /api/sous-sections/section/22
[0mGET /api/quizzes/chapter/13 [36m304[0m 561.483 ms - -[0m
[0mGET /api/sous-sections/section/22 [36m304[0m 681.601 ms - -[0m
[07/09/2026 09:45:14] OPTIONS /api/notifications/count-unread
[07/09/2026 09:45:14] GET /api/notifications/count-unread
[0mGET /api/notifications/count-unread [36m304[0m 170.983 ms - -[0m
[07/09/2026 09:46:14] OPTIONS /api/notifications/count-unread
[07/09/2026 09:46:14] GET /api/notifications/count-unread
[0mGET /api/notifications/count-unread [36m304[0m 236.510 ms - -[0m
[07/09/2026 09:47:14] OPTIONS /api/notifications/count-unread
[07/09/2026 09:47:14] GET /api/notifications/count-unread
[0mGET /api/notifications/count-unread [36m304[0m 181.737 ms - -[0m
[07/09/2026 09:47:23] OPTIONS /api/auth/login
[07/09/2026 09:47:23] POST /api/auth/login
[0mPOST /api/auth/login [32m200[0m 496.783 ms - 384[0m
[07/09/2026 09:47:23] OPTIONS /api/notifications/count-unread
[07/09/2026 09:47:23] OPTIONS /api/notifications/count-unread
[07/09/2026 09:47:23] GET /api/notifications/count-unread
[07/09/2026 09:47:23] OPTIONS /api/formations
[07/09/2026 09:47:23] GET /api/formations
[0mGET /api/notifications/count-unread [32m200[0m 167.981 ms - 106[0m
[07/09/2026 09:47:24] GET /api/notifications/count-unread
[0mGET /api/notifications/count-unread [36m304[0m 167.350 ms - -[0m
[07/09/2026 09:47:24] GET /api/notifications/count-unread
[0mGET /api/formations [32m200[0m 523.657 ms - -[0m
[07/09/2026 09:47:24] GET /api/formations
[07/09/2026 09:47:24] OPTIONS /api/auth/me
[07/09/2026 09:47:24] OPTIONS /api/auth/me
[07/09/2026 09:47:24] GET /api/auth/me
[0mGET /api/notifications/count-unread [36m304[0m 171.720 ms - -[0m
[07/09/2026 09:47:24] GET /api/notifications/count-unread
[0mGET /api/formations [36m304[0m 174.267 ms - -[0m
[0mGET /api/notifications/count-unread [36m304[0m 171.558 ms - -[0m
[0mGET /api/auth/me [32m200[0m 696.102 ms - 163[0m
[07/09/2026 09:47:25] GET /api/auth/me
[0mGET /api/auth/me [36m304[0m 174.104 ms - -[0m
[07/09/2026 09:47:25] OPTIONS /api/formations/6
[07/09/2026 09:47:25] OPTIONS /api/formations/6
[07/09/2026 09:47:25] GET /api/formations/6
[0mGET /api/formations/6 [32m200[0m 172.683 ms - 371[0m
[07/09/2026 09:47:25] GET /api/formations/6
[07/09/2026 09:47:25] OPTIONS /api/chapters/formation/6
[07/09/2026 09:47:25] GET /api/chapters/formation/6
[0mGET /api/formations/6 [36m304[0m 197.885 ms - -[0m
[0mGET /api/chapters/formation/6 [32m200[0m 361.803 ms - 231[0m
[07/09/2026 09:47:25] GET /api/chapters/formation/6
[07/09/2026 09:47:25] OPTIONS /api/quizzes/chapter/13
[07/09/2026 09:47:25] OPTIONS /api/quizzes/chapter/13
[07/09/2026 09:47:25] GET /api/quizzes/chapter/13
[07/09/2026 09:47:26] OPTIONS /api/sections/chapter/13
[07/09/2026 09:47:26] GET /api/sections/chapter/13
[0mGET /api/chapters/formation/6 [36m304[0m 338.237 ms - -[0m
[0mGET /api/quizzes/chapter/13 [32m200[0m 509.586 ms - 70[0m
[07/09/2026 09:47:26] GET /api/quizzes/chapter/13
[0mGET /api/sections/chapter/13 [32m200[0m 502.976 ms - 801[0m
[07/09/2026 09:47:26] OPTIONS /api/sous-sections/section/22
[07/09/2026 09:47:26] GET /api/sous-sections/section/22
[07/09/2026 09:47:26] GET /api/files/4-1788770707027-test-image.png?token=eyJhbGciOiJIUzI1NiIsInR5cCI6IkpXVCJ9.eyJpZCI6NCwicm9sZSI6IkZvcm1hdGV1ciIsImVtYWlsIjoiamVhbi5wYXVsQHR1dG9yZS5sb2NhbCIsImlhdCI6MTc4ODc3MDg0MywiZXhwIjoxNzg4ODU3MjQzfQ.fkLvmvBj4KSiV7PMuWLmS3K65lDldaQAR38ejezsEvI
[0mGET /api/quizzes/chapter/13 [36m304[0m 518.571 ms - -[0m
[07/09/2026 09:47:27] OPTIONS /api/sections/22
[07/09/2026 09:47:27] PUT /api/sections/22
[0mGET /api/sous-sections/section/22 [32m200[0m 711.462 ms - 167[0m
[0mGET /api/files/4-1788770707027-test-image.png?token=eyJhbGciOiJIUzI1NiIsInR5cCI6IkpXVCJ9.eyJpZCI6NCwicm9sZSI6IkZvcm1hdGV1ciIsImVtYWlsIjoiamVhbi5wYXVsQHR1dG9yZS5sb2NhbCIsImlhdCI6MTc4ODc3MDg0MywiZXhwIjoxNzg4ODU3MjQzfQ.fkLvmvBj4KSiV7PMuWLmS3K65lDldaQAR38ejezsEvI [32m200[0m 677.225 ms - 70[0m
[0mPUT /api/sections/22 [32m200[0m 1017.385 ms - 849[0m
[07/09/2026 09:47:28] GET /api/sections/chapter/13
[0mGET /api/sections/chapter/13 [36m304[0m 499.534 ms - -[0m
[07/09/2026 09:47:28] GET /api/auth/me
[0mGET /api/auth/me [36m304[0m 338.696 ms - -[0m
[07/09/2026 09:47:29] GET /api/auth/me
[0mGET /api/auth/me [36m304[0m 171.411 ms - -[0m
[07/09/2026 09:47:29] GET /api/formations/6
[0mGET /api/formations/6 [36m304[0m 167.658 ms - -[0m
[07/09/2026 09:47:29] GET /api/formations/6
[07/09/2026 09:47:29] GET /api/chapters/formation/6
[0mGET /api/formations/6 [36m304[0m 164.258 ms - -[0m
[0mGET /api/chapters/formation/6 [36m304[0m 371.824 ms - -[0m
[07/09/2026 09:47:30] GET /api/chapters/formation/6
[07/09/2026 09:47:30] GET /api/quizzes/chapter/13
[07/09/2026 09:47:30] GET /api/sections/chapter/13
[0mGET /api/chapters/formation/6 [36m304[0m 347.868 ms - -[0m
[0mGET /api/quizzes/chapter/13 [36m304[0m 491.254 ms - -[0m
[07/09/2026 09:47:30] GET /api/quizzes/chapter/13
[0mGET /api/sections/chapter/13 [36m304[0m 532.108 ms - -[0m
[07/09/2026 09:47:30] GET /api/sous-sections/section/22
[0mGET /api/quizzes/chapter/13 [36m304[0m 532.528 ms - -[0m
[0mGET /api/sous-sections/section/22 [36m304[0m 727.421 ms - -[0m
[07/09/2026 09:48:14] OPTIONS /api/notifications/count-unread
[07/09/2026 09:48:14] GET /api/notifications/count-unread
[0mGET /api/notifications/count-unread [36m304[0m 176.395 ms - -[0m
[07/09/2026 09:49:14] OPTIONS /api/notifications/count-unread
[07/09/2026 09:49:14] GET /api/notifications/count-unread
[0mGET /api/notifications/count-unread [36m304[0m 198.306 ms - -[0m
[07/09/2026 09:49:26] POST /api/auth/login
[0mPOST /api/auth/login [32m200[0m 920.914 ms - 384[0m
[07/09/2026 09:49:27] GET /api/sous-sections/section/22
[0mGET /api/sous-sections/section/22 [33m401[0m 0.149 ms - 78[0m
[07/09/2026 09:50:14] OPTIONS /api/notifications/count-unread
[07/09/2026 09:50:14] GET /api/notifications/count-unread
Error: read ECONNRESET
    at NotificationRepository.countUnreadByUserId (file:///D:/E-LearnigLocal/backend/src/repositories/notification.repository.js:118:31)
    at NotificationService.countUnreadNotifications (file:///D:/E-LearnigLocal/backend/src/services/notification.service.js:113:41)
    at countUnread (file:///D:/E-LearnigLocal/backend/src/controllers/notification.controller.js:152:47)
    at Layer.handle [as handle_request] (D:\E-LearnigLocal\backend\node_modules\express\lib\router\layer.js:95:5)
    at next (D:\E-LearnigLocal\backend\node_modules\express\lib\router\route.js:149:13)
    at authMiddleware (file:///D:/E-LearnigLocal/backend/src/middlewares/auth.middleware.js:36:5)
    at Layer.handle [as handle_request] (D:\E-LearnigLocal\backend\node_modules\express\lib\router\layer.js:95:5)
    at next (D:\E-LearnigLocal\backend\node_modules\express\lib\router\route.js:149:13)
    at Route.dispatch (D:\E-LearnigLocal\backend\node_modules\express\lib\router\route.js:119:3)
    at Layer.handle [as handle_request] (D:\E-LearnigLocal\backend\node_modules\express\lib\router\layer.js:95:5) {
  errno: -4077,
  code: 'ECONNRESET',
  syscall: 'read',
  fatal: true
}
[0mGET /api/notifications/count-unread [31m500[0m 207.175 ms - 76[0m
[07/09/2026 09:50:29] POST /api/auth/login
Error: connect ECONNREFUSED 127.0.0.1:1428
    at AuthRepository.findByEmail (file:///D:/E-LearnigLocal/backend/src/repositories/auth.repository.js:25:31)
    at AuthService.login (file:///D:/E-LearnigLocal/backend/src/services/auth.service.js:93:34)
    at login (file:///D:/E-LearnigLocal/backend/src/controllers/auth.controller.js:25:40)
    at Layer.handle [as handle_request] (D:\E-LearnigLocal\backend\node_modules\express\lib\router\layer.js:95:5)
    at next (D:\E-LearnigLocal\backend\node_modules\express\lib\router\route.js:149:13)
    at validate (file:///D:/E-LearnigLocal/backend/src/middlewares/validate.js:23:3)
    at Layer.handle [as handle_request] (D:\E-LearnigLocal\backend\node_modules\express\lib\router\layer.js:95:5)
    at next (D:\E-LearnigLocal\backend\node_modules\express\lib\router\route.js:149:13)
    at middleware (D:\E-LearnigLocal\backend\node_modules\express-validator\lib\middlewares\check.js:16:13)
    at process.processTicksAndRejections (node:internal/process/task_queues:104:5) {
  errno: -4078,
  code: 'ECONNREFUSED',
  syscall: 'connect',
  address: '127.0.0.1',
  port: 1428,
  fatal: true
}
[0mPOST /api/auth/login [31m500[0m 1.942 ms - 76[0m
[07/09/2026 09:50:29] GET /api/sections/22
[0mGET /api/sections/22 [33m401[0m 0.122 ms - 78[0m
[07/09/2026 09:50:29] GET /api/chapitres/13
[0mGET /api/chapitres/13 [33m404[0m 0.239 ms - 48[0m
[07/09/2026 09:51:14] OPTIONS /api/notifications/count-unread
[07/09/2026 09:51:14] GET /api/notifications/count-unread
[0mGET /api/notifications/count-unread [32m200[0m 638.206 ms - 106[0m
[07/09/2026 09:52:00] POST /api/auth/login
[0mPOST /api/auth/login [32m200[0m 493.569 ms - 384[0m
[07/09/2026 09:52:01] GET /api/sous-sections/section/22
[0mGET /api/sous-sections/section/22 [33m401[0m 0.168 ms - 78[0m
[07/09/2026 09:52:14] OPTIONS /api/notifications/count-unread
[07/09/2026 09:52:14] GET /api/notifications/count-unread
[0mGET /api/notifications/count-unread [36m304[0m 186.488 ms - -[0m
[07/09/2026 09:52:15] POST /api/auth/login
[0mPOST /api/auth/login [32m200[0m 300.785 ms - 384[0m
[07/09/2026 09:52:27] POST /api/auth/login
[0mPOST /api/auth/login [32m200[0m 256.111 ms - 384[0m
[07/09/2026 09:52:27] GET /api/sous-sections/section/22
[0mGET /api/sous-sections/section/22 [32m200[0m 1016.628 ms - 167[0m
[07/09/2026 09:53:14] OPTIONS /api/notifications/count-unread
[07/09/2026 09:53:14] GET /api/notifications/count-unread
[0mGET /api/notifications/count-unread [36m304[0m 244.395 ms - -[0m
[07/09/2026 09:54:14] OPTIONS /api/notifications/count-unread
[07/09/2026 09:54:14] GET /api/notifications/count-unread
[0mGET /api/notifications/count-unread [36m304[0m 286.865 ms - -[0m
[07/09/2026 09:54:32] OPTIONS /api/auth/login
[07/09/2026 09:54:32] POST /api/auth/login
[0mPOST /api/auth/login [32m200[0m 292.281 ms - 384[0m
[07/09/2026 09:54:32] OPTIONS /api/notifications/count-unread
[07/09/2026 09:54:32] OPTIONS /api/notifications/count-unread
[07/09/2026 09:54:32] GET /api/notifications/count-unread
[07/09/2026 09:54:32] OPTIONS /api/formations
[07/09/2026 09:54:32] OPTIONS /api/formations
[07/09/2026 09:54:32] GET /api/formations
[0mGET /api/notifications/count-unread [32m200[0m 319.736 ms - 106[0m
[07/09/2026 09:54:32] GET /api/notifications/count-unread
[07/09/2026 09:54:32] OPTIONS /api/auth/me
[07/09/2026 09:54:32] OPTIONS /api/auth/me
[0mGET /api/notifications/count-unread [36m304[0m 164.084 ms - -[0m
[07/09/2026 09:54:32] GET /api/auth/me
[07/09/2026 09:54:32] GET /api/notifications/count-unread
[0mGET /api/formations [32m200[0m 688.508 ms - -[0m
[07/09/2026 09:54:33] GET /api/formations
[0mGET /api/formations [36m304[0m 174.626 ms - -[0m
[0mGET /api/notifications/count-unread [0m-[0m - ms - -[0m
[07/09/2026 09:54:33] GET /api/notifications/count-unread
[0mGET /api/notifications/count-unread [0m-[0m - ms - -[0m
[0mGET /api/auth/me [32m200[0m 395.004 ms - 163[0m
[07/09/2026 09:54:33] GET /api/auth/me
[0mGET /api/auth/me [36m304[0m 170.056 ms - -[0m
[07/09/2026 09:54:33] OPTIONS /api/formations/6
[07/09/2026 09:54:33] OPTIONS /api/formations/6
[07/09/2026 09:54:33] GET /api/formations/6
[0mGET /api/formations/6 [32m200[0m 213.231 ms - 371[0m
[07/09/2026 09:54:33] GET /api/formations/6
[07/09/2026 09:54:33] OPTIONS /api/chapters/formation/6
[07/09/2026 09:54:33] GET /api/chapters/formation/6
[0mGET /api/formations/6 [36m304[0m 163.434 ms - -[0m
[0mGET /api/chapters/formation/6 [32m200[0m 396.969 ms - 231[0m
[07/09/2026 09:54:34] GET /api/chapters/formation/6
[07/09/2026 09:54:34] OPTIONS /api/quizzes/chapter/13
[07/09/2026 09:54:34] OPTIONS /api/quizzes/chapter/13
[07/09/2026 09:54:34] GET /api/quizzes/chapter/13
[07/09/2026 09:54:34] OPTIONS /api/sections/chapter/13
[07/09/2026 09:54:34] GET /api/sections/chapter/13
[0mGET /api/chapters/formation/6 [36m304[0m 335.636 ms - -[0m
[0mGET /api/quizzes/chapter/13 [32m200[0m 599.290 ms - 70[0m
[07/09/2026 09:54:34] GET /api/quizzes/chapter/13
[0mGET /api/sections/chapter/13 [32m200[0m 532.663 ms - 801[0m
[07/09/2026 09:54:34] OPTIONS /api/sous-sections/section/22
[07/09/2026 09:54:34] GET /api/sous-sections/section/22
[07/09/2026 09:54:35] GET /api/files/4-1788770707027-test-image.png?token=eyJhbGciOiJIUzI1NiIsInR5cCI6IkpXVCJ9.eyJpZCI6NCwicm9sZSI6IkZvcm1hdGV1ciIsImVtYWlsIjoiamVhbi5wYXVsQHR1dG9yZS5sb2NhbCIsImlhdCI6MTc4ODc3MTI3MiwiZXhwIjoxNzg4ODU3NjcyfQ.VkT5fphbiyqXzhffnMibCRTsT3wNsAHITBkA_WDzFZ0
[0mGET /api/quizzes/chapter/13 [36m304[0m 832.642 ms - -[0m
[0mGET /api/sous-sections/section/22 [32m200[0m 878.124 ms - 167[0m
[0mGET /api/files/4-1788770707027-test-image.png?token=eyJhbGciOiJIUzI1NiIsInR5cCI6IkpXVCJ9.eyJpZCI6NCwicm9sZSI6IkZvcm1hdGV1ciIsImVtYWlsIjoiamVhbi5wYXVsQHR1dG9yZS5sb2NhbCIsImlhdCI6MTc4ODc3MTI3MiwiZXhwIjoxNzg4ODU3NjcyfQ.VkT5fphbiyqXzhffnMibCRTsT3wNsAHITBkA_WDzFZ0 [32m200[0m 966.856 ms - 70[0m
[07/09/2026 09:55:14] OPTIONS /api/notifications/count-unread
[07/09/2026 09:55:14] GET /api/notifications/count-unread
[0mGET /api/notifications/count-unread [36m304[0m 266.553 ms - -[0m
[07/09/2026 09:55:48] OPTIONS /api/auth/login
[07/09/2026 09:55:48] POST /api/auth/login
[0mPOST /api/auth/login [32m200[0m 444.988 ms - 384[0m
[07/09/2026 09:55:48] OPTIONS /api/notifications/count-unread
[07/09/2026 09:55:48] OPTIONS /api/notifications/count-unread
[07/09/2026 09:55:48] GET /api/notifications/count-unread
[07/09/2026 09:55:48] OPTIONS /api/formations
[07/09/2026 09:55:48] OPTIONS /api/formations
[07/09/2026 09:55:48] GET /api/formations
[0mGET /api/notifications/count-unread [32m200[0m 164.592 ms - 106[0m
[07/09/2026 09:55:49] GET /api/notifications/count-unread
[0mGET /api/notifications/count-unread [36m304[0m 175.698 ms - -[0m
[07/09/2026 09:55:49] GET /api/notifications/count-unread
[07/09/2026 09:55:49] OPTIONS /api/auth/me
[07/09/2026 09:55:49] OPTIONS /api/auth/me
[07/09/2026 09:55:49] GET /api/auth/me
[0mGET /api/notifications/count-unread [36m304[0m 193.820 ms - -[0m
[0mGET /api/formations [32m200[0m 568.312 ms - -[0m
[07/09/2026 09:55:49] GET /api/notifications/count-unread
[07/09/2026 09:55:49] GET /api/formations
[0mGET /api/notifications/count-unread [36m304[0m 179.440 ms - -[0m
[0mGET /api/formations [36m304[0m 193.634 ms - -[0m
[0mGET /api/auth/me [32m200[0m 659.476 ms - 163[0m
[07/09/2026 09:55:50] GET /api/auth/me
[0mGET /api/auth/me [36m304[0m 164.359 ms - -[0m
[07/09/2026 09:55:50] OPTIONS /api/formations/6
[07/09/2026 09:55:50] OPTIONS /api/formations/6
[07/09/2026 09:55:50] GET /api/formations/6
[0mGET /api/formations/6 [32m200[0m 162.566 ms - 371[0m
[07/09/2026 09:55:50] GET /api/formations/6
[07/09/2026 09:55:50] OPTIONS /api/chapters/formation/6
[07/09/2026 09:55:50] GET /api/chapters/formation/6
[0mGET /api/formations/6 [36m304[0m 163.840 ms - -[0m
[0mGET /api/chapters/formation/6 [32m200[0m 402.366 ms - 231[0m
[07/09/2026 09:55:50] GET /api/chapters/formation/6
[07/09/2026 09:55:50] OPTIONS /api/quizzes/chapter/13
[07/09/2026 09:55:50] OPTIONS /api/quizzes/chapter/13
[07/09/2026 09:55:50] GET /api/quizzes/chapter/13
[07/09/2026 09:55:50] OPTIONS /api/sections/chapter/13
[07/09/2026 09:55:50] GET /api/sections/chapter/13
[0mGET /api/chapters/formation/6 [36m304[0m 597.720 ms - -[0m
[0mGET /api/quizzes/chapter/13 [32m200[0m 1017.847 ms - 70[0m
[07/09/2026 09:55:51] GET /api/quizzes/chapter/13
[0mGET /api/sections/chapter/13 [32m200[0m 1359.009 ms - 801[0m
[07/09/2026 09:55:52] OPTIONS /api/sous-sections/section/22
[07/09/2026 09:55:52] GET /api/sous-sections/section/22
[07/09/2026 09:55:52] GET /api/files/4-1788770707027-test-image.png?token=eyJhbGciOiJIUzI1NiIsInR5cCI6IkpXVCJ9.eyJpZCI6NCwicm9sZSI6IkZvcm1hdGV1ciIsImVtYWlsIjoiamVhbi5wYXVsQHR1dG9yZS5sb2NhbCIsImlhdCI6MTc4ODc3MTM0OCwiZXhwIjoxNzg4ODU3NzQ4fQ.Y6d2bcGq1ZdM7xKEyStNpOFi2YeVqv2YAHcl-QA4Ek0
[0mGET /api/quizzes/chapter/13 [36m304[0m 941.301 ms - -[0m
[07/09/2026 09:55:52] OPTIONS /api/files/upload
[07/09/2026 09:55:52] POST /api/files/upload
[0mPOST /api/files/upload [32m201[0m 3.772 ms - 187[0m
[07/09/2026 09:55:52] GET /api/files/4-1788771352793-test-image.png?token=eyJhbGciOiJIUzI1NiIsInR5cCI6IkpXVCJ9.eyJpZCI6NCwicm9sZSI6IkZvcm1hdGV1ciIsImVtYWlsIjoiamVhbi5wYXVsQHR1dG9yZS5sb2NhbCIsImlhdCI6MTc4ODc3MTM0OCwiZXhwIjoxNzg4ODU3NzQ4fQ.Y6d2bcGq1ZdM7xKEyStNpOFi2YeVqv2YAHcl-QA4Ek0
[0mGET /api/files/4-1788771352793-test-image.png?token=eyJhbGciOiJIUzI1NiIsInR5cCI6IkpXVCJ9.eyJpZCI6NCwicm9sZSI6IkZvcm1hdGV1ciIsImVtYWlsIjoiamVhbi5wYXVsQHR1dG9yZS5sb2NhbCIsImlhdCI6MTc4ODc3MTM0OCwiZXhwIjoxNzg4ODU3NzQ4fQ.Y6d2bcGq1ZdM7xKEyStNpOFi2YeVqv2YAHcl-QA4Ek0 [32m200[0m 166.483 ms - 70[0m
[07/09/2026 09:55:53] POST /api/files/upload
[0mPOST /api/files/upload [32m201[0m 1.691 ms - 192[0m
[0mGET /api/sous-sections/section/22 [32m200[0m 797.785 ms - 167[0m
[07/09/2026 09:55:53] OPTIONS /api/sections/22
[07/09/2026 09:55:53] PUT /api/sections/22
[0mGET /api/files/4-1788770707027-test-image.png?token=eyJhbGciOiJIUzI1NiIsInR5cCI6IkpXVCJ9.eyJpZCI6NCwicm9sZSI6IkZvcm1hdGV1ciIsImVtYWlsIjoiamVhbi5wYXVsQHR1dG9yZS5sb2NhbCIsImlhdCI6MTc4ODc3MTM0OCwiZXhwIjoxNzg4ODU3NzQ4fQ.Y6d2bcGq1ZdM7xKEyStNpOFi2YeVqv2YAHcl-QA4Ek0 [32m200[0m 852.876 ms - 70[0m
[0mPUT /api/sections/22 [32m200[0m 1145.755 ms - 983[0m
[07/09/2026 09:55:54] GET /api/sections/chapter/13
[0mGET /api/sections/chapter/13 [32m200[0m 492.260 ms - 935[0m
[07/09/2026 09:55:55] OPTIONS /api/auth/me
[07/09/2026 09:55:55] OPTIONS /api/auth/me
[07/09/2026 09:55:55] GET /api/auth/me
[0mGET /api/auth/me [36m304[0m 327.264 ms - -[0m
[07/09/2026 09:55:55] GET /api/auth/me
[0mGET /api/auth/me [36m304[0m 159.224 ms - -[0m
[07/09/2026 09:55:55] OPTIONS /api/formations/6
[07/09/2026 09:55:55] OPTIONS /api/formations/6
[07/09/2026 09:55:55] GET /api/formations/6
[0mGET /api/formations/6 [36m304[0m 158.003 ms - -[0m
[07/09/2026 09:55:56] GET /api/formations/6
[07/09/2026 09:55:56] OPTIONS /api/chapters/formation/6
[07/09/2026 09:55:56] GET /api/chapters/formation/6
[0mGET /api/formations/6 [36m304[0m 172.766 ms - -[0m
[0mGET /api/chapters/formation/6 [36m304[0m 331.983 ms - -[0m
[07/09/2026 09:55:56] GET /api/chapters/formation/6
[07/09/2026 09:55:56] OPTIONS /api/quizzes/chapter/13
[07/09/2026 09:55:56] OPTIONS /api/quizzes/chapter/13
[07/09/2026 09:55:56] GET /api/quizzes/chapter/13
[07/09/2026 09:55:56] OPTIONS /api/sections/chapter/13
[07/09/2026 09:55:56] GET /api/sections/chapter/13
[0mGET /api/chapters/formation/6 [36m304[0m 327.689 ms - -[0m
[0mGET /api/quizzes/chapter/13 [36m304[0m 500.908 ms - -[0m
[07/09/2026 09:55:56] GET /api/quizzes/chapter/13
[0mGET /api/sections/chapter/13 [36m304[0m 543.464 ms - -[0m
[07/09/2026 09:55:57] GET /api/sous-sections/section/22
[0mGET /api/quizzes/chapter/13 [36m304[0m 550.905 ms - -[0m
[0mGET /api/sous-sections/section/22 [36m304[0m 713.873 ms - -[0m
[07/09/2026 09:55:57] OPTIONS /api/sous-sections/23
[07/09/2026 09:55:57] GET /api/sous-sections/23
[07/09/2026 09:55:57] OPTIONS /api/files/upload
[07/09/2026 09:55:57] POST /api/files/upload
[0mPOST /api/files/upload [32m201[0m 1.734 ms - 187[0m
[07/09/2026 09:55:58] GET /api/files/4-1788771357991-test-video.mp4?token=eyJhbGciOiJIUzI1NiIsInR5cCI6IkpXVCJ9.eyJpZCI6NCwicm9sZSI6IkZvcm1hdGV1ciIsImVtYWlsIjoiamVhbi5wYXVsQHR1dG9yZS5sb2NhbCIsImlhdCI6MTc4ODc3MTM0OCwiZXhwIjoxNzg4ODU3NzQ4fQ.Y6d2bcGq1ZdM7xKEyStNpOFi2YeVqv2YAHcl-QA4Ek0
[0mGET /api/files/4-1788771357991-test-video.mp4?token=eyJhbGciOiJIUzI1NiIsInR5cCI6IkpXVCJ9.eyJpZCI6NCwicm9sZSI6IkZvcm1hdGV1ciIsImVtYWlsIjoiamVhbi5wYXVsQHR1dG9yZS5sb2NhbCIsImlhdCI6MTc4ODc3MTM0OCwiZXhwIjoxNzg4ODU3NzQ4fQ.Y6d2bcGq1ZdM7xKEyStNpOFi2YeVqv2YAHcl-QA4Ek0 [32m206[0m 171.206 ms - 58[0m
[07/09/2026 09:55:58] OPTIONS /api/sous-sections/23
[0mGET /api/sous-sections/23 [32m200[0m 703.199 ms - 210[0m
[07/09/2026 09:55:58] PUT /api/sous-sections/23
[0mPUT /api/sous-sections/23 [32m200[0m 1244.585 ms - 293[0m
[07/09/2026 09:55:59] OPTIONS /api/sous-sections/section/22
[07/09/2026 09:55:59] GET /api/sous-sections/section/22
[0mGET /api/sous-sections/section/22 [36m304[0m 767.424 ms - -[0m
[07/09/2026 09:56:01] OPTIONS /api/auth/me
[07/09/2026 09:56:01] OPTIONS /api/auth/me
[07/09/2026 09:56:01] GET /api/auth/me
[0mGET /api/auth/me [36m304[0m 358.094 ms - -[0m
[07/09/2026 09:56:01] GET /api/auth/me
[0mGET /api/auth/me [36m304[0m 285.931 ms - -[0m
[07/09/2026 09:56:01] OPTIONS /api/formations/6
[07/09/2026 09:56:01] OPTIONS /api/formations/6
[07/09/2026 09:56:01] GET /api/formations/6
[0mGET /api/formations/6 [36m304[0m 223.951 ms - -[0m
[07/09/2026 09:56:01] GET /api/formations/6
[07/09/2026 09:56:01] OPTIONS /api/chapters/formation/6
[07/09/2026 09:56:01] GET /api/chapters/formation/6
[0mGET /api/formations/6 [36m304[0m 186.183 ms - -[0m
[0mGET /api/chapters/formation/6 [36m304[0m 385.587 ms - -[0m
[07/09/2026 09:56:02] GET /api/chapters/formation/6
[07/09/2026 09:56:02] OPTIONS /api/quizzes/chapter/13
[07/09/2026 09:56:02] OPTIONS /api/quizzes/chapter/13
[07/09/2026 09:56:02] GET /api/quizzes/chapter/13
[07/09/2026 09:56:02] OPTIONS /api/sections/chapter/13
[07/09/2026 09:56:02] GET /api/sections/chapter/13
[0mGET /api/chapters/formation/6 [36m304[0m 726.611 ms - -[0m
[0mGET /api/quizzes/chapter/13 [36m304[0m 971.288 ms - -[0m
[07/09/2026 09:56:03] GET /api/quizzes/chapter/13
[0mGET /api/sections/chapter/13 [36m304[0m 942.144 ms - -[0m
[07/09/2026 09:56:03] GET /api/sous-sections/section/22
[0mGET /api/quizzes/chapter/13 [36m304[0m 763.686 ms - -[0m
[0mGET /api/sous-sections/section/22 [36m304[0m 1513.363 ms - -[0m
[07/09/2026 09:56:05] OPTIONS /api/sous-sections/23
[07/09/2026 09:56:05] GET /api/sous-sections/23
[0mGET /api/sous-sections/23 [32m200[0m 689.946 ms - 296[0m
[07/09/2026 09:56:06] GET /api/files/4-1788771357991-test-video.mp4?token=eyJhbGciOiJIUzI1NiIsInR5cCI6IkpXVCJ9.eyJpZCI6NCwicm9sZSI6IkZvcm1hdGV1ciIsImVtYWlsIjoiamVhbi5wYXVsQHR1dG9yZS5sb2NhbCIsImlhdCI6MTc4ODc3MTM0OCwiZXhwIjoxNzg4ODU3NzQ4fQ.Y6d2bcGq1ZdM7xKEyStNpOFi2YeVqv2YAHcl-QA4Ek0
[0mGET /api/files/4-1788771357991-test-video.mp4?token=eyJhbGciOiJIUzI1NiIsInR5cCI6IkpXVCJ9.eyJpZCI6NCwicm9sZSI6IkZvcm1hdGV1ciIsImVtYWlsIjoiamVhbi5wYXVsQHR1dG9yZS5sb2NhbCIsImlhdCI6MTc4ODc3MTM0OCwiZXhwIjoxNzg4ODU3NzQ4fQ.Y6d2bcGq1ZdM7xKEyStNpOFi2YeVqv2YAHcl-QA4Ek0 [0m-[0m - ms - -[0m
[07/09/2026 09:56:14] OPTIONS /api/notifications/count-unread
[07/09/2026 09:56:14] GET /api/notifications/count-unread
[0mGET /api/notifications/count-unread [36m304[0m 181.944 ms - -[0m
[07/09/2026 09:57:14] OPTIONS /api/notifications/count-unread
[07/09/2026 09:57:14] GET /api/notifications/count-unread
[0mGET /api/notifications/count-unread [36m304[0m 257.830 ms - -[0m
[07/09/2026 09:58:14] OPTIONS /api/notifications/count-unread
[07/09/2026 09:58:14] GET /api/notifications/count-unread
[0mGET /api/notifications/count-unread [36m304[0m 177.924 ms - -[0m
[07/09/2026 09:59:14] OPTIONS /api/notifications/count-unread
[07/09/2026 09:59:14] GET /api/notifications/count-unread
[0mGET /api/notifications/count-unread [36m304[0m 169.280 ms - -[0m
[07/09/2026 10:00:14] OPTIONS /api/notifications/count-unread
[07/09/2026 10:00:14] GET /api/notifications/count-unread
[0mGET /api/notifications/count-unread [36m304[0m 166.614 ms - -[0m
[07/09/2026 10:01:14] OPTIONS /api/notifications/count-unread
[07/09/2026 10:01:14] GET /api/notifications/count-unread
[0mGET /api/notifications/count-unread [36m304[0m 178.017 ms - -[0m
[07/09/2026 10:02:14] OPTIONS /api/notifications/count-unread
[07/09/2026 10:02:14] GET /api/notifications/count-unread
[0mGET /api/notifications/count-unread [36m304[0m 188.620 ms - -[0m
[07/09/2026 10:03:14] OPTIONS /api/notifications/count-unread
[07/09/2026 10:03:14] GET /api/notifications/count-unread
[0mGET /api/notifications/count-unread [36m304[0m 179.889 ms - -[0m
[07/09/2026 10:04:14] OPTIONS /api/notifications/count-unread
[07/09/2026 10:04:14] GET /api/notifications/count-unread
[0mGET /api/notifications/count-unread [36m304[0m 164.012 ms - -[0m
[07/09/2026 10:05:14] OPTIONS /api/notifications/count-unread
[07/09/2026 10:05:14] GET /api/notifications/count-unread
[0mGET /api/notifications/count-unread [36m304[0m 193.611 ms - -[0m
[07/09/2026 10:06:14] OPTIONS /api/notifications/count-unread
[07/09/2026 10:06:14] GET /api/notifications/count-unread
[0mGET /api/notifications/count-unread [36m304[0m 162.867 ms - -[0m
[07/09/2026 10:07:14] OPTIONS /api/notifications/count-unread
[07/09/2026 10:07:14] GET /api/notifications/count-unread
[0mGET /api/notifications/count-unread [36m304[0m 197.097 ms - -[0m
[07/09/2026 10:08:14] OPTIONS /api/notifications/count-unread
[07/09/2026 10:08:14] GET /api/notifications/count-unread
[0mGET /api/notifications/count-unread [36m304[0m 164.130 ms - -[0m
[07/09/2026 10:09:14] OPTIONS /api/notifications/count-unread
[07/09/2026 10:09:14] GET /api/notifications/count-unread
[0mGET /api/notifications/count-unread [36m304[0m 367.436 ms - -[0m
[07/09/2026 10:10:14] OPTIONS /api/notifications/count-unread
[07/09/2026 10:10:14] GET /api/notifications/count-unread
[0mGET /api/notifications/count-unread [36m304[0m 165.771 ms - -[0m
[07/09/2026 10:11:14] OPTIONS /api/notifications/count-unread
[07/09/2026 10:11:14] GET /api/notifications/count-unread
[0mGET /api/notifications/count-unread [36m304[0m 174.189 ms - -[0m
[07/09/2026 10:12:14] OPTIONS /api/notifications/count-unread
[07/09/2026 10:12:14] GET /api/notifications/count-unread
[0mGET /api/notifications/count-unread [36m304[0m 166.512 ms - -[0m
[07/09/2026 10:13:14] OPTIONS /api/notifications/count-unread
[07/09/2026 10:13:14] GET /api/notifications/count-unread
[0mGET /api/notifications/count-unread [36m304[0m 164.179 ms - -[0m
[07/09/2026 10:14:14] OPTIONS /api/notifications/count-unread
[07/09/2026 10:14:14] GET /api/notifications/count-unread
[0mGET /api/notifications/count-unread [36m304[0m 160.822 ms - -[0m
[07/09/2026 10:15:14] OPTIONS /api/notifications/count-unread
[07/09/2026 10:15:14] GET /api/notifications/count-unread
[0mGET /api/notifications/count-unread [36m304[0m 163.406 ms - -[0m
[07/09/2026 10:16:14] OPTIONS /api/notifications/count-unread
[07/09/2026 10:16:14] GET /api/notifications/count-unread
[0mGET /api/notifications/count-unread [36m304[0m 172.220 ms - -[0m
[07/09/2026 10:17:14] OPTIONS /api/notifications/count-unread
[07/09/2026 10:17:14] GET /api/notifications/count-unread
[0mGET /api/notifications/count-unread [36m304[0m 168.841 ms - -[0m
[07/09/2026 10:18:14] OPTIONS /api/notifications/count-unread
[07/09/2026 10:18:14] GET /api/notifications/count-unread
[0mGET /api/notifications/count-unread [36m304[0m 173.402 ms - -[0m
[07/09/2026 10:19:14] OPTIONS /api/notifications/count-unread
[07/09/2026 10:19:14] GET /api/notifications/count-unread
[0mGET /api/notifications/count-unread [36m304[0m 165.772 ms - -[0m
[07/09/2026 10:20:14] OPTIONS /api/notifications/count-unread
[07/09/2026 10:20:14] GET /api/notifications/count-unread
[0mGET /api/notifications/count-unread [36m304[0m 189.169 ms - -[0m
[07/09/2026 10:21:14] OPTIONS /api/notifications/count-unread
[07/09/2026 10:21:14] GET /api/notifications/count-unread
[0mGET /api/notifications/count-unread [36m304[0m 162.544 ms - -[0m
[07/09/2026 10:22:14] OPTIONS /api/notifications/count-unread
[07/09/2026 10:22:14] GET /api/notifications/count-unread
[0mGET /api/notifications/count-unread [36m304[0m 162.815 ms - -[0m
[07/09/2026 10:23:14] OPTIONS /api/notifications/count-unread
[07/09/2026 10:23:14] GET /api/notifications/count-unread
[0mGET /api/notifications/count-unread [36m304[0m 182.618 ms - -[0m
[07/09/2026 10:24:14] OPTIONS /api/notifications/count-unread
[07/09/2026 10:24:14] GET /api/notifications/count-unread
[0mGET /api/notifications/count-unread [36m304[0m 369.705 ms - -[0m
[07/09/2026 10:25:14] OPTIONS /api/notifications/count-unread
[07/09/2026 10:25:14] GET /api/notifications/count-unread
[0mGET /api/notifications/count-unread [36m304[0m 316.675 ms - -[0m
[07/09/2026 10:26:14] OPTIONS /api/notifications/count-unread
[07/09/2026 10:26:14] GET /api/notifications/count-unread
[0mGET /api/notifications/count-unread [36m304[0m 196.878 ms - -[0m
[07/09/2026 10:27:14] OPTIONS /api/notifications/count-unread
[07/09/2026 10:27:14] GET /api/notifications/count-unread
[0mGET /api/notifications/count-unread [36m304[0m 170.795 ms - -[0m
[07/09/2026 10:28:14] OPTIONS /api/notifications/count-unread
[07/09/2026 10:28:14] GET /api/notifications/count-unread
[0mGET /api/notifications/count-unread [36m304[0m 188.243 ms - -[0m
[07/09/2026 10:29:14] OPTIONS /api/notifications/count-unread
[07/09/2026 10:29:14] GET /api/notifications/count-unread
[0mGET /api/notifications/count-unread [36m304[0m 181.600 ms - -[0m
[07/09/2026 10:30:14] OPTIONS /api/notifications/count-unread
[07/09/2026 10:30:14] GET /api/notifications/count-unread
[0mGET /api/notifications/count-unread [36m304[0m 189.332 ms - -[0m
[07/09/2026 10:31:14] OPTIONS /api/notifications/count-unread
[07/09/2026 10:31:14] GET /api/notifications/count-unread
[0mGET /api/notifications/count-unread [36m304[0m 219.956 ms - -[0m
[07/09/2026 10:32:14] OPTIONS /api/notifications/count-unread
[07/09/2026 10:32:14] GET /api/notifications/count-unread
[0mGET /api/notifications/count-unread [36m304[0m 337.328 ms - -[0m
[07/09/2026 10:33:14] OPTIONS /api/notifications/count-unread
[07/09/2026 10:33:14] GET /api/notifications/count-unread
[0mGET /api/notifications/count-unread [36m304[0m 190.637 ms - -[0m
[07/09/2026 10:34:14] OPTIONS /api/notifications/count-unread
[07/09/2026 10:34:14] GET /api/notifications/count-unread
[0mGET /api/notifications/count-unread [36m304[0m 182.990 ms - -[0m
[07/09/2026 10:35:14] OPTIONS /api/notifications/count-unread
[07/09/2026 10:35:14] GET /api/notifications/count-unread
[0mGET /api/notifications/count-unread [36m304[0m 162.249 ms - -[0m
[07/09/2026 10:36:14] OPTIONS /api/notifications/count-unread
[07/09/2026 10:36:14] GET /api/notifications/count-unread
[0mGET /api/notifications/count-unread [36m304[0m 160.292 ms - -[0m
[07/09/2026 10:37:14] OPTIONS /api/notifications/count-unread
[07/09/2026 10:37:14] GET /api/notifications/count-unread
[0mGET /api/notifications/count-unread [36m304[0m 168.149 ms - -[0m
[07/09/2026 10:38:14] OPTIONS /api/notifications/count-unread
[07/09/2026 10:38:14] GET /api/notifications/count-unread
[0mGET /api/notifications/count-unread [36m304[0m 212.183 ms - -[0m
[07/09/2026 10:39:14] OPTIONS /api/notifications/count-unread
[07/09/2026 10:39:14] GET /api/notifications/count-unread
[0mGET /api/notifications/count-unread [36m304[0m 182.063 ms - -[0m
[07/09/2026 10:40:14] OPTIONS /api/notifications/count-unread
[07/09/2026 10:40:14] GET /api/notifications/count-unread
[0mGET /api/notifications/count-unread [36m304[0m 195.826 ms - -[0m
[07/09/2026 10:41:14] OPTIONS /api/notifications/count-unread
[07/09/2026 10:41:14] GET /api/notifications/count-unread
[0mGET /api/notifications/count-unread [36m304[0m 187.517 ms - -[0m
[07/09/2026 10:42:14] OPTIONS /api/notifications/count-unread
[07/09/2026 10:42:14] GET /api/notifications/count-unread
[0mGET /api/notifications/count-unread [36m304[0m 167.440 ms - -[0m
[07/09/2026 10:43:14] OPTIONS /api/notifications/count-unread
[07/09/2026 10:43:14] GET /api/notifications/count-unread
[0mGET /api/notifications/count-unread [36m304[0m 163.007 ms - -[0m
[07/09/2026 10:44:14] OPTIONS /api/notifications/count-unread
[07/09/2026 10:44:14] GET /api/notifications/count-unread
[0mGET /api/notifications/count-unread [36m304[0m 181.433 ms - -[0m
[07/09/2026 10:45:14] OPTIONS /api/notifications/count-unread
[07/09/2026 10:45:14] GET /api/notifications/count-unread
[0mGET /api/notifications/count-unread [36m304[0m 226.138 ms - -[0m
[07/09/2026 10:46:14] OPTIONS /api/notifications/count-unread
[07/09/2026 10:46:14] GET /api/notifications/count-unread
[0mGET /api/notifications/count-unread [36m304[0m 182.817 ms - -[0m
[07/09/2026 10:47:14] OPTIONS /api/notifications/count-unread
[07/09/2026 10:47:14] GET /api/notifications/count-unread
[0mGET /api/notifications/count-unread [36m304[0m 159.567 ms - -[0m
[07/09/2026 10:48:14] OPTIONS /api/notifications/count-unread
[07/09/2026 10:48:14] GET /api/notifications/count-unread
[0mGET /api/notifications/count-unread [36m304[0m 172.501 ms - -[0m
[07/09/2026 10:49:14] OPTIONS /api/notifications/count-unread
[07/09/2026 10:49:14] GET /api/notifications/count-unread
[0mGET /api/notifications/count-unread [36m304[0m 172.842 ms - -[0m
[07/09/2026 10:50:14] OPTIONS /api/notifications/count-unread
[07/09/2026 10:50:14] GET /api/notifications/count-unread
[0mGET /api/notifications/count-unread [36m304[0m 193.782 ms - -[0m
[07/09/2026 10:51:14] OPTIONS /api/notifications/count-unread
[07/09/2026 10:51:14] GET /api/notifications/count-unread
[0mGET /api/notifications/count-unread [36m304[0m 155.952 ms - -[0m
[07/09/2026 10:52:14] OPTIONS /api/notifications/count-unread
[07/09/2026 10:52:14] GET /api/notifications/count-unread
[0mGET /api/notifications/count-unread [36m304[0m 172.873 ms - -[0m
[07/09/2026 10:53:14] OPTIONS /api/notifications/count-unread
[07/09/2026 10:53:14] GET /api/notifications/count-unread
[0mGET /api/notifications/count-unread [36m304[0m 155.026 ms - -[0m
[07/09/2026 10:54:14] OPTIONS /api/notifications/count-unread
[07/09/2026 10:54:14] GET /api/notifications/count-unread
[0mGET /api/notifications/count-unread [36m304[0m 202.168 ms - -[0m
[07/09/2026 10:55:14] OPTIONS /api/notifications/count-unread
[07/09/2026 10:55:14] GET /api/notifications/count-unread
[0mGET /api/notifications/count-unread [36m304[0m 205.044 ms - -[0m
[07/09/2026 10:56:14] OPTIONS /api/notifications/count-unread
[07/09/2026 10:56:14] GET /api/notifications/count-unread
[0mGET /api/notifications/count-unread [36m304[0m 335.983 ms - -[0m
[07/09/2026 10:57:14] OPTIONS /api/notifications/count-unread
[07/09/2026 10:57:14] GET /api/notifications/count-unread
[0mGET /api/notifications/count-unread [36m304[0m 516.159 ms - -[0m
[07/09/2026 10:58:14] OPTIONS /api/notifications/count-unread
[07/09/2026 10:58:14] GET /api/notifications/count-unread
[0mGET /api/notifications/count-unread [36m304[0m 624.346 ms - -[0m
[07/09/2026 10:58:58] GET /api/files/1788720783085-tutore_e_learning.pdf?token=eyJhbGciOiJIUzI1NiIsInR5cCI6IkpXVCJ9.eyJpZCI6NCwicm9sZSI6IkZvcm1hdGV1ciIsImVtYWlsIjoiamVhbi5wYXVsQHR1dG9yZS5sb2NhbCIsImlhdCI6MTc4ODcyMDQxNywiZXhwIjoxNzg4ODA2ODE3fQ.izOOLcLLlC3IbePZ1UJ7J7Fke1nW07rJ1CBcsOh4ruU
[0mGET /api/files/1788720783085-tutore_e_learning.pdf?token=eyJhbGciOiJIUzI1NiIsInR5cCI6IkpXVCJ9.eyJpZCI6NCwicm9sZSI6IkZvcm1hdGV1ciIsImVtYWlsIjoiamVhbi5wYXVsQHR1dG9yZS5sb2NhbCIsImlhdCI6MTc4ODcyMDQxNywiZXhwIjoxNzg4ODA2ODE3fQ.izOOLcLLlC3IbePZ1UJ7J7Fke1nW07rJ1CBcsOh4ruU [32m200[0m 1678.948 ms - 1155220[0m
[07/09/2026 10:59:06] GET /api/test-db
[0mGET /api/test-db [36m304[0m 1155.939 ms - -[0m
[07/09/2026 10:59:14] OPTIONS /api/notifications/count-unread
[07/09/2026 10:59:14] GET /api/notifications/count-unread
[0mGET /api/notifications/count-unread [36m304[0m 483.257 ms - -[0m
[07/09/2026 11:00:14] OPTIONS /api/notifications/count-unread
[07/09/2026 11:00:14] GET /api/notifications/count-unread
[0mGET /api/notifications/count-unread [36m304[0m 2846.160 ms - -[0m
[07/09/2026 11:01:14] OPTIONS /api/notifications/count-unread
[07/09/2026 11:01:14] GET /api/notifications/count-unread
[0mGET /api/notifications/count-unread [36m304[0m 517.046 ms - -[0m
[07/09/2026 11:02:14] OPTIONS /api/notifications/count-unread
[07/09/2026 11:02:14] GET /api/notifications/count-unread
[0mGET /api/notifications/count-unread [36m304[0m 435.876 ms - -[0m
[07/09/2026 11:03:14] OPTIONS /api/notifications/count-unread
[07/09/2026 11:03:14] GET /api/notifications/count-unread
Error: connect ECONNREFUSED 127.0.0.1:1428
    at NotificationRepository.countUnreadByUserId (file:///D:/E-LearnigLocal/backend/src/repositories/notification.repository.js:118:31)
    at NotificationService.countUnreadNotifications (file:///D:/E-LearnigLocal/backend/src/services/notification.service.js:113:41)
    at countUnread (file:///D:/E-LearnigLocal/backend/src/controllers/notification.controller.js:152:47)
    at Layer.handle [as handle_request] (D:\E-LearnigLocal\backend\node_modules\express\lib\router\layer.js:95:5)
    at next (D:\E-LearnigLocal\backend\node_modules\express\lib\router\route.js:149:13)
    at authMiddleware (file:///D:/E-LearnigLocal/backend/src/middlewares/auth.middleware.js:36:5)
    at Layer.handle [as handle_request] (D:\E-LearnigLocal\backend\node_modules\express\lib\router\layer.js:95:5)
    at next (D:\E-LearnigLocal\backend\node_modules\express\lib\router\route.js:149:13)
    at Route.dispatch (D:\E-LearnigLocal\backend\node_modules\express\lib\router\route.js:119:3)
    at Layer.handle [as handle_request] (D:\E-LearnigLocal\backend\node_modules\express\lib\router\layer.js:95:5) {
  errno: -4078,
  code: 'ECONNREFUSED',
  syscall: 'connect',
  address: '127.0.0.1',
  port: 1428,
  fatal: true
}
[0mGET /api/notifications/count-unread [31m500[0m 1.676 ms - 76[0m
[07/09/2026 11:03:32] GET /api/test-db
Erreur test-db: Error: connect ECONNREFUSED 127.0.0.1:1428
    at TCPConnectWrap.afterConnect [as oncomplete] (node:net:1706:16) {
  errno: -4078,
  code: 'ECONNREFUSED',
  syscall: 'connect',
  address: '127.0.0.1',
  port: 1428,
  fatal: true
}
[0mGET /api/test-db [31m500[0m 3.863 ms - 80[0m
[07/09/2026 11:03:35] GET /api/test-db
Erreur test-db: Error: connect ECONNREFUSED 127.0.0.1:1428
    at TCPConnectWrap.afterConnect [as oncomplete] (node:net:1706:16) {
  errno: -4078,
  code: 'ECONNREFUSED',
  syscall: 'connect',
  address: '127.0.0.1',
  port: 1428,
  fatal: true
}
[0mGET /api/test-db [31m500[0m 1.506 ms - 80[0m
